"filename","n_individuals","mean_date","mean_individual_sd","mean_date_to_sd_ratio","median_date_to_sd_ratio","upperquartile_date_to_sd_ratio","max_date_to_sd_ratio","sd_of_ratios","cv_using_individual_sds"
"GT_spanishjapanese_001from20gen_006from50gen_013from75gen_sim_1285.txt",20,60.6557396520836,36.8879958535451,1.83513289522494,1.66626273932328,2.29335221235857,3.3363868116988,0.613200430072918,0.60815342563015
"GT_spanishjapanese_001from20gen_007from50gen_007from75gen_sim_1387.txt",15,59.4570157616335,33.6729846718142,1.89985780084872,1.82447756301053,2.35442241488532,2.83529511394042,0.587243129994101,0.566341654394683
"GT_spanishjapanese_001from20gen_009from75gen_006from50gen_sim_1199.txt",16,70.3901235071019,46.2178877204004,1.61853380255697,1.46905886198031,2.05600158847081,2.68556008047573,0.542731085313217,0.656596201535821
"GT_spanishjapanese_001from20gen_014from50gen_sim_843.txt",15,49.4450621082846,24.0805816684705,2.11243539896378,2.32791322084426,2.47222799598237,3.03783074031291,0.551328449338084,0.48701691618334
"GT_spanishjapanese_001from75gen_010from50gen_010from20gen_sim_1065.txt",21,40.5769114808923,20.9010646634006,1.86170016562398,1.91317692846446,2.28108078572176,2.95359751202271,0.560749986323722,0.51509747540157
"GT_spanishjapanese_001from75gen_014from50gen_009from20gen_sim_1496.txt",24,40.8111017544661,22.0381529414221,1.83357523776512,1.84281956250274,2.21004356271421,3.31107056785407,0.748078349392391,0.540003871348815
"GT_spanishjapanese_002from20gen_012from75gen_012from50gen_sim_1198.txt",26,60.6091759994152,33.5640027443554,1.95101683668993,1.92634985345644,2.40667564063555,3.35507463641524,0.623509010491991,0.553777578904541
"GT_spanishjapanese_002from20gen_016from75gen_004from50gen_sim_1253.txt",22,74.2449858067409,40.1200886373737,1.95111626001282,1.99178979735783,2.28951386788994,3.0747606735597,0.533391249071594,0.540374386248871
"GT_spanishjapanese_002from20gen_021from75gen_sim_966.txt",23,80.0407712119562,43.6190659918843,1.93888114129653,1.95387130535508,2.24997303045176,3.39516585634488,0.546019741031365,0.544960591101459
"GT_spanishjapanese_002from20gen_027from75gen_023from50gen_sim_1243.txt",52,60.0866551233106,35.1786942582903,1.94488541029644,1.99171301668697,2.28311708876201,3.57285203953634,0.647498726537598,0.58546601048263
"GT_spanishjapanese_002from50gen_007from75gen_019from20gen_sim_1054.txt",28,37.2051951207614,26.5420944186084,1.46951492614114,1.55051287140242,1.76900939281093,2.37928090928165,0.497691323662035,0.713397533125618
"GT_spanishjapanese_002from50gen_013from20gen_sim_846.txt",15,28.1392179378647,16.21364418038,1.72407182691331,1.4950269094146,2.18484352783441,2.924614438336,0.605009446355655,0.576193845052196
"GT_spanishjapanese_002from50gen_013from75gen_sim_915.txt",15,80.3342128339794,43.772409517544,1.9808244954824,1.71918821329923,2.25435794299718,3.49666429212218,0.679816826393561,0.544878800368719
"GT_spanishjapanese_002from50gen_020from20gen_024from75gen_sim_1446.txt",46,52.5604390061078,32.4638693867086,1.69004304091881,1.74577298266438,2.0357818082089,3.16378885461427,0.564146652463799,0.617648368251568
"GT_spanishjapanese_002from50gen_021from20gen_sim_631.txt",23,23.5059736162609,14.8019059968938,1.72486726150653,1.63052538787176,1.97853506894003,3.51315397882442,0.593862639814842,0.629708270694822
"GT_spanishjapanese_002from50gen_027from75gen_sim_581.txt",29,71.092571376796,45.6263721690257,1.74054600373799,1.67664448810562,2.30686575413455,2.74769486687513,0.542128078317112,0.64178818244177
"GT_spanishjapanese_002from75gen_005from50gen_014from20gen_sim_1092.txt",21,35.2770651669078,19.300955028581,1.81282590934591,1.65554901721717,2.10378150890496,3.38842985453862,0.628201333505638,0.547124737765504
"GT_spanishjapanese_002from75gen_013from50gen_020from20gen_sim_1319.txt",35,35.3537596901563,20.2077680298138,1.91846683102756,1.86693107649376,2.15115484787656,4.22218161781348,0.748643038064431,0.571587525822334
"GT_spanishjapanese_002from75gen_014from20gen_sim_765.txt",16,34.6102237581362,20.9976078176918,1.60192815585518,1.43696000139754,1.78278991483968,2.78766341929524,0.553866939383092,0.606688011161894
"GT_spanishjapanese_002from75gen_022from20gen_sim_747.txt",24,27.7638070135834,16.5221288160704,1.69869732600382,1.69570214316923,2.00539198000748,2.55451707766914,0.490167299949616,0.595095939400058
"GT_spanishjapanese_002from75gen_029from50gen_014from20gen_sim_1201.txt",45,44.4020946222183,22.7570924114613,1.99162185054017,1.8049752811544,2.22645352849203,3.50712655826249,0.66163189976078,0.512522947511444
"GT_spanishjapanese_003from20gen_004from50gen_016from75gen_sim_1355.txt",23,63.3238222911302,37.4565190351906,1.80890695091584,1.80837314800204,2.19949970654723,2.47364061124026,0.482371313298298,0.591507550870586
"GT_spanishjapanese_003from20gen_004from75gen_010from50gen_sim_1008.txt",17,51.086341683245,29.426380339952,1.88627419382903,1.96574348478275,2.05265257792103,2.93516358370552,0.537354088880084,0.576012675215753
"GT_spanishjapanese_003from20gen_012from75gen_005from50gen_sim_1104.txt",20,68.0538279035161,42.0515310876876,1.82400086410318,1.9475145719187,2.31204320823852,3.04437192816865,0.598312798573546,0.617915734987112
"GT_spanishjapanese_003from20gen_021from75gen_004from50gen_sim_1011.txt",28,69.9714928791004,44.5838182212528,1.67203813665542,1.70526201590156,2.07478861024597,2.70597645357651,0.568474648621144,0.63717117338466
"GT_spanishjapanese_003from20gen_028from75gen_025from50gen_sim_1037.txt",56,58.7346095878048,33.653051174615,1.97215120989101,1.92125967787892,2.36922663155427,3.57285203953634,0.680044235357768,0.572967989585521
"GT_spanishjapanese_003from20gen_030from50gen_023from75gen_sim_1232.txt",56,59.314899320583,32.4072426161297,1.9905323771275,1.8964748213234,2.47361123505969,3.39215436096654,0.610557776382166,0.546359228243417
"GT_spanishjapanese_003from20gen_033from50gen_sim_803.txt",36,47.1865817993874,24.6410621414987,2.03029597155963,1.91279484200937,2.35667595577134,3.50792332882673,0.634152422145073,0.522204855741821
"GT_spanishjapanese_003from50gen_010from20gen_003from75gen_sim_1158.txt",16,37.5749257299024,21.4100377613817,1.7962379631953,1.57850854558724,1.78597365246435,4.94594293362834,0.950319385007682,0.569795877050621
"GT_spanishjapanese_003from75gen_005from20gen_016from50gen_sim_1277.txt",24,50.1831770579525,27.1747914167693,1.92738708686693,1.88066702182419,2.26734861985639,3.25536768361862,0.598382477636728,0.541511976919822
"GT_spanishjapanese_003from75gen_008from20gen_013from50gen_sim_1312.txt",24,45.5384724097335,23.2351168043992,2.02268892969467,1.89997193142791,2.32087892217489,3.38842985453862,0.619846146004569,0.510230483696086
"GT_spanishjapanese_003from75gen_016from50gen_020from20gen_sim_1023.txt",39,37.2318899184949,22.8549024237366,1.66075427574198,1.5848984927239,2.02129160087944,3.38649949602533,0.56465768055165,0.613852868435331
"GT_spanishjapanese_003from75gen_018from50gen_033from20gen_sim_1474.txt",54,31.9332460829409,19.0087391523085,1.70052809976526,1.59559363034855,2.08035553520939,3.39215436096654,0.555382861823775,0.595264856661824
"GT_spanishjapanese_003from75gen_025from20gen_005from50gen_sim_1081.txt",33,30.0770402852037,18.9624712530348,1.64155454377839,1.4979510714023,2.04009137925944,2.92030704795649,0.50796801955948,0.630463339252279
"GT_spanishjapanese_004from20gen_005from75gen_006from50gen_sim_1376.txt",15,54.6234134309953,27.4489673787018,2.08641107932327,2.25433648218332,2.45535166678357,3.58164265397029,0.680169453839951,0.502512854004952
"GT_spanishjapanese_004from20gen_013from50gen_051from75gen_sim_1479.txt",68,69.5931096650216,41.2377102431577,1.90301446831134,1.82998364570024,2.31111521829798,3.45845923446706,0.667419515746727,0.59255449916882
"GT_spanishjapanese_004from20gen_014from50gen_sim_810.txt",18,43.086909543599,22.9510311199956,1.93485666237792,1.92459001781642,2.25965367859902,3.57285203953634,0.636172142894435,0.532668306061074
"GT_spanishjapanese_004from20gen_018from75gen_029from50gen_sim_1403.txt",51,57.8216174208817,33.1633043642375,1.92508893923257,1.82447756301053,2.10229777293212,3.49974972920927,0.658009194072444,0.57354508302393
"GT_spanishjapanese_004from20gen_019from75gen_sim_729.txt",23,70.3764864110432,39.0874860572441,1.89541420789979,1.90333487063711,2.2417048984758,3.39516585634488,0.587846534240434,0.55540547774648
"GT_spanishjapanese_004from20gen_020from75gen_037from50gen_sim_1061.txt",61,58.09120423165,31.7466761654836,1.9485135624177,1.90575372651177,2.20287001245196,3.38842985453862,0.5908345222812,0.546497126120636
"GT_spanishjapanese_004from20gen_026from75gen_019from50gen_sim_1283.txt",49,66.117769988884,34.9783395051377,2.00487935975473,1.93487345485232,2.35589689434399,3.39215436096654,0.568777787149513,0.529030841648447
"GT_spanishjapanese_004from20gen_039from50gen_029from75gen_sim_1089.txt",72,60.970349356748,32.9629206903771,2.04481732429856,2.06041997450788,2.35616815561144,4.94594293362834,0.664076564096418,0.540638540506064
"GT_spanishjapanese_004from20gen_050from50gen_sim_980.txt",54,49.3861007707038,24.2156478517684,2.09651774679521,2.03462617995737,2.44695247708855,3.49974972920927,0.574774141277284,0.490333261259073
"GT_spanishjapanese_004from20gen_052from50gen_sim_886.txt",56,49.5738593409488,24.2874065820403,2.12963773330673,1.97096258880783,2.33393424361553,4.94594293362834,0.739321133546695,0.489923659463376
"GT_spanishjapanese_004from20gen_052from75gen_sim_573.txt",56,72.0111885659704,42.0463060244164,1.78125249382799,1.79402025435862,2.16843943818625,2.70327914228673,0.503156931358259,0.583885738615427
"GT_spanishjapanese_004from20gen_055from50gen_sim_593.txt",59,49.7829186640028,26.095754793584,1.98845028557247,1.91340044741578,2.21876704559113,3.58164265397029,0.604980795212132,0.524190937251203
"GT_spanishjapanese_004from50gen_011from75gen_007from20gen_sim_1386.txt",22,57.1103611269872,33.6659524217595,1.78598691902879,1.71140232997613,2.10633920704424,2.60229476591582,0.433937163698159,0.589489398375575
"GT_spanishjapanese_004from50gen_014from75gen_sim_746.txt",18,76.5136941609546,45.2355099866691,1.89503365919824,2.01808520565315,2.23098388185666,2.91308842997377,0.594557232195551,0.591208024690474
"GT_spanishjapanese_004from50gen_017from20gen_sim_751.txt",21,26.2123247370096,15.711026260453,1.69555282586442,1.70842196443863,2.15192243025251,2.51541101335062,0.463103102367746,0.599375538723978
"GT_spanishjapanese_004from50gen_020from20gen_sim_754.txt",24,23.8277718505605,15.8251377341088,1.51803980167357,1.57297015063443,1.70580658395944,2.93782378210181,0.537814408187376,0.664146770976259
"GT_spanishjapanese_004from50gen_059from20gen_sim_794.txt",63,24.2602780955928,15.2400234093209,1.59575571583005,1.5263021707897,1.84556826550332,2.66329954170939,0.40744343729974,0.628188322873735
"GT_spanishjapanese_004from75gen_004from20gen_007from50gen_sim_1074.txt",15,53.3589721691365,28.3463816144277,1.99580072469114,2.0343046688146,2.32728669357553,2.73200268984031,0.488655288343665,0.531239273586001
"GT_spanishjapanese_004from75gen_010from50gen_057from20gen_sim_1140.txt",71,29.020736051479,17.7072794803463,1.67096671182232,1.60189825783879,1.93227750601882,3.51315397882442,0.550078834419827,0.61015955794284
"GT_spanishjapanese_004from75gen_017from50gen_sim_976.txt",21,53.7170939484353,28.4846535601348,2.12304309307939,1.97635483619337,2.66329954170939,3.57285203953634,0.739367664797737,0.530271678275784
"GT_spanishjapanese_004from75gen_020from20gen_054from50gen_sim_1246.txt",78,46.1452522732612,25.6535756044908,1.8547447031814,1.75653960977393,2.20625664115497,3.23928569860486,0.596948146965611,0.555930986194991
"GT_spanishjapanese_004from75gen_020from20gen_sim_953.txt",24,29.6683876313564,21.4509211923021,1.57071876844768,1.64358384095787,1.80157678758685,2.17757292743287,0.397417063259075,0.72302281670443
"GT_spanishjapanese_004from75gen_038from20gen_035from50gen_sim_1477.txt",77,38.1084061927527,21.8520170907027,1.77886234673823,1.70842196443863,2.0745468282719,3.38842985453862,0.564456326332112,0.573417239760041
"GT_spanishjapanese_004from75gen_058from20gen_sim_808.txt",62,25.0632461162674,16.7900668990841,1.48489227354303,1.53997886262211,1.81436531553311,2.50259997648457,0.481101370996557,0.669907913013168
"GT_spanishjapanese_005from20gen_009from75gen_001from50gen_sim_1020.txt",15,59.1198543066641,36.6657294949932,1.80016765817812,1.68372154504346,2.3173894874894,2.70597645357651,0.632544541014915,0.620193163954738
"GT_spanishjapanese_005from20gen_010from50gen_sim_648.txt",15,45.7293977368307,23.2661922101203,2.06173571149791,1.91340044741578,2.3533608681731,3.17622300996894,0.576861932217063,0.508779764474824
"GT_spanishjapanese_005from20gen_010from75gen_013from50gen_sim_1231.txt",28,54.0763877870623,30.173683259128,1.8865776945052,1.94051505215713,2.19774025867881,2.87713936964751,0.539323406060377,0.557982596358756
"GT_spanishjapanese_005from20gen_018from75gen_013from50gen_sim_1176.txt",36,61.3590163853559,33.9596721507634,1.86446625901178,1.76577637482586,2.21927941163314,3.1400023843157,0.541804272380664,0.553458548577194
"GT_spanishjapanese_005from20gen_023from75gen_023from50gen_sim_1480.txt",51,60.5763634989452,31.8629239192143,2.04000188928426,2.00249182249945,2.4553454468567,3.50712655826249,0.671399609356846,0.525995983891789
"GT_spanishjapanese_005from20gen_035from75gen_sim_936.txt",40,72.1830530975738,43.7316930561907,1.79179156746408,1.64683121821684,2.09257629749452,3.39516585634488,0.62672890910554,0.605844324665461
"GT_spanishjapanese_005from20gen_038from50gen_sim_510.txt",43,50.0597733441435,23.3466659306438,2.1913896207454,2.15193806851976,2.43477841959136,3.43914004377969,0.568547111339594,0.46637578181075
"GT_spanishjapanese_005from20gen_050from50gen_sim_522.txt",55,50.7145818309863,24.7961880655278,2.14335271280421,2.07985353278518,2.5307190773919,3.57285203953634,0.591257902848427,0.488936064742971
"GT_spanishjapanese_005from20gen_065from50gen_sim_801.txt",70,47.4392377940809,23.9620372241006,2.07841818314385,2.08215872302116,2.46302223935168,3.57285203953634,0.548339785549374,0.505110080564792
"GT_spanishjapanese_005from20gen_065from75gen_007from50gen_sim_1306.txt",77,72.4502427746622,41.8869990589023,1.81081345189959,1.8049752811544,2.19265420011993,3.35507463641524,0.515784991419817,0.578148498262193
"GT_spanishjapanese_005from50gen_002from20gen_013from75gen_sim_1347.txt",20,72.0673107538217,46.2101459946377,1.77804278440617,1.78514357156128,2.0793520584889,2.99557586349322,0.538823357538711,0.6412081359951
"GT_spanishjapanese_005from50gen_017from20gen_006from75gen_sim_1181.txt",28,38.3713882936774,22.4003905203418,1.71665354211431,1.64087162328251,2.1543940675741,2.85541441846783,0.579144433803658,0.583778474442968
"GT_spanishjapanese_005from50gen_017from75gen_057from20gen_sim_1245.txt",79,38.5510894481021,22.7244977341574,1.67978830324949,1.63339140903785,1.98421950273674,2.99372986940711,0.535720663455184,0.58946447582887
"GT_spanishjapanese_005from50gen_018from20gen_sim_773.txt",23,27.5991532331482,16.7346678556282,1.66257580322327,1.74671325040474,1.98941779089394,2.87713936964751,0.547014384066423,0.606347148199056
"GT_spanishjapanese_005from50gen_022from75gen_sim_797.txt",27,79.6146383277833,45.7773278690908,1.81313997952428,1.78929862214439,2.07091408599967,2.71587791147131,0.462533008956879,0.574986319483358
"GT_spanishjapanese_005from50gen_025from20gen_030from75gen_sim_1360.txt",60,49.4568434029817,31.9445857677807,1.67360627761706,1.62051891381395,2.02447589088798,2.99557586349322,0.528276856034292,0.645908302466687
"GT_spanishjapanese_005from50gen_053from20gen_010from75gen_sim_1356.txt",68,32.0089699496684,20.8637790638912,1.60121946239441,1.6001693458783,1.90496377243227,2.92030704795649,0.499073989556764,0.651810386172935
"GT_spanishjapanese_005from75gen_011from50gen_008from20gen_sim_1163.txt",24,51.0584447987613,25.9768754839286,1.94556707737649,1.75400787268811,2.30712992404321,3.15753762111808,0.611237627474472,0.50876746415431
"GT_spanishjapanese_005from75gen_014from20gen_sim_814.txt",19,42.1820237934482,30.6728157784654,1.4516200735133,1.45508754752361,1.63626548941348,2.17757292743287,0.37997015130544,0.727153726162129
"GT_spanishjapanese_005from75gen_015from50gen_011from20gen_sim_1055.txt",31,48.678351934553,23.5039136155009,2.08910392676777,2.05596832451453,2.41317093802,4.94594293362834,0.791351050557043,0.482841194934072
"GT_spanishjapanese_005from75gen_021from50gen_sim_663.txt",26,56.9279821070637,30.5676507753374,2.13554951483699,2.03956423564567,2.44773357162031,4.94594293362834,0.929056978329226,0.536952999982491
"GT_spanishjapanese_005from75gen_025from50gen_027from20gen_sim_1409.txt",57,39.4673552830221,21.4079480584122,1.87577342555524,1.97635483619337,2.22085007313944,3.58164265397029,0.594164234024709,0.542421652145043
"GT_spanishjapanese_005from75gen_061from50gen_012from20gen_sim_1432.txt",78,48.1331911199978,24.2227202005469,2.06080884153214,2.00848004454451,2.35989966866935,3.49974972920927,0.556447146329095,0.50324359629842
"GT_spanishjapanese_006from20gen_004from50gen_007from75gen_sim_1292.txt",17,53.1378618386963,29.3741908198929,1.91090484260651,1.6327478229194,2.3647986805061,3.39516585634488,0.797755636941571,0.552792111001009
"GT_spanishjapanese_006from20gen_006from50gen_013from75gen_sim_1078.txt",25,59.1183354488714,32.3770989498268,1.77960988618857,1.79883527560315,2.12473676832025,2.46013585838117,0.422982632097446,0.547665943298221
"GT_spanishjapanese_006from20gen_013from50gen_sim_911.txt",19,41.5032153443022,23.0351444851277,1.87534043361625,1.79123578932649,2.21357389641361,3.1400023843157,0.571624748961002,0.555020720540152
"GT_spanishjapanese_006from20gen_013from75gen_sim_745.txt",19,64.3592697496823,39.983933502845,1.65415972738518,1.70463927820216,1.90017128805024,2.77511137118506,0.547215434511211,0.621261453996568
"GT_spanishjapanese_006from20gen_038from75gen_023from50gen_sim_1311.txt",67,65.089304886128,36.3125508403873,1.91700760206714,1.85939258384246,2.22954882225088,3.50712655826249,0.562898943629784,0.557888133909482
"GT_spanishjapanese_006from20gen_045from75gen_sim_617.txt",51,68.7864255681855,39.6145426699184,1.75713633219196,1.82447756301053,2.07106633419353,2.8774037049091,0.503657188380049,0.575906399303304
"GT_spanishjapanese_006from20gen_046from75gen_022from50gen_sim_1265.txt",74,68.1920183025694,37.8643337004844,1.92543575852264,1.87696194982086,2.30443411828109,3.38649949602533,0.523613545928215,0.555260492987311
"GT_spanishjapanese_006from20gen_050from50gen_009from75gen_sim_1138.txt",65,50.5282419671652,28.1123867337764,1.9746916950993,1.87810675226956,2.24486340344241,3.57285203953634,0.601675354371177,0.556369777362227
"GT_spanishjapanese_006from20gen_083from75gen_sim_769.txt",89,77.7349742021838,44.974514655375,1.84455709240072,1.83296473425863,2.24958515172972,2.8774037049091,0.530149836437716,0.57856216094443
"GT_spanishjapanese_006from50gen_005from20gen_007from75gen_sim_1129.txt",18,50.3233824448852,31.0988359401403,1.87106905583569,1.60254685281541,2.17790115543003,3.50792332882673,0.760784888457078,0.617979842157871
"GT_spanishjapanese_006from50gen_008from75gen_006from20gen_sim_1273.txt",20,51.5289505277886,26.6044193449942,2.01969921422022,2.05536104349718,2.30167251742147,3.39215436096654,0.625515000343378,0.516300430583132
"GT_spanishjapanese_006from50gen_010from20gen_004from75gen_sim_1041.txt",20,40.2228387817447,22.4024484856424,1.831786946052,1.73212768199106,2.1563099317407,2.65160137302969,0.457982420906211,0.556958413780826
"GT_spanishjapanese_006from50gen_010from75gen_035from20gen_sim_1362.txt",51,33.4686915850526,21.2965413253144,1.61976432583488,1.5699319353832,1.82131358501176,3.39516585634488,0.496035648408197,0.636312335998984
"GT_spanishjapanese_006from50gen_018from20gen_008from75gen_sim_1133.txt",32,37.070888844297,26.4319116433966,1.52561374842854,1.46892486073907,1.6675393938209,3.49974972920927,0.566863622850289,0.713009924159478
"GT_spanishjapanese_006from50gen_033from20gen_sim_870.txt",39,28.0313128708839,17.6709582237881,1.60878645742628,1.56585940513615,1.81111967773915,3.45845923446706,0.557268927585769,0.630400663186308
"GT_spanishjapanese_006from50gen_048from75gen_sim_981.txt",54,73.5075011276482,44.9881957729938,1.80606714253745,1.84758554770067,2.20204373174335,3.50792332882673,0.602904274730612,0.612021835633759
"GT_spanishjapanese_006from50gen_071from20gen_sim_687.txt",77,24.2594468160896,15.4286924214967,1.62503540233814,1.58195890443919,1.91317692846446,3.57285203953634,0.567631663206831,0.635986984306004
"GT_spanishjapanese_006from75gen_012from20gen_016from50gen_sim_1485.txt",34,46.6109633914095,25.3092496059069,1.97127124846172,1.78212460199363,2.43264968357212,4.94594293362834,0.878070860116439,0.542989197485058
"GT_spanishjapanese_006from75gen_014from50gen_057from20gen_sim_1383.txt",77,31.6730975734794,19.5905061134933,1.63096133921192,1.6391395697891,1.92647178888044,3.31202315874929,0.579293128140396,0.618521951256732
"GT_spanishjapanese_006from75gen_021from20gen_sim_941.txt",27,34.8911750178689,20.3525355521425,1.65785538631348,1.68767876972426,2.03506884025537,2.34963013746548,0.462136912729973,0.583314707564861
"GT_spanishjapanese_006from75gen_021from50gen_002from20gen_sim_1262.txt",29,55.3924435006871,27.0812265844022,2.17511244126064,2.19177532381349,2.52459714838318,3.30274564617087,0.514953367463965,0.488897489854663
"GT_spanishjapanese_006from75gen_027from20gen_sim_756.txt",33,32.6301945072148,18.737388344912,1.70759125758133,1.64177379031412,2.01619140413821,3.51315397882442,0.636870275782495,0.574234650693516
"GT_spanishjapanese_006from75gen_033from50gen_sim_677.txt",39,59.4534150204141,29.3609371729564,2.18762173259803,2.06893512912576,2.44659147721912,4.94594293362834,0.710508634534762,0.493847782551682
"GT_spanishjapanese_006from75gen_038from50gen_041from20gen_sim_1169.txt",85,39.9429133115523,21.1951474182877,1.88067817708373,1.80368260423746,2.13614892859548,4.94594293362834,0.683197864204281,0.530635991745692
"GT_spanishjapanese_006from75gen_043from20gen_sim_766.txt",49,29.2264394764391,18.6334682747759,1.52891232221542,1.5444487969504,1.75813416471802,2.67180348994597,0.462351467791893,0.637555193467795
"GT_spanishjapanese_006from75gen_071from20gen_sim_835.txt",77,27.3919760398748,17.6181725134297,1.59364081593282,1.58537328823104,1.8736229134065,2.92030704795649,0.463922758358476,0.643187351207621
"GT_spanishjapanese_007from20gen_005from75gen_027from50gen_sim_1308.txt",39,48.6685771792567,25.9899380457103,1.91448554598286,1.87141036857812,2.05294028753702,3.49974972920927,0.555633421035958,0.534018858821039
"GT_spanishjapanese_007from20gen_006from75gen_016from50gen_sim_1124.txt",29,49.2710206572723,27.9956393442927,1.90830675230798,1.89705295099111,2.1629748167126,3.1400023843157,0.612318342303267,0.568196862391577
"GT_spanishjapanese_007from20gen_012from75gen_sim_767.txt",19,54.2523173571696,32.7958651695699,1.71856306391984,1.57437360020865,2.1077690597145,2.55451707766914,0.51072341706133,0.604506254611369
"GT_spanishjapanese_007from20gen_016from75gen_014from50gen_sim_1415.txt",37,56.1768729150791,30.6865884575091,1.95667208834223,1.95387130535508,2.29004842941447,4.22218161781348,0.674161233639113,0.546249494946026
"GT_spanishjapanese_007from20gen_032from50gen_008from75gen_sim_1295.txt",47,52.2655334724509,27.017072167435,2.0225912857259,1.91317692846446,2.34944283729053,3.57285203953634,0.662248583003681,0.516919475846844
"GT_spanishjapanese_007from20gen_040from50gen_sim_723.txt",47,47.4767816153772,23.0361070958869,2.10414067236847,2.05265257792103,2.52730913878236,3.43914004377969,0.613330619970243,0.485207849228469
"GT_spanishjapanese_007from20gen_043from75gen_sim_610.txt",50,69.2588437967938,40.453063974012,1.82680322369748,1.8486438195995,2.26855405921066,2.8774037049091,0.521181510115532,0.584085176078044
"GT_spanishjapanese_007from20gen_083from50gen_sim_544.txt",90,49.4530993852347,25.4902647263383,2.02679493753809,1.98033018005625,2.34857155238155,3.50712655826249,0.589958842425674,0.515443218791439
"GT_spanishjapanese_007from50gen_003from75gen_032from20gen_sim_1452.txt",42,30.1299558550958,18.4946974692595,1.59563302771656,1.61776217247824,1.89768574049886,2.77293480174568,0.500844131640593,0.613830885056924
"GT_spanishjapanese_007from50gen_004from20gen_011from75gen_sim_1488.txt",22,59.5234470218468,34.3582317700428,1.85944995155387,1.74442771837421,2.05473276264014,3.39215436096654,0.749073805275121,0.577221809036568
"GT_spanishjapanese_007from50gen_008from20gen_sim_671.txt",15,30.4861828152235,16.6563386547705,1.8230625868948,1.73276423657292,2.21946695787809,2.85541441846783,0.565240367307863,0.546356976067633
"GT_spanishjapanese_007from50gen_009from75gen_008from20gen_sim_1367.txt",24,55.2381677701014,34.5996810584172,1.67996094138166,1.60075824085772,2.1837433004619,2.56915845779641,0.51563713827207,0.626372713925259
"GT_spanishjapanese_007from50gen_013from75gen_019from20gen_sim_1234.txt",39,49.7422041740211,27.8620696507142,1.83365099219245,1.80368260423746,2.16899653240424,3.29301972344296,0.577810340415875,0.5601293733032
"GT_spanishjapanese_007from50gen_015from20gen_013from75gen_sim_1048.txt",35,51.3814374278564,27.9499861117553,1.90412339538599,1.97635483619337,2.26507174196897,3.49666429212218,0.604791420854794,0.543970498120051
"GT_spanishjapanese_007from50gen_019from20gen_sim_709.txt",26,25.3575388532484,17.1042890584184,1.53647074629289,1.48246244607687,1.83659932819817,2.55451707766914,0.501443566927875,0.674524809265046
"GT_spanishjapanese_007from50gen_022from75gen_sim_854.txt",29,80.5282156594865,46.133017259884,1.90419023845754,1.98788845406667,2.3092293479033,3.43160904286503,0.63273456442024,0.572880162339092
"GT_spanishjapanese_007from50gen_027from75gen_008from20gen_sim_1154.txt",42,62.4756676912701,37.2690458339403,1.79039800994496,1.7220360605302,2.17425462925838,3.39215436096654,0.60495037321929,0.596536975292671
"GT_spanishjapanese_007from50gen_028from75gen_sim_744.txt",35,72.56805457638,41.9158117764048,1.87471553793688,1.82366472579249,2.16866767761203,3.15753762111808,0.534891933086287,0.577606937668243
"GT_spanishjapanese_007from50gen_035from75gen_008from20gen_sim_1380.txt",50,63.8161439249232,37.1968868599313,1.81406919771595,1.71476782969812,2.19937953772794,3.43160904286503,0.614002907871259,0.582875814365903
"GT_spanishjapanese_007from75gen_014from50gen_sim_735.txt",21,61.6145070409842,35.046049733219,1.94132964642233,1.89960719961079,2.13913215863408,3.17622300996894,0.599298754810121,0.568795425238206
"GT_spanishjapanese_007from75gen_015from50gen_sim_696.txt",22,61.9084036005672,29.4514803834163,2.18338857309376,2.16183515630285,2.40954823022039,3.39215436096654,0.456793824360471,0.475726697354969
"GT_spanishjapanese_007from75gen_024from50gen_sim_781.txt",31,59.9849977248656,31.0319450603402,2.13388864488798,1.82121728103358,2.42035490656105,4.22218161781348,0.73294891726109,0.517328436064548
"GT_spanishjapanese_007from75gen_033from20gen_sim_719.txt",40,30.5342363332609,20.2151765563304,1.49229686058686,1.4136423172908,1.84215348062365,2.57126813168516,0.423167141738938,0.662049521582763
"GT_spanishjapanese_007from75gen_048from20gen_sim_738.txt",55,27.0489929142251,18.191898802063,1.50043008528877,1.45216658827991,1.69028974349764,3.51315397882442,0.566060927348957,0.672553645888081
"GT_spanishjapanese_007from75gen_049from20gen_sim_598.txt",56,30.2787922704434,19.8209007192252,1.47255454601817,1.50743793299286,1.74651252425899,2.31501901240144,0.426451549760819,0.654613319520455
"GT_spanishjapanese_007from75gen_050from20gen_006from50gen_sim_1040.txt",63,30.6059991273741,18.3417871365593,1.70230225366384,1.62987442667825,2.08636951171218,3.50792332882673,0.561208822434805,0.599287318156993
"GT_spanishjapanese_008from20gen_004from50gen_004from75gen_sim_1489.txt",16,46.2950060033418,25.3944590328605,1.71657653916411,1.73821667659175,2.06651557415202,2.75836103063319,0.629915543503282,0.54853560297686
"GT_spanishjapanese_008from20gen_008from75gen_sim_710.txt",16,45.0165334403798,30.6772846037158,1.55247451292091,1.46726546619536,1.8690380735114,2.66785270222031,0.543134106928751,0.681467057972045
"GT_spanishjapanese_008from20gen_009from50gen_007from75gen_sim_1279.txt",24,49.7799406808772,26.5169615422598,2.05673944843547,1.96008673286064,2.44802808389781,4.22218161781348,0.691386356924478,0.532683670963999
"GT_spanishjapanese_008from20gen_010from75gen_sim_853.txt",18,54.4135088153057,34.7316855220985,1.58876293939966,1.48470744916748,1.93183959059595,2.55597235305477,0.495081159676772,0.638291598507042
"GT_spanishjapanese_008from20gen_015from75gen_sim_741.txt",23,63.1574687763125,36.3476664239463,1.87067163651733,1.80148443575976,2.08917700049342,3.51315397882442,0.703329336845076,0.575508599824992
"GT_spanishjapanese_008from20gen_017from75gen_sim_875.txt",25,58.6420406394616,35.9726945706721,1.67188907630437,1.66532300772813,2.0736860511183,2.50259997648457,0.497141295593808,0.61342842401813
"GT_spanishjapanese_008from20gen_021from75gen_016from50gen_sim_1325.txt",45,57.581038329766,32.253156120365,1.85968015726426,1.8152079273976,2.20645627031892,3.31202315874929,0.528884633496607,0.560135021109754
"GT_spanishjapanese_008from20gen_025from75gen_070from50gen_sim_1486.txt",103,55.0015894231806,29.8805031560267,1.99201039092402,1.89705295099111,2.34244758012902,3.58164265397029,0.695173718158963,0.543266175930425
"GT_spanishjapanese_008from20gen_026from50gen_sim_955.txt",34,42.9767406735751,22.5617082639036,1.9317216647933,1.90639206403763,2.20126803552472,3.38649949602533,0.61995913992179,0.524974856405898
"GT_spanishjapanese_008from20gen_041from75gen_sim_951.txt",49,70.8076669583452,43.1188586633929,1.77331936462247,1.92860197407458,2.16896931972032,2.86490450025698,0.538571876715436,0.608957483216597
"GT_spanishjapanese_008from20gen_043from50gen_015from75gen_sim_1017.txt",66,54.73781680589,29.4875012948163,1.99237493356584,1.94487764180457,2.33074832870465,3.58164265397029,0.661759688710277,0.538704373237687
"GT_spanishjapanese_008from20gen_055from75gen_sim_672.txt",63,70.735223645067,42.095088496689,1.75636795140182,1.68375059275365,2.05665614615025,3.3363868116988,0.504094177717964,0.595107873100288
"GT_spanishjapanese_008from20gen_062from75gen_sim_787.txt",70,70.0779955999154,45.2465811325174,1.67820395138587,1.66392999487385,2.06283314355099,2.86490450025698,0.538995575892014,0.645660320977732
"GT_spanishjapanese_008from20gen_065from75gen_sim_822.txt",73,70.9201313829423,40.8992033250304,1.78186285259397,1.78035651973824,2.18880611601663,2.86490450025698,0.506948794685038,0.576693845985563
"GT_spanishjapanese_008from50gen_008from20gen_005from75gen_sim_1172.txt",21,50.5822271247903,26.1299335611257,1.97138550888224,1.98048907329132,2.32791322084426,3.23928569860486,0.513795468593743,0.516583295090212
"GT_spanishjapanese_008from50gen_008from20gen_046from75gen_sim_1053.txt",62,65.7557831198737,38.8910029990543,1.77725926786651,1.78405921825762,2.07067620249447,3.39516585634488,0.527053114813593,0.5914461231213
"GT_spanishjapanese_008from50gen_008from75gen_010from20gen_sim_1499.txt",26,49.3157037127059,24.4708477209911,2.07258584379267,1.9449183840658,2.42830230686624,3.57285203953634,0.751368600086384,0.496208020543491
"GT_spanishjapanese_008from50gen_009from20gen_030from75gen_sim_1193.txt",47,63.6797120559442,35.6137742302672,1.86675666430032,1.76506502905568,2.30777686894957,3.43914004377969,0.56005983747531,0.559264058841529
"GT_spanishjapanese_008from50gen_009from20gen_sim_681.txt",17,35.5319817678142,20.7134869111073,1.71513615474853,1.50748467192252,2.1153505734855,2.56915845779641,0.456517546898345,0.582953324879565
"GT_spanishjapanese_008from50gen_010from75gen_009from20gen_sim_1460.txt",27,48.1786113100125,32.2726277128435,1.58464917699924,1.56056701303782,1.82309370325544,2.99372986940711,0.475403308757378,0.669853838359524
"GT_spanishjapanese_008from50gen_029from75gen_021from20gen_sim_1095.txt",58,53.2157142033717,32.2203538035321,1.70526165054705,1.74529563427961,2.03838233867105,2.8774037049091,0.483402263178119,0.605466905515865
"GT_spanishjapanese_008from50gen_039from20gen_032from75gen_sim_1147.txt",79,48.3149747098962,28.9073059738978,1.69864491381861,1.63005872930902,1.99796964784156,3.49666429212218,0.590053712342749,0.598309450588967
"GT_spanishjapanese_008from50gen_041from20gen_sim_823.txt",49,27.3734957903235,17.2491359533519,1.6514446743394,1.64260367677592,2.0789633856105,3.51315397882442,0.55152270653229,0.630140048077068
"GT_spanishjapanese_008from50gen_050from75gen_sim_800.txt",58,73.5280807235592,42.5609240412733,1.85459961709215,1.88239038356675,2.19532916420958,3.49666429212218,0.577625271730661,0.578839045198093
"GT_spanishjapanese_008from50gen_056from75gen_sim_945.txt",64,75.7767204801805,49.0693858174088,1.73446994265601,1.70175351593111,2.14956789265607,3.35819527277686,0.643721928895691,0.647552249641669
"GT_spanishjapanese_008from75gen_005from20gen_004from50gen_sim_1006.txt",17,53.1525381583369,29.200099656601,1.89618319267215,1.68767876972426,2.03981335814948,4.94594293362834,0.887781526043949,0.549364163374783
"GT_spanishjapanese_008from75gen_005from20gen_006from50gen_sim_1359.txt",19,52.7447982213545,30.97249374087,1.71574848742313,1.69298746501732,1.95541359374591,2.7959334912223,0.531224936978684,0.587214185764585
"GT_spanishjapanese_008from75gen_007from20gen_sim_758.txt",15,50.2735540870325,28.8737880700634,1.62199066561624,1.44165667002765,1.88984042309201,2.70258675745448,0.534846616974031,0.574333535681161
"GT_spanishjapanese_008from75gen_009from20gen_sim_760.txt",17,46.9190991281834,29.2475373863001,1.72243838310413,1.64260367677592,2.04949628880328,2.70327914228673,0.519250549970506,0.623361017789271
"GT_spanishjapanese_008from75gen_010from50gen_001from20gen_sim_1358.txt",19,62.162035201551,33.1757511821491,2.09472387178059,2.06893512912576,2.26519790085281,4.22218161781348,0.665644350495307,0.533697956873223
"GT_spanishjapanese_008from75gen_020from20gen_sim_566.txt",28,35.9940154884503,21.8071677699804,1.56328032934233,1.48108092647786,1.71506884269755,2.5542651371331,0.454108263709935,0.605855375513129
"GT_spanishjapanese_008from75gen_050from20gen_010from50gen_sim_1441.txt",68,32.9880585264561,20.1765777619112,1.63343935642372,1.59440136800199,2.11260105572406,3.25536768361862,0.619569714106037,0.611632774500196
"GT_spanishjapanese_009from20gen_008from75gen_001from50gen_sim_1143.txt",18,47.9967636233822,30.6616412022864,1.77880177212031,1.84670289432591,2.10014116874284,2.7959334912223,0.520444586097759,0.638827264331407
"GT_spanishjapanese_009from20gen_008from75gen_010from50gen_sim_1121.txt",27,52.6275218231438,28.8136371649792,1.90900242271597,1.80087484870331,2.2980498990616,3.15753762111808,0.680755571971921,0.54750131047037
"GT_spanishjapanese_009from20gen_010from50gen_011from75gen_sim_1420.txt",30,49.4203390086252,28.0933816726528,1.82800487601006,1.89257237828285,2.06821006159857,3.50712655826249,0.571155189581459,0.568457890743115
"GT_spanishjapanese_009from20gen_011from75gen_010from50gen_sim_1449.txt",30,51.7948568160706,33.4324776901579,1.64152364180285,1.67946355947733,2.00549213228406,2.69124345259529,0.542096482664562,0.645478716330472
"GT_spanishjapanese_009from20gen_012from50gen_sim_607.txt",21,38.2879832974044,21.5456028327563,1.76227729592316,1.64177379031412,2.08768079725043,3.0747606735597,0.617939333074385,0.56272493292215
"GT_spanishjapanese_009from20gen_016from75gen_050from50gen_sim_1442.txt",75,56.130742795231,31.4910139261406,1.97556029404468,1.85000659555355,2.34813715813481,4.94594293362834,0.702344127935161,0.561029702404298
"GT_spanishjapanese_009from20gen_019from50gen_039from75gen_sim_1348.txt",67,63.5102950669999,37.3183241944612,1.80848105859093,1.76209718682425,2.14741281874032,3.45845923446706,0.56129962237996,0.587594879776459
"GT_spanishjapanese_009from20gen_033from75gen_012from50gen_sim_1106.txt",54,62.5134311733203,36.9296642324089,1.90298384123933,1.8504353266459,2.27454683341929,3.45845923446706,0.67381693064371,0.590747676767579
"GT_spanishjapanese_009from20gen_036from75gen_sim_643.txt",45,63.0316102996774,38.2503846125151,1.73991673747016,1.76680506757734,2.06728134372744,3.39516585634488,0.582203907633743,0.60684447740836
"GT_spanishjapanese_009from20gen_058from75gen_021from50gen_sim_1371.txt",88,67.3684360813444,40.2985995409668,1.8412647378226,1.74572242248857,2.21446344799117,4.94594293362834,0.647491124266486,0.598182203492271
"GT_spanishjapanese_009from20gen_063from50gen_015from75gen_sim_1228.txt",87,52.8813785235611,28.9361408011144,1.9872403223755,1.86480827287742,2.34254652694562,4.94594293362834,0.666745948502939,0.547189608308377
"GT_spanishjapanese_009from50gen_002from75gen_015from20gen_sim_1429.txt",26,40.5624780852936,25.1532310539364,1.66022133647905,1.40404461796425,1.91779189540178,3.45845923446706,0.675991960382972,0.620110807851654
"GT_spanishjapanese_009from50gen_003from75gen_011from20gen_sim_1439.txt",23,43.9002906618266,22.0726139527348,1.97250819280566,1.92618300386684,2.27071951272492,3.25536768361862,0.569810605209772,0.502789699566341
"GT_spanishjapanese_009from50gen_012from75gen_019from20gen_sim_1178.txt",40,47.5895035663053,25.4726585931979,1.82744048005775,1.78546526538031,2.18389719868764,2.78766341929524,0.431329860712722,0.535257917908463
"GT_spanishjapanese_009from50gen_016from75gen_007from20gen_sim_1219.txt",32,58.0727284325921,31.5921533544453,1.87971230545318,1.79190039232809,2.28358523831761,3.49974972920927,0.713343840856771,0.544010143954504
"GT_spanishjapanese_009from50gen_017from20gen_sim_734.txt",26,30.1377380670958,17.0621788781283,1.78124749026795,1.71961889544212,2.21587465289039,3.29301972344296,0.63702768274332,0.566139994983787
"GT_spanishjapanese_009from50gen_019from20gen_sim_974.txt",28,29.8626243227239,17.6589995185516,1.72007334622518,1.69914138440619,2.04206544812249,3.17622300996894,0.600628049375038,0.591341180457272
"GT_spanishjapanese_009from50gen_041from75gen_sim_585.txt",50,73.7365815735409,44.1368706890033,1.87240121731447,1.99391329064208,2.23415430662058,3.49666429212218,0.646285278722688,0.598574950819811
"GT_spanishjapanese_009from50gen_057from75gen_sim_833.txt",66,73.7058961472336,43.6371399511102,1.85075423673696,1.90543795253908,2.2653482823882,3.49974972920927,0.598270162474431,0.59204408645872
"GT_spanishjapanese_009from50gen_058from75gen_sim_514.txt",67,75.9480597296131,45.5419703347797,1.79889953721767,1.82447756301053,2.09198836370726,3.30274564617087,0.553752241728554,0.59964626478828
"GT_spanishjapanese_009from75gen_002from50gen_014from20gen_sim_1203.txt",25,38.9510693571908,25.5265372006993,1.59122083547536,1.49946286739568,1.84954972884128,3.35507463641524,0.519799838253982,0.655348816398716
"GT_spanishjapanese_009from75gen_003from20gen_018from50gen_sim_1151.txt",30,53.7237641133896,29.6644337934529,1.89308356903034,1.84182998262118,2.09938321976408,3.49666429212218,0.586621187705939,0.552165960129729
"GT_spanishjapanese_009from75gen_007from20gen_sim_636.txt",16,46.9895934772004,33.9112941164119,1.45913588158872,1.33744107112015,1.75900784515834,2.53008880167436,0.609133499911411,0.7216766864107
"GT_spanishjapanese_009from75gen_008from20gen_013from50gen_sim_1267.txt",30,52.411335190097,28.3291463695038,1.88738458424233,1.8522912403826,2.18242971931492,3.29301972344296,0.527695658631603,0.540515639732385
"GT_spanishjapanese_009from75gen_008from20gen_026from50gen_sim_1469.txt",43,52.3677343521172,28.8422616523593,1.99327000227487,1.99639713797152,2.30039255310442,3.25536768361862,0.592713448675342,0.550763977269397
"GT_spanishjapanese_009from75gen_008from20gen_sim_806.txt",17,50.6489019125187,28.7191729421427,1.70964478207142,1.60189825783879,1.92647178888044,3.43160904286503,0.753719950227106,0.567024591998988
"GT_spanishjapanese_009from75gen_008from50gen_019from20gen_sim_1014.txt",36,42.212894596786,24.0982979219494,1.76018181463967,1.74407470499957,2.01345031922509,3.35507463641524,0.591116342262348,0.570875277616811
"GT_spanishjapanese_009from75gen_011from50gen_sim_639.txt",20,61.6944585784828,33.0774193613557,2.01529217174928,1.94104923625358,2.19876822138699,3.3363868116988,0.584776072201923,0.536148952815223
"GT_spanishjapanese_009from75gen_017from20gen_046from50gen_sim_1323.txt",72,46.7143993673624,26.8234652453558,1.85229240067276,1.76159959688685,2.11086420968227,3.58164265397029,0.614792110920029,0.574201222933765
"GT_spanishjapanese_009from75gen_023from50gen_013from20gen_sim_1088.txt",45,47.6329271891794,27.2107446462505,1.84267757246473,1.86614050291967,2.15193806851976,3.58164265397029,0.608259797778651,0.57125913211632
"GT_spanishjapanese_009from75gen_039from20gen_sim_759.txt",48,35.6520614586492,24.1539939749972,1.5700372565134,1.57044078609499,1.97881587487854,2.92030704795649,0.510533723122183,0.677492211860234
"GT_spanishjapanese_009from75gen_040from20gen_sim_902.txt",49,35.5230191310496,22.7471382134151,1.53458489225469,1.4950269094146,1.86614050291967,2.587530396037,0.509122967435092,0.640349237476061
"GT_spanishjapanese_009from75gen_051from50gen_sim_612.txt",60,54.9932645035642,29.3054637771833,2.07310263407051,2.0535710010747,2.57057020362656,4.94594293362834,0.73244438852828,0.532891873972747
"GT_spanishjapanese_010from20gen_001from50gen_005from75gen_sim_1159.txt",16,43.5693742939657,24.2865232643076,1.81263997372826,1.60245703665304,1.93014645474588,2.92030704795649,0.520521019634195,0.557421896868308
"GT_spanishjapanese_010from20gen_002from75gen_006from50gen_sim_1211.txt",18,35.7692877857093,20.0795096215897,1.79732237325624,1.80663926846749,2.00282957010562,3.29301972344296,0.523370994971602,0.561361739766369
"GT_spanishjapanese_010from20gen_004from75gen_002from50gen_sim_1030.txt",16,39.831599144626,21.9892684634456,1.74661204200046,1.56896574948787,2.35507819924153,3.33270632467863,0.761714618541378,0.552055878640573
"GT_spanishjapanese_010from20gen_007from75gen_sim_775.txt",17,48.7809313030887,34.2130457671929,1.45472002831789,1.41456404074323,1.61936626400867,2.55597235305477,0.417048836685191,0.70136106165375
"GT_spanishjapanese_010from20gen_008from75gen_002from50gen_sim_1127.txt",20,51.6502735065779,28.6412980647107,1.75604411566754,1.78845715780199,2.10929232503733,3.23928569860486,0.57974277581463,0.554523647605914
"GT_spanishjapanese_010from20gen_021from75gen_048from50gen_sim_1321.txt",79,54.3542699486228,29.4436278788351,2.01976908463944,1.97635483619337,2.41593482808023,3.43160904286503,0.629619936895983,0.541698525371898
"GT_spanishjapanese_010from20gen_058from75gen_sim_867.txt",68,68.5173665558458,41.9515842532164,1.74388157631186,1.75462363361368,2.14065869827618,3.35507463641524,0.570366945833118,0.612276658634032
"GT_spanishjapanese_010from50gen_002from20gen_003from75gen_sim_1226.txt",15,59.3694073954214,32.778873117369,2.04702179864852,1.89960719961079,2.31368094072005,3.26613282664321,0.631207899313774,0.552117236054758
"GT_spanishjapanese_010from50gen_007from20gen_016from75gen_sim_1455.txt",33,60.4815868645002,32.4508612749152,1.95799126437473,1.98408304161983,2.20063892682988,3.49974972920927,0.691159102637355,0.536541168266904
"GT_spanishjapanese_010from50gen_013from20gen_sim_786.txt",23,32.4964659387064,18.5409693957018,1.76354951694834,1.71689646686487,2.01587386537673,3.31202315874929,0.756015322537971,0.570553408197464
"GT_spanishjapanese_010from50gen_023from75gen_sim_992.txt",33,65.4523277535947,36.4054470487691,2.01052358718537,1.83296473425863,2.30196247249338,4.94594293362834,0.82721936910139,0.556213175271977
"GT_spanishjapanese_010from50gen_033from20gen_016from75gen_sim_1090.txt",59,42.9741059466393,26.2153531026294,1.6932607463928,1.59768865527285,2.03479290518365,2.74212505481044,0.457936078134023,0.610026724818449
"GT_spanishjapanese_010from50gen_035from75gen_sim_873.txt",45,72.0162097759091,40.6178600395354,1.89062096363407,1.88206958445873,2.12816181771657,3.43914004377969,0.554665789971647,0.56400996617185
"GT_spanishjapanese_010from50gen_036from20gen_026from75gen_sim_1497.txt",72,44.0847082434364,27.9470755642458,1.66945692638371,1.61764483343832,2.04709391275872,3.51315397882442,0.568438625487156,0.633940354326983
"GT_spanishjapanese_010from50gen_053from20gen_sim_831.txt",63,28.0523013679518,15.9907686429266,1.73501944731753,1.61936626400867,2.03625729918478,4.22218161781348,0.542907879068049,0.570034109971282
"GT_spanishjapanese_010from50gen_056from75gen_sim_841.txt",66,75.1083609715687,44.6653249598685,1.84451457429814,1.82407114440151,2.2078972264949,3.16378885461427,0.543534038227633,0.594678466978876
"GT_spanishjapanese_010from75gen_001from50gen_005from20gen_sim_1352.txt",16,67.732233901327,37.7683008867668,1.79472124131016,1.89341801980686,2.0693628738419,2.55597235305477,0.455832860318717,0.557611918452122
"GT_spanishjapanese_010from75gen_003from50gen_024from20gen_sim_1242.txt",37,38.2701753614155,23.7096930349125,1.60813172498514,1.60342944777293,1.79547551338756,2.86490450025698,0.478549005575691,0.61953447589417
"GT_spanishjapanese_010from75gen_005from50gen_011from20gen_sim_1346.txt",26,55.4949107330257,31.4128203774668,1.84546197915078,1.78015712257975,2.23341609706323,3.49974972920927,0.636300536446071,0.566048669374157
"GT_spanishjapanese_010from75gen_006from20gen_006from50gen_sim_1094.txt",22,60.7072336095034,35.1743673324485,1.83619164065573,1.74403382796911,2.2651137105157,3.25536768361862,0.629209609395475,0.579409820561188
"GT_spanishjapanese_010from75gen_012from20gen_sim_866.txt",22,50.2662180345621,26.8208172798193,1.86599779862201,1.82943663119657,1.98060320285662,3.16378885461427,0.429221136258306,0.533575397722936
"GT_spanishjapanese_010from75gen_013from50gen_sim_825.txt",23,57.987923439229,32.5693010642414,2.0045804397144,1.82447756301053,2.59563089864765,3.50792332882673,0.71148794478666,0.561656619733484
"GT_spanishjapanese_010from75gen_014from20gen_003from50gen_sim_1450.txt",27,48.9735746357418,29.0477361667926,1.75732243465742,1.65579398708911,2.01857222388947,4.94594293362834,0.810556492005778,0.593130813563138
"GT_spanishjapanese_010from75gen_014from20gen_sim_762.txt",24,45.2271276108192,27.2143608131363,1.60749907954355,1.56747030662323,1.76519212958228,2.8774037049091,0.485197586994324,0.601726491395092
"GT_spanishjapanese_010from75gen_020from20gen_sim_937.txt",30,36.7090467988386,23.2479366626433,1.5473870227853,1.58996663852324,1.76629488051741,2.20777376284606,0.363663874156932,0.633302651252138
"GT_spanishjapanese_010from75gen_028from20gen_005from50gen_sim_1079.txt",43,35.2255671390296,21.5366511362936,1.65065215313919,1.58602215189955,1.92546182281602,3.51315397882442,0.678687974666734,0.611392601609277
"GT_spanishjapanese_010from75gen_034from50gen_005from20gen_sim_1298.txt",49,53.4719340186197,28.3801419494369,1.96063884651017,1.86428109265728,2.26986487036763,3.57285203953634,0.63486257934179,0.53074837239952
"GT_spanishjapanese_010from75gen_070from20gen_sim_913.txt",80,28.0318962448884,17.7747036038943,1.60511260175614,1.57215276779592,1.93396994475747,3.35507463641524,0.475978215738023,0.634088520042077
"GT_spanishjapanese_011from20gen_001from50gen_014from75gen_sim_1402.txt",26,54.4981744036696,33.6116111742593,1.67458552459657,1.60048334407572,2.09500956817125,2.77511137118506,0.55126239374184,0.61674746983811
"GT_spanishjapanese_011from20gen_008from50gen_sim_535.txt",19,35.7407024118859,21.627451539428,1.66890694725054,1.62720628503375,2.09138626166053,2.66926049995535,0.550679553554139,0.605121054706402
"GT_spanishjapanese_011from20gen_016from50gen_053from75gen_sim_1430.txt",80,63.1414758730564,40.1833001013813,1.74073284114595,1.76884806988692,2.05170649621601,3.15845172111698,0.54320435311923,0.63640102715002
"GT_spanishjapanese_011from20gen_018from75gen_011from50gen_sim_1272.txt",40,57.1553349081035,30.9425659522651,1.84924260932142,1.87396697544406,2.11482357251843,2.99557586349322,0.450176012192786,0.541376688668096
"GT_spanishjapanese_011from20gen_019from50gen_003from75gen_sim_1045.txt",33,42.1677230331662,23.8861408580578,1.84128000423226,1.6327478229194,2.34037742192562,3.43914004377969,0.713179823798983,0.566455552728579
"GT_spanishjapanese_011from20gen_020from50gen_sim_552.txt",31,41.1313785341405,22.3226724137617,1.82687586992102,1.76203723421075,2.19322347793391,3.31202315874929,0.622608111970361,0.542716369091134
"GT_spanishjapanese_011from20gen_061from75gen_sim_599.txt",72,68.9019081975274,41.5394056273802,1.7760151439042,1.80322985845708,2.15618415261946,2.91308842997377,0.531818298370273,0.602877434225703
"GT_spanishjapanese_011from50gen_007from75gen_sim_798.txt",18,63.9552907572913,32.2261121639128,2.20996079161141,2.19781886911276,2.71203240677103,3.3363868116988,0.695890798237306,0.503885007515798
"GT_spanishjapanese_011from50gen_008from20gen_024from75gen_sim_1332.txt",43,62.5027346688357,37.3378293015269,1.86907889309093,1.82377794732303,2.34641621154517,4.94594293362834,0.788965563440362,0.597379130678962
"GT_spanishjapanese_011from50gen_010from20gen_sim_545.txt",21,37.505770765364,20.0902149472423,1.85552836780075,1.73923720199685,2.15486422669867,2.72806447681302,0.493089116030608,0.535656634626351
"GT_spanishjapanese_011from50gen_010from20gen_sim_753.txt",21,38.7741640595787,20.1801759781015,1.95669188858566,1.91317692846446,2.24486340344241,3.25536768361862,0.575067434437828,0.520454185603938
"GT_spanishjapanese_011from50gen_013from75gen_sim_890.txt",24,67.4280622040377,42.579502098751,1.81125525408181,1.75326473931594,2.25448788647381,3.23928569860486,0.608817963709002,0.631480435696123
"GT_spanishjapanese_011from50gen_013from75gen_sim_939.txt",24,74.2275226524719,38.5157994596488,2.12131929296866,1.95240111031251,2.56070172180899,3.50792332882673,0.644277903852372,0.518888386454402
"GT_spanishjapanese_011from50gen_018from20gen_sim_839.txt",29,34.2376305573766,18.4245690137383,1.80773582728266,1.69919511177046,2.12473676832025,3.29301972344296,0.663394933635451,0.538137970233126
"GT_spanishjapanese_011from50gen_032from75gen_sim_726.txt",43,71.9417911076361,40.2955559247234,1.93449896260865,1.98359090876238,2.28739223097009,3.38842985453862,0.605809541550566,0.560113326403494
"GT_spanishjapanese_011from50gen_039from75gen_sim_772.txt",50,67.5765131705285,41.1944348966506,1.78270562056895,1.78897310227789,2.18270113629962,3.39516585634488,0.595329098233469,0.609596928931461
"GT_spanishjapanese_011from50gen_048from75gen_sim_715.txt",59,67.2789855347522,38.7060560057809,1.88724963522583,1.82447756301053,2.25998254687802,3.39516585634488,0.599569573206672,0.575306772213261
"GT_spanishjapanese_011from50gen_053from20gen_sim_892.txt",64,26.4019981836359,16.576099055387,1.58945873655807,1.50578295891416,2.04259208003078,2.73200268984031,0.53956676703506,0.627835019913795
"GT_spanishjapanese_011from75gen_003from20gen_007from50gen_sim_1177.txt",21,54.1221685247553,33.9109159188198,1.75477096680006,1.70208567185551,2.06122579819108,3.43914004377969,0.602430049362749,0.626562402120105
"GT_spanishjapanese_011from75gen_003from50gen_019from20gen_sim_1107.txt",33,43.6760956937399,30.102270196842,1.51629683168821,1.50066837808036,1.86145335952731,2.76568171313596,0.54712647625377,0.689216142576511
"GT_spanishjapanese_011from75gen_004from20gen_020from50gen_sim_1466.txt",35,53.6754972508889,29.4012739128308,1.90588807045506,1.89160947573893,2.31753800668109,3.49666429212218,0.592269887153099,0.547759693317865
"GT_spanishjapanese_011from75gen_009from20gen_001from50gen_sim_1214.txt",21,55.6514108097698,33.7573753435504,1.80669576112995,1.69919511177046,2.20951249277205,3.43160904286503,0.642741589937453,0.606586155721036
"GT_spanishjapanese_011from75gen_010from50gen_004from20gen_sim_1406.txt",25,60.6573460555831,33.0023583353676,1.98494065506354,2.07640913579339,2.29107823725502,2.93782378210181,0.566997490739794,0.544078507904484
"GT_spanishjapanese_011from75gen_015from20gen_sim_583.txt",26,48.8754258534371,28.9888231722324,1.70532543981437,1.646974070388,1.87420941793914,2.52959883759193,0.395764016192849,0.593116533841798
"GT_spanishjapanese_011from75gen_019from20gen_sim_616.txt",30,44.2222888390846,24.6458107601683,1.79746358614882,1.75840363625041,2.20983176306234,2.99557586349322,0.577972041457699,0.557316489199577
"GT_spanishjapanese_011from75gen_021from20gen_002from50gen_sim_1363.txt",34,40.544733702006,26.2652544502875,1.4784010307687,1.45769439143231,1.7721644726844,2.84017439170976,0.491688794596068,0.647809272674739
"GT_spanishjapanese_011from75gen_023from50gen_025from20gen_sim_1366.txt",59,44.9073561304777,23.9000857744033,1.87418954513064,1.8152079273976,2.15266613716575,3.49666429212218,0.551906253345517,0.532208703290435
"GT_spanishjapanese_011from75gen_032from50gen_sim_533.txt",43,58.6497775204313,31.4427221250479,2.09413970349809,1.93411955699867,2.32121751821433,3.50792332882673,0.660148177419399,0.536109827766943
"GT_spanishjapanese_011from75gen_034from50gen_031from20gen_sim_1031.txt",76,43.446471073314,23.6574126785218,1.87225253446871,1.79402025435862,2.27361616153276,3.57285203953634,0.654577170395158,0.544518624737116
"GT_spanishjapanese_011from75gen_037from20gen_sim_685.txt",48,34.056785504504,22.4975167818374,1.51606078649277,1.44969927860273,1.77695907744754,3.16378885461427,0.533293573874237,0.660588380511195
"GT_spanishjapanese_011from75gen_039from20gen_sim_615.txt",50,33.5990447461271,20.6929221851416,1.58672800387737,1.53881718137862,1.85587441806946,3.49666429212218,0.540674296884072,0.615878288847091
"GT_spanishjapanese_011from75gen_043from50gen_003from20gen_sim_1096.txt",57,56.7249298634542,28.5988014715838,2.12675015664652,2.10209844738089,2.35589689434399,4.94594293362834,0.6697948996835,0.504166361076614
"GT_spanishjapanese_011from75gen_059from20gen_sim_653.txt",70,29.6121201084168,20.3324787685418,1.57123418644236,1.50199126255348,1.81992674749279,2.84017439170976,0.47379581246422,0.686626918103124
"GT_spanishjapanese_012from20gen_003from50gen_sim_703.txt",15,26.2427593886542,16.9006962479715,1.51636540473694,1.55365555445451,1.66720193124666,2.74769486687513,0.520928243432681,0.644013687648958
"GT_spanishjapanese_012from20gen_003from75gen_sim_907.txt",15,33.3566996127847,18.8543460458487,1.82160589904768,1.71530795542095,2.03949372810401,2.67180348994597,0.436398508075829,0.565234158796162
"GT_spanishjapanese_012from20gen_008from50gen_025from75gen_sim_1475.txt",45,66.2252994207794,37.6914799983728,1.81231808775781,1.67664448810562,2.13508273483088,3.35507463641524,0.611451976575128,0.56914019759866
"GT_spanishjapanese_012from20gen_018from50gen_sim_836.txt",30,38.0392052775981,20.8472561988923,1.8277566783625,1.74701557538061,1.99849593681958,3.43914004377969,0.520157675628214,0.548046575809237
"GT_spanishjapanese_012from20gen_020from75gen_009from50gen_sim_1156.txt",41,57.7446793294954,33.6784225859058,1.83994260968585,1.8049752811544,2.11488920099467,2.91308842997377,0.534329885118646,0.58322988328906
"GT_spanishjapanese_012from20gen_021from75gen_005from50gen_sim_1375.txt",38,51.9138035812495,31.132767255848,1.70249945412649,1.70356805502876,2.07633558599542,3.35507463641524,0.567173092740899,0.599701141279748
"GT_spanishjapanese_012from20gen_029from75gen_005from50gen_sim_1180.txt",46,58.2385975829118,36.9138097056011,1.64868732228124,1.59893299445276,1.87399531217026,2.99557586349322,0.503993975460816,0.633837544818082
"GT_spanishjapanese_012from20gen_038from75gen_sim_783.txt",50,59.4701196606968,37.3404339820729,1.65331429388365,1.66499936140949,1.96298953617313,2.91308842997377,0.531852847141749,0.62788563727661
"GT_spanishjapanese_012from20gen_048from50gen_sim_718.txt",60,46.032060608018,24.0422204039732,1.97448800665044,1.85927304814077,2.21376335555107,3.57285203953634,0.580791670526503,0.522292942927379
"GT_spanishjapanese_012from20gen_068from50gen_005from75gen_sim_1374.txt",85,49.5283795651819,25.2188897566244,2.02163567746982,1.95833426885328,2.50447789652004,3.43914004377969,0.61128978789158,0.50918059460102
"GT_spanishjapanese_012from50gen_002from75gen_005from20gen_sim_1144.txt",19,47.9792164739277,22.1986156070862,2.14692975085164,1.98966924317813,2.75143419422406,3.17622300996894,0.631087220753657,0.462671490668238
"GT_spanishjapanese_012from50gen_003from20gen_003from75gen_sim_1471.txt",18,56.2438458693416,27.9403671917566,2.14622088832535,2.07940972242667,2.56102598110001,3.49666429212218,0.729675507205579,0.496771989181964
"GT_spanishjapanese_012from50gen_003from75gen_sim_819.txt",15,60.5508657169465,32.260211740286,2.04474670724485,1.89160947573893,2.37371709355584,3.3363868116988,0.674959525588962,0.53277870362896
"GT_spanishjapanese_012from50gen_008from20gen_sim_733.txt",20,40.2054595746293,24.1536733508691,1.73751698402238,1.59225608177082,1.93780939075254,3.43914004377969,0.644131397684968,0.600756056675216
"GT_spanishjapanese_012from50gen_019from20gen_011from75gen_sim_1003.txt",42,45.6700768012236,24.4412458538222,1.8482634947259,1.78688193455718,2.0973317427453,3.39516585634488,0.652734294316581,0.535169799696228
"GT_spanishjapanese_012from50gen_026from20gen_sim_577.txt",38,32.6581235900469,18.4522467096087,1.76534075541032,1.81990149441659,2.09705002233993,3.31202315874929,0.656357426229946,0.565012458806185
"GT_spanishjapanese_012from75gen_002from20gen_013from50gen_sim_1044.txt",27,63.9724976448271,37.4872130327248,1.93101708586758,1.8569140427436,2.39311847237852,3.39215436096654,0.660064644224891,0.585989517571322
"GT_spanishjapanese_012from75gen_004from50gen_009from20gen_sim_1309.txt",25,57.9593794777304,35.1474491006586,1.72230715483555,1.70842196443863,2.06008429514748,3.29301972344296,0.539894393777037,0.606415206949606
"GT_spanishjapanese_012from75gen_004from50gen_sim_818.txt",16,80.9121785653843,54.4553595223532,1.76295480855989,1.64960934266533,2.04253040812973,3.49974972920927,0.684690654192582,0.673018085631551
"GT_spanishjapanese_012from75gen_007from20gen_010from50gen_sim_1260.txt",29,54.0944918571141,35.1550696803778,1.75774130914944,1.70032717943259,2.06893512912576,3.0747606735597,0.552230098198685,0.649882612322839
"GT_spanishjapanese_012from75gen_009from20gen_004from50gen_sim_1191.txt",25,56.143161973528,29.794697507442,1.937738810964,1.80368260423746,2.35698193941378,3.16378885461427,0.495359643727628,0.530691476220923
"GT_spanishjapanese_012from75gen_011from20gen_086from50gen_sim_1160.txt",109,51.5377639452965,27.4687857904621,1.97666823476177,1.94013559220315,2.37781341068891,3.38842985453862,0.578928781918045,0.532983654851967
"GT_spanishjapanese_012from75gen_012from20gen_022from50gen_sim_1205.txt",46,50.4186910416866,26.5493700569815,1.9711245599408,1.82897720530088,2.19447681499117,4.94594293362834,0.73434310894148,0.526577931883045
"GT_spanishjapanese_012from75gen_027from50gen_sim_979.txt",39,60.3755499314833,31.4469442099422,2.05084793998036,1.99458600840428,2.3435213792961,3.39215436096654,0.609902379828459,0.520855615321592
"GT_spanishjapanese_012from75gen_031from20gen_015from50gen_sim_1437.txt",58,42.4804803584228,24.0833701095701,1.79611426363277,1.77081750937822,2.12178823792743,3.35819527277686,0.512940771424735,0.566927913864678
"GT_spanishjapanese_013from20gen_001from50gen_004from75gen_sim_1385.txt",18,35.6467132146284,22.0531299405071,1.64862704072301,1.58331026653877,1.96961295867708,3.16378885461427,0.605410063765327,0.618658158123177
"GT_spanishjapanese_013from20gen_003from75gen_004from50gen_sim_1297.txt",20,38.3181478269021,22.8662602112036,1.60838011018128,1.59482112251447,1.89338468197726,2.46013585838117,0.394268938108642,0.596747533688199
"GT_spanishjapanese_013from20gen_004from50gen_003from75gen_sim_1268.txt",20,34.0148570548159,21.0777066549695,1.60252669217065,1.59436036168552,2.02530669758391,2.19177532381349,0.434330512382317,0.619661773706773
"GT_spanishjapanese_013from20gen_005from50gen_006from75gen_sim_1187.txt",24,40.8591706152623,24.4084154463347,1.84278125171019,1.82682335497484,2.13056441856438,3.43914004377969,0.584668035994713,0.597379121474809
"GT_spanishjapanese_013from20gen_015from50gen_032from75gen_sim_1116.txt",60,58.2379232416392,34.9770386950611,1.77409985484595,1.71301721816396,2.220534778183,3.49974972920927,0.650372311815327,0.600588701453782
"GT_spanishjapanese_013from20gen_015from50gen_sim_917.txt",28,38.3453711099464,21.077662504291,1.81455411670768,1.78354275321698,2.15265787936405,2.78766341929524,0.482278638236219,0.549679450065972
"GT_spanishjapanese_013from20gen_020from75gen_011from50gen_sim_1102.txt",44,50.3903507550672,29.6665612868709,1.75948917767388,1.70723314349646,2.12687095732624,2.99557586349322,0.558710279241922,0.588734962990662
"GT_spanishjapanese_013from20gen_035from75gen_007from50gen_sim_1052.txt",55,61.2022878886406,34.9531716545052,1.77583221496444,1.76522701716849,2.10919280024017,3.23928569860486,0.540845196234549,0.571108905570713
"GT_spanishjapanese_013from20gen_045from50gen_sim_777.txt",58,46.0245840150668,24.4753021755572,1.9490872404069,1.90378880240819,2.19114759894116,3.50712655826249,0.599648224983431,0.531787580471013
"GT_spanishjapanese_013from50gen_001from20gen_002from75gen_sim_1259.txt",16,53.0847063936004,24.9318363453594,2.20214751224294,2.07771618063648,2.38583216897339,3.38842985453862,0.579685852147957,0.469661377808148
"GT_spanishjapanese_013from50gen_001from75gen_003from20gen_sim_1072.txt",17,47.9646518743825,23.2472478063173,2.14749062689263,1.90467526812089,2.3092293479033,3.50792332882673,0.69765725492304,0.484674586343312
"GT_spanishjapanese_013from50gen_001from75gen_005from20gen_sim_1221.txt",19,49.0619684798906,30.5656010480506,1.65942970259047,1.5574096459566,2.02400341719095,3.58164265397029,0.67275523431662,0.62299989166922
"GT_spanishjapanese_013from50gen_003from20gen_sim_692.txt",16,51.645620294509,28.8880083723782,1.87719389858847,1.85901310692903,2.18395923624474,3.1400023843157,0.625874553113612,0.559350593673664
"GT_spanishjapanese_013from50gen_011from20gen_037from75gen_sim_1173.txt",61,62.7717446227422,36.2622924059005,1.87162901037529,1.78248901730319,2.1925936029133,3.43160904286503,0.622399177262758,0.57768495401612
"GT_spanishjapanese_013from50gen_012from20gen_sim_869.txt",25,39.4469187434486,21.8222570638036,1.83372323569435,1.90467526812089,2.19267068773985,3.33270632467863,0.649410476858407,0.553205618054206
"GT_spanishjapanese_013from50gen_015from75gen_sim_656.txt",28,58.52035727672,40.9506086861324,1.64814782848003,1.56283119114478,2.05462476361292,2.74769486687513,0.61481797166994,0.69976689466356
"GT_spanishjapanese_013from50gen_016from20gen_sim_859.txt",29,33.151271522403,18.8702698487073,1.79005155051244,1.65707302437948,2.07985353278518,3.49974972920927,0.581489488573827,0.56921707621245
"GT_spanishjapanese_013from50gen_016from75gen_031from20gen_sim_1188.txt",60,45.4911381084191,24.6646374018418,1.89680978505351,1.80602787611975,2.14666706207048,3.51315397882442,0.597047456958951,0.542185542666762
"GT_spanishjapanese_013from50gen_018from20gen_005from75gen_sim_1100.txt",36,39.1949047143051,21.031741654973,1.88546480824242,1.79605144340706,2.07415442403344,3.29301972344296,0.541919454031802,0.536593769222684
"GT_spanishjapanese_013from50gen_026from20gen_sim_809.txt",39,34.1178425936351,20.4595933723575,1.70197503097727,1.55344008576273,2.0154875546419,3.38649949602533,0.549318218128153,0.599674299926993
"GT_spanishjapanese_013from50gen_029from20gen_sim_868.txt",42,31.7264551520255,19.1794844383419,1.69575857024169,1.64054937840779,2.04363098601113,2.99372986940711,0.539235285175063,0.604526548788337
"GT_spanishjapanese_013from75gen_004from20gen_018from50gen_sim_1093.txt",35,58.5631353590221,30.0522599670939,2.02486528214548,1.91340044741578,2.27927218194358,4.22218161781348,0.643235620445864,0.513160024354196
"GT_spanishjapanese_013from75gen_005from50gen_013from20gen_sim_1368.txt",31,49.2826563409973,29.5813275737069,1.62204484635305,1.57020865295626,1.82571745708958,2.75836103063319,0.487033449264585,0.600238091247096
"GT_spanishjapanese_013from75gen_006from20gen_015from50gen_sim_1434.txt",34,55.0224143128987,29.8352055840442,1.94735553917401,2.00232408261058,2.53660465710428,3.31107056785407,0.693230215601777,0.542237303771856
"GT_spanishjapanese_013from75gen_012from20gen_004from50gen_sim_1115.txt",29,47.6371439319611,30.2688132008103,1.62912985110204,1.58602215189955,1.78305033020258,3.03783074031291,0.545150719581235,0.635403609503593
"GT_spanishjapanese_013from75gen_012from50gen_002from20gen_sim_1166.txt",27,58.3917449672339,34.7837104008056,1.86848032292802,1.80218008044148,2.32878619919545,3.15845172111698,0.693094734676156,0.59569568301691
"GT_spanishjapanese_013from75gen_014from50gen_sim_549.txt",27,66.2783475432273,35.9508562769633,2.04865410169599,2.00039387880759,2.3866601802161,3.50792332882673,0.677339766584097,0.54242233866069
"GT_spanishjapanese_013from75gen_036from50gen_014from20gen_sim_1004.txt",63,53.168004396641,28.1249697302989,2.00099374558875,1.88206958445873,2.25560509851649,3.38649949602533,0.607948581924285,0.528982986092209
"GT_spanishjapanese_013from75gen_047from50gen_sim_807.txt",60,56.2910980467396,29.621835037914,2.11330018474215,2.09532214536619,2.4181213441292,4.22218161781348,0.706899225944111,0.526225923205805
"GT_spanishjapanese_013from75gen_066from50gen_sim_792.txt",79,56.3796104973708,29.4012758051225,2.04885719787946,1.98816499484874,2.43441638571186,3.57285203953634,0.575478908883136,0.521487742567743
"GT_spanishjapanese_013from75gen_074from20gen_008from50gen_sim_1431.txt",95,32.7853370169983,19.6556779452119,1.6394827114721,1.63223259907234,1.98283097016087,3.16378885461427,0.546864591860337,0.599526487558171
"GT_spanishjapanese_014from20gen_002from75gen_009from50gen_sim_1424.txt",25,38.6143619273769,21.4451648641743,1.7757713803913,1.70842196443863,2.31599993143928,2.95359751202271,0.582660790282192,0.555367583297292
"GT_spanishjapanese_014from20gen_018from75gen_sim_804.txt",32,56.7137733966314,33.285956767065,1.74545250313498,1.73021562412843,2.21446344799117,2.50259997648457,0.490581580238268,0.58691134046535
"GT_spanishjapanese_014from20gen_034from50gen_sim_757.txt",48,48.5891977893307,24.4142538551086,2.01734067107848,1.93520937645182,2.42726074402656,3.39215436096654,0.562112006862542,0.502462583575923
"GT_spanishjapanese_014from20gen_037from75gen_sim_863.txt",51,59.2361865025007,37.7694990657121,1.64099221044264,1.5922469328689,2.09232003581783,2.91308842997377,0.590337117638125,0.637608551389742
"GT_spanishjapanese_014from20gen_043from50gen_004from75gen_sim_1476.txt",61,46.0897148373848,24.6350939973502,1.94409706318069,1.86653702406828,2.20287001245196,4.94594293362834,0.647339611167259,0.534503068293404
"GT_spanishjapanese_014from20gen_049from50gen_sim_632.txt",63,43.8985180622216,23.4207314546747,1.92336124491879,1.89705295099111,2.29506243567065,3.49974972920927,0.567430086712101,0.533519865556242
"GT_spanishjapanese_014from20gen_061from50gen_sim_591.txt",75,44.6255419592062,23.5580434606824,1.98398105526828,1.92232167155747,2.42323740032245,3.38649949602533,0.639274086123184,0.527904926784254
"GT_spanishjapanese_014from50gen_001from20gen_sim_561.txt",15,50.6409616852417,26.8125799063577,1.96312982660818,1.93500902622914,2.22699348715527,2.95359751202271,0.547195963137172,0.529464271887468
"GT_spanishjapanese_014from50gen_005from20gen_020from75gen_sim_1445.txt",39,60.8923494571073,36.4797356643909,1.82246154696756,1.82447756301053,2.15812960976237,2.74769486687513,0.46461737270542,0.599085697786835
"GT_spanishjapanese_014from50gen_010from75gen_010from20gen_sim_1256.txt",34,48.0779108242136,29.2991117824252,1.83592044723775,1.68882329046591,2.28173982100305,3.58164265397029,0.671055631394227,0.609409004678906
"GT_spanishjapanese_014from50gen_016from20gen_022from75gen_sim_1419.txt",52,53.0203816017412,29.4994303526824,1.85124928937285,1.79966812842929,2.09264035344173,3.57285203953634,0.57516266471345,0.55637906521053
"GT_spanishjapanese_014from50gen_016from20gen_sim_778.txt",30,34.0235391398244,17.8479366238534,1.95369221137288,2.03640258162273,2.29738376016328,3.39215436096654,0.796942927743996,0.524576133908494
"GT_spanishjapanese_014from50gen_018from75gen_003from20gen_sim_1433.txt",35,62.4992195104089,35.8244802061702,1.89160705978163,1.95833426885328,2.25342387720149,3.35819527277686,0.66724874300958,0.573198841310392
"GT_spanishjapanese_014from50gen_018from75gen_023from20gen_sim_1145.txt",55,46.7612142314872,26.8436530390644,1.76920324671191,1.66724738266393,2.13847236188237,2.92030704795649,0.501398919432289,0.574058083825139
"GT_spanishjapanese_014from50gen_047from20gen_sim_934.txt",61,29.1442000159722,16.8039240459346,1.76063392852269,1.74671325040474,1.97726471057323,3.51315397882442,0.581063838141042,0.576578668713686
"GT_spanishjapanese_014from50gen_057from20gen_sim_972.txt",71,27.2304450064873,17.3875714659206,1.61690250535603,1.55625554816366,1.9036959328411,3.43914004377969,0.557987268871803,0.638534238488507
"GT_spanishjapanese_014from75gen_002from50gen_009from20gen_sim_1149.txt",25,55.3090607180601,33.8368638013183,1.65576544234055,1.61765106566482,1.92232167155747,2.66785270222031,0.45454489345478,0.611777950339872
"GT_spanishjapanese_014from75gen_006from20gen_sim_540.txt",20,64.4155481266948,38.4982327109607,1.74838643089109,1.69047856366639,2.08037623124768,2.48825200939223,0.45734219165859,0.597654352567815
"GT_spanishjapanese_014from75gen_008from50gen_057from20gen_sim_1239.txt",79,35.5245933062785,21.7829564381789,1.66908779417125,1.64195918702648,1.88285741506274,2.95359751202271,0.478431081219346,0.61317961476364
"GT_spanishjapanese_014from75gen_009from20gen_sim_788.txt",23,53.8631496461431,34.9258865461315,1.61693183490447,1.60499895708472,1.87944390942575,2.52959883759193,0.416364978330421,0.648418942738756
"GT_spanishjapanese_014from75gen_010from20gen_009from50gen_sim_1049.txt",33,52.1967886658135,29.3386976926963,1.75728040016051,1.79364147865887,2.13614892859548,2.70597645357651,0.552853320106872,0.562078596071023
"GT_spanishjapanese_014from75gen_014from50gen_034from20gen_sim_1491.txt",62,41.4080574896754,24.0315783450333,1.71332868737557,1.68832444336571,2.07904931178686,2.90744822122576,0.518748942556637,0.580359954123066
"GT_spanishjapanese_014from75gen_024from20gen_004from50gen_sim_1276.txt",42,45.0800093429087,24.2911018881973,1.85776740049463,1.770368681663,2.13181412988231,3.43160904286503,0.586302984846765,0.538844207050245
"GT_spanishjapanese_014from75gen_031from50gen_sim_916.txt",45,60.603653648445,32.8785813281428,1.9840703954722,1.98048907329132,2.3092293479033,3.26613282664321,0.542667755563794,0.542518137914056
"GT_spanishjapanese_014from75gen_040from20gen_004from50gen_sim_1010.txt",58,38.1804995424252,23.6334361894473,1.71805535119602,1.59836329644597,2.02074651376048,3.33270632467863,0.556347592096874,0.618992325210057
"GT_spanishjapanese_014from75gen_044from20gen_sim_570.txt",58,33.0381893241374,21.0886047472947,1.63003129721894,1.57183583419848,1.84578825817045,2.81575118106328,0.491385240505596,0.638309943090239
"GT_spanishjapanese_014from75gen_045from50gen_sim_790.txt",59,57.3737447324935,30.3023729136043,2.06584883998749,1.8943098274745,2.56267636736953,3.45845923446706,0.631251999603654,0.528157488323098
"GT_spanishjapanese_014from75gen_047from20gen_sim_504.txt",61,34.3761238448949,20.932123870302,1.61645282428658,1.59667233798453,1.94013559220315,2.50911449180213,0.440533789449493,0.608914604937651
"GT_spanishjapanese_014from75gen_070from20gen_sim_958.txt",84,31.4767807852127,20.0717923152713,1.55101098329646,1.49724488840514,1.83573033879734,3.49666429212218,0.539741908765939,0.63766979387869
"GT_spanishjapanese_015from20gen_001from50gen_sim_665.txt",16,24.3105539567686,16.5111118344886,1.51580127474698,1.40056257563516,1.64342433133972,2.55451707766914,0.469120645397533,0.679174644224491
"GT_spanishjapanese_015from20gen_019from50gen_005from75gen_sim_1058.txt",39,45.4065488948205,26.2767984450312,1.80795764110458,1.80218008044148,2.16072210971693,2.83529511394042,0.511700512480202,0.578700629856249
"GT_spanishjapanese_015from20gen_041from50gen_sim_780.txt",56,44.1708596800743,22.5480650799528,2.02753369634401,1.97843138741637,2.3310292711146,4.22218161781348,0.721344513488379,0.510473765810004
"GT_spanishjapanese_015from20gen_046from50gen_032from75gen_sim_1137.txt",93,57.5297838672996,31.5278284644885,1.89872782941512,1.90981125657712,2.21679294117635,3.38649949602533,0.600253738618808,0.548026193479394
"GT_spanishjapanese_015from20gen_047from50gen_sim_776.txt",62,44.918062059191,22.9015427945178,2.02768403946882,1.89433121336502,2.43780295288881,3.57285203953634,0.670331515156541,0.509851532871993
"GT_spanishjapanese_015from20gen_sim_050.txt",15,20.3147195107488,13.617114591581,1.49737758443004,1.43411501631969,1.73634577392675,2.17757292743287,0.357650423926,0.670307782707804
"GT_spanishjapanese_015from50gen_002from20gen_001from75gen_sim_1152.txt",18,51.6894720526719,29.0772317776555,1.84140926287455,2.00541138172839,2.07904931178686,2.46719389136325,0.397840604950001,0.562536830479244
"GT_spanishjapanese_015from50gen_002from75gen_002from20gen_sim_1472.txt",19,53.1670660305515,25.0788706642402,2.14569703442302,2.0745468282719,2.39474458098323,3.23928569860486,0.47040267208304,0.471699353314495
"GT_spanishjapanese_015from50gen_003from20gen_003from75gen_sim_1494.txt",21,52.8700233039982,27.6551860016006,2.01780686334098,1.95833426885328,2.27037994202632,3.0747606735597,0.447931532209754,0.523078755660568
"GT_spanishjapanese_015from50gen_003from75gen_003from20gen_sim_1195.txt",21,49.1799675255244,27.2076033047428,1.90252485436904,1.852599638576,2.08190474721706,3.57285203953634,0.660716936206851,0.553225320667852
"GT_spanishjapanese_015from50gen_007from75gen_005from20gen_sim_1236.txt",27,55.2339139307895,29.795263945066,1.90226572458634,1.81632932118143,2.26399263624233,2.99372986940711,0.593051705707705,0.539437853026327
"GT_spanishjapanese_015from50gen_009from20gen_009from75gen_sim_1468.txt",33,48.875102400344,26.5788900645614,1.94825684822833,1.80148443575976,2.44070450101205,3.43160904286503,0.673090559809666,0.543812468091614
"GT_spanishjapanese_015from50gen_014from75gen_003from20gen_sim_1038.txt",32,60.2962578980857,31.9520874565212,2.06775027210502,2.01167663668766,2.48668275927597,3.50712655826249,0.674010094181183,0.529918249827833
"GT_spanishjapanese_015from50gen_043from75gen_sim_626.txt",58,68.6850168383178,39.0594887677528,1.81836756022915,1.80577723149522,2.17760962483502,2.99557586349322,0.479183340514792,0.568675536029896
"GT_spanishjapanese_015from50gen_047from20gen_sim_865.txt",62,29.4251744369939,18.0043029129071,1.63529770389006,1.6005185665747,1.90852725946306,3.50712655826249,0.602476567195875,0.611867329842292
"GT_spanishjapanese_015from50gen_057from75gen_sim_604.txt",72,72.4061082722717,41.9286262218281,1.86858888962966,1.86318024878249,2.29092525977097,3.17622300996894,0.57726719048046,0.579075815871254
"GT_spanishjapanese_015from50gen_058from75gen_sim_900.txt",73,72.0851957464722,43.5109795932498,1.84405658668276,1.74891220800229,2.14532237706863,3.57285203953634,0.626235036532139,0.603604930841562
"GT_spanishjapanese_015from50gen_073from20gen_sim_531.txt",88,26.1931431930661,15.9783897967755,1.65877891180282,1.56961144426003,1.91065267454896,4.94594293362834,0.630382338426176,0.610021854918325
"GT_spanishjapanese_015from50gen_sim_265.txt",15,53.3180846948014,26.405514241188,2.14594508142568,2.03980081438356,2.59577502631461,3.31202315874929,0.660438884694486,0.495244988493793
"GT_spanishjapanese_015from50gen_sim_435.txt",15,52.4434981572068,24.5235839075794,2.32762191277007,2.38705641356778,2.70122094900109,3.50792332882673,0.638928594980742,0.467619147640886
"GT_spanishjapanese_015from50gen_sim_450.txt",15,54.3440153511007,26.3736003924662,2.25804261548971,2.0766366487919,2.52517797763858,4.94594293362834,0.903911477382652,0.485308275843699
"GT_spanishjapanese_015from75gen_004from20gen_sim_922.txt",19,67.6572868151039,38.1852700360151,1.80393001243036,1.6720660026586,2.160737283389,2.65160137302969,0.44508241877674,0.564392570756925
"GT_spanishjapanese_015from75gen_010from20gen_sim_743.txt",25,58.200179285054,35.1358587950846,1.7045182089173,1.69919511177046,1.97016368656701,2.92030704795649,0.520349582478727,0.603707054285786
"GT_spanishjapanese_015from75gen_019from20gen_011from50gen_sim_1357.txt",45,45.2358283316305,28.5938307340221,1.6619909800071,1.60342944777293,1.95474375546051,3.1432731321513,0.534560974566661,0.632105828247391
"GT_spanishjapanese_015from75gen_024from20gen_sim_666.txt",39,42.7129035479515,28.168570310257,1.55450801374386,1.57437360020865,1.80756883773698,2.35199479300961,0.403514694227531,0.659486196686058
"GT_spanishjapanese_015from75gen_031from50gen_sim_624.txt",46,58.9645280647247,31.3844956235628,2.04926911932914,2.06996891396633,2.40599363801947,3.23928569860486,0.532893564042858,0.53226060910913
"GT_spanishjapanese_015from75gen_041from20gen_015from50gen_sim_1282.txt",71,38.7377605254266,22.587144712544,1.724118712837,1.5991388753106,2.05920833582133,3.57285203953634,0.612718803347523,0.583078226675451
"GT_spanishjapanese_015from75gen_047from50gen_sim_789.txt",62,59.8445341312769,30.4398716152573,2.15514856497737,2.04585053783491,2.68585630802274,3.43914004377969,0.641682939080655,0.508649153295828
"GT_spanishjapanese_015from75gen_054from50gen_sim_962.txt",69,59.5255734591606,30.6587081629323,2.0953751033854,2.05764571334613,2.46013585838117,3.49974972920927,0.587034331194878,0.515051034056256
"GT_spanishjapanese_015from75gen_064from50gen_026from20gen_sim_1453.txt",105,47.0703710654354,25.4792507630297,1.91199968525782,1.80218008044148,2.24958515172972,3.50792332882673,0.608815083079422,0.541301251430744
"GT_spanishjapanese_015from75gen_sim_388.txt",15,74.6030195522714,48.9395204077093,1.66451386091994,1.79872124975741,1.9879544536909,2.48189246795835,0.522894512802929,0.655999190132234
"GT_spanishjapanese_015from75gen_sim_484.txt",15,80.0186650686977,47.7255144378272,1.89346130052952,1.93880814976593,2.27577381211155,3.49666429212218,0.746248368773615,0.596429775438691
"GT_spanishjapanese_016from20gen_002from50gen_sim_905.txt",18,25.1447215311039,18.5425698159383,1.42303977201264,1.2745553075437,1.55491232020005,3.51315397882442,0.634171858057056,0.737433890170594
"GT_spanishjapanese_016from20gen_005from75gen_008from50gen_sim_1328.txt",29,42.7017572462034,23.9001281650846,1.79607356954367,1.72552672807303,2.10209844738089,2.87713936964751,0.489538595639754,0.55969893761713
"GT_spanishjapanese_016from20gen_014from50gen_034from75gen_sim_1299.txt",64,61.056355645469,34.3612735761027,1.84608340868704,1.92338172259146,2.13868786622616,3.26613282664321,0.513024258281192,0.56277963551617
"GT_spanishjapanese_016from20gen_014from75gen_003from50gen_sim_1113.txt",33,50.7668888544649,28.4523283574939,1.86147306820393,1.852599638576,2.20951249277205,3.39516585634488,0.610202831987913,0.560450502276377
"GT_spanishjapanese_016from20gen_022from75gen_014from50gen_sim_1456.txt",52,53.7645315781361,33.6405239399351,1.66901005834225,1.66592278161796,1.97385167580135,2.93782378210181,0.504716336075708,0.625701051464481
"GT_spanishjapanese_016from20gen_037from75gen_sim_901.txt",53,59.8472830061299,39.0037493179744,1.56579493602916,1.51670338360541,1.95387130535508,2.70597645357651,0.534861373584596,0.651721303939219
"GT_spanishjapanese_016from20gen_045from75gen_sim_881.txt",61,62.1141385585326,38.2606601657271,1.69685538925152,1.74575855363521,2.06728134372744,3.35507463641524,0.52625906292291,0.615973449099235
"GT_spanishjapanese_016from20gen_sim_184.txt",16,20.6137684120294,12.8532715834487,1.63926950435177,1.54553849190703,1.82624085448242,2.53134935310944,0.401565639242093,0.623528475072419
"GT_spanishjapanese_016from20gen_sim_266.txt",16,22.1492967257148,15.8026414619313,1.45747926706803,1.41755014581382,1.74256681682389,2.20052518198255,0.457266634980794,0.713460190525364
"GT_spanishjapanese_016from20gen_sim_286.txt",16,21.2258701058033,13.9552608734575,1.55117374183146,1.52674064016418,1.72270420271649,2.26184797185712,0.367995024790742,0.657464726011022
"GT_spanishjapanese_016from20gen_sim_301.txt",16,20.4543018742931,13.5637654589221,1.66214595926426,1.60266385280586,1.916268074823,3.51315397882442,0.765826394416326,0.66312531917645
"GT_spanishjapanese_016from50gen_008from20gen_009from75gen_sim_1233.txt",33,50.6490282562559,29.7968176371701,1.73983651415197,1.86480827287742,2.15576716080869,2.53966042426561,0.526725144115635,0.588299887737526
"GT_spanishjapanese_016from50gen_009from20gen_sim_948.txt",25,44.2433370164782,21.9773608891143,2.05500371976547,1.90839979875917,2.24093784490532,3.49974972920927,0.549772194829976,0.496738319736799
"GT_spanishjapanese_016from50gen_014from20gen_033from75gen_sim_1293.txt",63,58.6494128298602,32.2697212290286,1.91610904491994,1.78929862214439,2.20466314138544,3.49666429212218,0.575273935287962,0.550213884027141
"GT_spanishjapanese_016from50gen_018from75gen_004from20gen_sim_1050.txt",38,59.8483117949608,33.6415616967821,1.91469463086507,1.93750452352773,2.18688265716833,3.50792332882673,0.56997514102513,0.562113795490798
"GT_spanishjapanese_016from50gen_032from20gen_sim_620.txt",48,31.4059570117717,17.9832612169292,1.76121465879385,1.61611597596412,2.07278163757234,3.29301972344296,0.55720192469587,0.572606694016319
"GT_spanishjapanese_016from50gen_045from20gen_sim_580.txt",61,28.1529921240821,17.0239635111039,1.64443091203104,1.57437360020865,1.92598248440794,3.49974972920927,0.583770612750633,0.60469464261817
"GT_spanishjapanese_016from50gen_051from75gen_011from20gen_sim_1130.txt",78,65.3920007822777,37.8455892932738,1.85917747967798,1.79147005040163,2.1138717657575,4.22218161781348,0.636516603167031,0.578749523497232
"GT_spanishjapanese_016from50gen_063from75gen_sim_851.txt",79,72.1792899955531,41.7451417510665,1.89288341709063,1.83296473425863,2.2716496112511,3.49974972920927,0.621419715841182,0.578353455037289
"GT_spanishjapanese_016from50gen_064from75gen_sim_684.txt",80,72.2476719365786,41.9572977735095,1.82561731716108,1.82284196082296,2.13354435916089,3.35507463641524,0.530299051176005,0.580742557495016
"GT_spanishjapanese_016from50gen_sim_038.txt",16,53.8434237293027,27.7827301934103,2.05202340238658,1.900864109556,2.29812447357021,3.38649949602533,0.567466876844549,0.515991151177305
"GT_spanishjapanese_016from50gen_sim_200.txt",16,48.853742355463,22.0799295911768,2.33237334509838,2.33127472160731,2.7515149677618,3.49974972920927,0.689322956072294,0.451959840262018
"GT_spanishjapanese_016from75gen_002from20gen_005from50gen_sim_1249.txt",23,67.0908912252715,40.1297195053669,1.78731056367937,1.76077092499667,2.06316931451966,2.5542651371331,0.438835799951183,0.59813960990059
"GT_spanishjapanese_016from75gen_003from20gen_007from50gen_sim_1275.txt",26,65.6505913472911,38.1343637526789,2.01800907907244,2.04365533684304,2.53629478994145,4.22218161781348,0.862494494505669,0.580868549240454
"GT_spanishjapanese_016from75gen_006from50gen_033from20gen_sim_1284.txt",55,42.3908695650025,24.363633392503,1.75473469173888,1.62720628503375,2.10307315999349,3.57285203953634,0.602060317809916,0.574737759392824
"GT_spanishjapanese_016from75gen_008from50gen_033from20gen_sim_1189.txt",57,41.7945644446235,26.6383034482169,1.63125573540146,1.54955072852357,2.02185374860359,3.51315397882442,0.562851605479089,0.637362867688496
"GT_spanishjapanese_016from75gen_008from50gen_sim_555.txt",24,73.2159125366899,39.7176632469944,2.01221553142042,2.12427910891503,2.34953083993229,3.07454720661031,0.597694351171256,0.542473102784742
"GT_spanishjapanese_016from75gen_031from20gen_007from50gen_sim_1029.txt",54,39.5072628174497,25.9301446570202,1.68990500658297,1.65488043736175,2.01175407028406,3.51315397882442,0.572681602186633,0.656338678202918
"GT_spanishjapanese_016from75gen_037from20gen_017from50gen_sim_1084.txt",70,41.5789402297267,23.8890885721624,1.8234165833639,1.77902042845192,2.21377100399051,3.35507463641524,0.553500773013128,0.574547798480996
"GT_spanishjapanese_016from75gen_046from50gen_sim_582.txt",62,56.2636233534595,30.5842236603586,2.03454893120784,1.98999402336695,2.41588314110452,3.57285203953634,0.644905480107215,0.543587878587597
"GT_spanishjapanese_016from75gen_053from50gen_sim_802.txt",69,56.9703659210223,31.5829467087358,1.9991851425787,1.87810675226956,2.38705641356778,3.50792332882673,0.609029525794358,0.554375001777574
"GT_spanishjapanese_016from75gen_sim_042.txt",16,70.7379674618306,44.8451417251683,1.68653708547623,1.78379904067617,2.03545367553875,2.587530396037,0.54787837146306,0.633961411873563
"GT_spanishjapanese_016from75gen_sim_060.txt",16,68.0593388090819,48.5999611400323,1.46500871031004,1.56871025959317,1.7118850850031,2.45879967441557,0.457413993785367,0.714082181673311
"GT_spanishjapanese_017from20gen_005from50gen_017from75gen_sim_1318.txt",39,50.0441254167548,30.4635480067223,1.7162533589833,1.58556733406555,2.07992472409729,2.70258675745448,0.472921564212913,0.608733747528398
"GT_spanishjapanese_017from20gen_008from50gen_037from75gen_sim_1125.txt",62,60.0963560232767,36.3451778190548,1.73867296691481,1.71844178301246,2.06028392898688,3.50712655826249,0.594215175321229,0.604781724285871
"GT_spanishjapanese_017from20gen_008from50gen_sim_845.txt",25,32.3387341850195,18.7929977423679,1.74361791641198,1.6589985632331,1.852599638576,3.38649949602533,0.640961372795575,0.58112966434764
"GT_spanishjapanese_017from20gen_009from50gen_007from75gen_sim_1224.txt",33,43.6486169344443,27.2513502215032,1.62280742638282,1.4986340739691,1.89101990814451,2.924614438336,0.537766140647988,0.624334793068745
"GT_spanishjapanese_017from20gen_013from75gen_sim_595.txt",30,44.5806478751353,27.306610549327,1.61483365624909,1.58686038364294,2.0249124198202,2.57126813168516,0.508559782637491,0.612521617581901
"GT_spanishjapanese_017from20gen_023from50gen_sim_924.txt",40,41.4903902691813,22.7269666792096,1.81089045335079,1.69365878197511,1.98510352992706,3.29301972344296,0.523208170901629,0.54776459155389
"GT_spanishjapanese_017from20gen_025from50gen_012from75gen_sim_1495.txt",54,48.8535883547325,27.9608289013185,1.83740180467724,1.80820441843442,2.06095582382588,3.31202315874929,0.606611113048951,0.572339306957172
"GT_spanishjapanese_017from20gen_036from50gen_003from75gen_sim_1336.txt",56,43.8332022798639,23.7033754684628,1.91695333417122,1.81131671909392,2.23045261994953,3.51315397882442,0.664091158528145,0.540763034311816
"GT_spanishjapanese_017from20gen_046from50gen_sim_849.txt",63,42.8640299225783,22.3037459618979,1.96459008054435,1.99458600840428,2.38243491212834,4.22218161781348,0.697346787547597,0.520337121875457
"GT_spanishjapanese_017from20gen_053from75gen_009from50gen_sim_1128.txt",79,64.2104412005123,40.2065868629781,1.69514214541076,1.62987442667825,2.05991826806338,3.39516585634488,0.574915815112369,0.626168986090962
"GT_spanishjapanese_017from50gen_002from75gen_019from20gen_sim_1377.txt",38,41.1613591719441,22.3801872776073,1.89101860511054,1.89852481747338,2.21942157982233,3.50712655826249,0.604841252373358,0.543718373927307
"GT_spanishjapanese_017from50gen_006from75gen_sim_621.txt",23,62.3309403275791,30.0016316909252,2.25274703052962,2.15486422669867,2.87018280969964,3.35819527277686,0.677842928146094,0.48132807772917
"GT_spanishjapanese_017from50gen_009from75gen_023from20gen_sim_1388.txt",49,44.0839116491987,24.0140013283576,1.87382421087991,1.89960719961079,2.16906648906037,3.45845923446706,0.525580758774359,0.544733904728123
"GT_spanishjapanese_017from50gen_015from75gen_sim_682.txt",32,63.8650295300279,35.2276563890326,1.97678376208674,1.89193023939066,2.2810824822926,3.43914004377969,0.629223737695933,0.551595398111722
"GT_spanishjapanese_017from50gen_016from20gen_sim_590.txt",33,35.8267311485261,19.6313413201164,1.87843487230638,1.86614050291967,2.25433648218332,3.07454720661031,0.620773118448606,0.547952344263036
"GT_spanishjapanese_017from50gen_030from75gen_sim_705.txt",47,70.6477000587744,40.451417473958,1.92286006614147,1.81602504151015,2.314220734855,3.39215436096654,0.661768619197671,0.572579396644265
"GT_spanishjapanese_017from50gen_031from20gen_sim_716.txt",48,33.5433800413007,18.303350880508,1.88320827238238,1.81003426447512,2.20772712961882,3.45845923446706,0.61245687856011,0.545662090641187
"GT_spanishjapanese_017from50gen_043from20gen_006from75gen_sim_1487.txt",66,35.1274957324163,20.3299793460173,1.68523190562274,1.58557449883501,2.00645973074696,3.51315397882442,0.664225384519836,0.578748325837995
"GT_spanishjapanese_017from50gen_076from20gen_sim_553.txt",93,26.6188827381613,17.1692209714039,1.56155596663107,1.53857923827073,1.86594645770553,3.31107056785407,0.538611180074734,0.645001562999104
"GT_spanishjapanese_017from50gen_sim_013.txt",17,47.6783548422278,24.0733705690728,2.17015935103475,2.01656621028144,2.74450735781492,3.57285203953634,0.751019750832142,0.504911938525015
"GT_spanishjapanese_017from50gen_sim_075.txt",17,44.3038928237668,23.1250166924864,2.03675101928982,2.01006215681687,2.4785015692528,3.23928569860486,0.651699394514804,0.521963539061312
"GT_spanishjapanese_017from75gen_002from20gen_004from50gen_sim_1302.txt",23,58.4186528461078,38.3017468808615,1.6071922880712,1.5991388753106,1.86371862483886,2.77511137118506,0.533433923323739,0.655642419241673
"GT_spanishjapanese_017from75gen_007from20gen_004from50gen_sim_1247.txt",28,57.1757122402325,36.1984320432093,1.76589266739631,1.62950462275532,2.2293618928546,3.15753762111808,0.58751811038753,0.633108546004919
"GT_spanishjapanese_017from75gen_008from50gen_sim_501.txt",25,70.4006813430083,43.2492941616327,1.79585110323974,1.80218008044148,2.12816181771657,3.39215436096654,0.562725471744403,0.614330619201144
"GT_spanishjapanese_017from75gen_021from20gen_sim_799.txt",38,47.8723215244564,29.5839215906081,1.59920943399098,1.58285691596578,1.87687452383923,2.75429924174085,0.503483752599943,0.617975494994423
"GT_spanishjapanese_017from75gen_045from50gen_sim_556.txt",62,60.5538292761407,32.7812912331262,2.0042974572067,1.90326452681544,2.2811053300697,3.58164265397029,0.576453488020857,0.541357856720096
"GT_spanishjapanese_017from75gen_sim_068.txt",17,81.0933666292095,43.6529058864709,1.99839648466492,1.78929862214439,2.29107823725502,3.3363868116988,0.593189700812275,0.538304274455259
"GT_spanishjapanese_018from20gen_002from75gen_010from50gen_sim_1146.txt",30,34.1452302886128,21.3616421315193,1.6230433410386,1.47617725607273,2.10645978910135,3.33270632467863,0.686399571645129,0.625611306497565
"GT_spanishjapanese_018from20gen_011from50gen_031from75gen_sim_1459.txt",60,56.8755700147801,34.5888287467004,1.75616508371776,1.6913056116152,2.0771452685329,3.58164265397029,0.636634625449786,0.608149135695904
"GT_spanishjapanese_018from20gen_013from50gen_sim_641.txt",31,33.9665868781149,19.691756938692,1.70189893545121,1.70208567185551,2.2006492269202,2.78766341929524,0.553614846405443,0.579739053834097
"GT_spanishjapanese_018from20gen_019from75gen_010from50gen_sim_1379.txt",47,54.8604417913982,32.4900599476067,1.74397640414351,1.73362250540592,1.93946020662361,3.49666429212218,0.564944784606873,0.59223110289828
"GT_spanishjapanese_018from20gen_026from75gen_006from50gen_sim_1009.txt",50,54.4946338610433,30.9116262102594,1.73725312881904,1.72327148025748,2.12736662801827,2.86490450025698,0.522241979847253,0.567241653354005
"GT_spanishjapanese_018from20gen_027from50gen_008from75gen_sim_1303.txt",53,47.3342892424319,24.1998274881148,2.03051337346067,1.93411955699867,2.3063850328756,3.57285203953634,0.591677451432126,0.51125363611505
"GT_spanishjapanese_018from20gen_sim_160.txt",18,23.0858386645327,14.5604116514179,1.63465945995141,1.73580481579941,1.9252176707895,2.18995629232429,0.4498852366588,0.630707502681608
"GT_spanishjapanese_018from20gen_sim_424.txt",18,21.8787494618236,15.3394671841226,1.46847039449126,1.48116156274162,1.65529592841104,2.51541101335062,0.512951816199894,0.701112612075408
"GT_spanishjapanese_018from20gen_sim_494.txt",18,22.3250102896614,14.4679896383031,1.57940165211956,1.4574285683491,1.8072005120609,2.25433648218332,0.394951265564845,0.648061947142895
"GT_spanishjapanese_018from50gen_013from20gen_030from75gen_sim_1400.txt",61,56.4112738204057,34.8867097594909,1.76829380709952,1.78305033020258,2.24958515172972,3.15753762111808,0.577827379171022,0.618435064426276
"GT_spanishjapanese_018from50gen_013from75gen_031from20gen_sim_1235.txt",62,43.3378771019237,23.3453327167779,1.81690837036257,1.71654570800275,2.1969890029763,3.25536768361862,0.573185152059533,0.538681963167542
"GT_spanishjapanese_018from50gen_015from75gen_sim_603.txt",33,61.5917052418272,34.7351676235127,1.94154190688517,1.98430552391914,2.30686575413455,3.50792332882673,0.586496839676433,0.563958531219947
"GT_spanishjapanese_018from50gen_020from75gen_sim_947.txt",38,63.6066201069883,38.7380812877608,1.79274181493546,1.74632563537993,2.06041434733295,3.33270632467863,0.512778406944299,0.609025935077232
"GT_spanishjapanese_018from50gen_045from20gen_sim_523.txt",63,30.6775839429388,17.866580741525,1.73542471940287,1.72489638119409,1.96415029352595,3.50712655826249,0.592533191756247,0.582398560941348
"GT_spanishjapanese_018from50gen_049from75gen_sim_691.txt",67,72.3654067611643,42.924704807785,1.82400330122515,1.7410869596944,2.18178202265543,3.43160904286503,0.549681494871401,0.593166082095749
"GT_spanishjapanese_018from50gen_sim_127.txt",18,49.0695886903144,22.4117734601667,2.30100479457923,2.11035618226066,2.73501666699256,3.50792332882673,0.679989871893216,0.456734487863977
"GT_spanishjapanese_018from50gen_sim_148.txt",18,52.253037154482,27.2558227660367,2.07752216677363,2.14582184466806,2.41784226003793,3.31107056785407,0.711841606512569,0.521612221036204
"GT_spanishjapanese_018from50gen_sim_293.txt",18,55.0206731664778,29.4234089605003,2.0084073868752,1.86783479001258,2.3526328664698,3.43914004377969,0.602770509928105,0.534770064907656
"GT_spanishjapanese_018from75gen_004from50gen_024from20gen_sim_1132.txt",46,47.8546867481154,28.1203434331126,1.70388282606724,1.59375382754395,2.05940609090908,3.03783074031291,0.516414904331043,0.587619423383228
"GT_spanishjapanese_018from75gen_004from50gen_026from20gen_sim_1389.txt",48,43.3769793243797,27.2106610994258,1.72232947570265,1.59486852032967,2.065866375091,3.39516585634488,0.576812800160255,0.627306500435179
"GT_spanishjapanese_018from75gen_010from20gen_018from50gen_sim_1007.txt",46,56.1082123319571,30.449872457592,1.8961741298991,1.82115272459927,2.2563619015971,3.0747606735597,0.488648671382331,0.54269903089122
"GT_spanishjapanese_018from75gen_013from20gen_sim_659.txt",31,57.1082302020918,36.0055179920713,1.7148080068506,1.66354257141904,2.06351679235336,3.35507463641524,0.584144821454528,0.630478616911375
"GT_spanishjapanese_018from75gen_020from20gen_017from50gen_sim_1310.txt",55,50.4990259194864,29.4484922526181,1.85890779796833,1.8152079273976,2.18828889067173,3.49974972920927,0.608414451397432,0.583149708661105
"GT_spanishjapanese_018from75gen_029from20gen_019from50gen_sim_1022.txt",66,47.1520158740075,26.482976925395,1.77808256874479,1.67839086714093,2.09790273998658,3.43914004377969,0.608525850217197,0.561651001224611
"GT_spanishjapanese_018from75gen_037from50gen_sim_985.txt",55,61.8448276600935,33.9221353517245,2.06467302678401,2.01656621028144,2.52573115615727,3.50712655826249,0.662677725131168,0.548504000013786
"GT_spanishjapanese_018from75gen_039from20gen_sim_559.txt",57,39.3975089741778,24.6262637991982,1.63795029092218,1.59667233798453,1.9019737761079,2.52959883759193,0.517111574982091,0.625071595651871
"GT_spanishjapanese_018from75gen_047from50gen_sim_830.txt",65,58.2429623611631,30.855514475843,1.95942483758931,1.82366472579249,2.33857345571179,3.38842985453862,0.530577430651491,0.529772408973787
"GT_spanishjapanese_018from75gen_050from20gen_sim_563.txt",68,34.6857505178465,22.3490404423387,1.60981092167263,1.56625268648944,1.90118099694689,3.51315397882442,0.540761755562938,0.644329158477909
"GT_spanishjapanese_018from75gen_054from20gen_sim_586.txt",72,37.7968431204719,21.7109909065755,1.67705663329965,1.64326159608315,1.99824913157649,3.43160904286503,0.536060035339452,0.574412811074589
"GT_spanishjapanese_018from75gen_070from20gen_015from50gen_sim_1478.txt",103,37.9065050287323,22.5008877331174,1.70881111749389,1.66628740035443,1.97001120623083,3.33270632467863,0.531645953509803,0.593589087573814
"GT_spanishjapanese_019from20gen_002from50gen_004from75gen_sim_1091.txt",25,31.5008906341849,18.9073807195062,1.64248603533897,1.5699319353832,1.82151148581495,3.35507463641524,0.571245737009352,0.600217337950053
"GT_spanishjapanese_019from20gen_008from75gen_009from50gen_sim_1258.txt",36,43.2455234133515,26.3677843726339,1.75494941918943,1.81177527317578,2.09424098528918,2.93782378210181,0.539515067498156,0.609722863580677
"GT_spanishjapanese_019from20gen_010from75gen_011from50gen_sim_1067.txt",40,42.5952255876775,26.6233479495122,1.64958319306031,1.70043494403493,2.01233504647911,2.8774037049091,0.574996836616287,0.625031270105873
"GT_spanishjapanese_019from20gen_011from50gen_041from75gen_sim_1451.txt",71,61.1153541953966,35.6525936285867,1.73094609215223,1.76203723421075,2.02295967349183,2.81575118106328,0.459463943852102,0.583365573152027
"GT_spanishjapanese_019from20gen_011from50gen_sim_706.txt",30,32.6596173419722,17.8053423701168,1.85856296154025,1.76765144166466,2.18661169264761,3.57285203953634,0.672338518716663,0.545179148416857
"GT_spanishjapanese_019from20gen_017from50gen_sim_587.txt",36,36.5552861143643,19.8732694978573,1.84739427053372,1.76382224466421,2.1419541171896,3.23928569860486,0.684733386787774,0.543649677250048
"GT_spanishjapanese_019from20gen_020from50gen_004from75gen_sim_1345.txt",43,41.094808001716,24.4886582013937,1.69740086020992,1.63052538787176,1.99853891545187,3.30274564617087,0.550913368854939,0.595906378255159
"GT_spanishjapanese_019from20gen_022from75gen_sim_711.txt",41,52.6673911073417,31.7324273863902,1.77289525280338,1.63859706482084,1.87376085898898,3.51315397882442,0.578183785546675,0.602506156451079
"GT_spanishjapanese_019from20gen_023from75gen_sim_731.txt",42,54.506831009813,34.361253198688,1.6319500342092,1.62375396883759,1.90658939962872,2.57126813168516,0.41380870244858,0.630402695627304
"GT_spanishjapanese_019from20gen_033from50gen_sim_820.txt",52,40.0964169535264,21.217244492885,1.92743033487716,1.80527661422176,2.33938823541026,4.22218161781348,0.713571859870737,0.529155622994363
"GT_spanishjapanese_019from20gen_034from75gen_010from50gen_sim_1164.txt",63,56.6345249772715,35.2897261227963,1.71237549176349,1.68767876972426,2.05261244639296,3.39516585634488,0.588649714018035,0.623113306537995
"GT_spanishjapanese_019from20gen_035from75gen_sim_874.txt",54,57.6511854880726,33.6261867613981,1.76661672276523,1.70958856254024,2.14589812901673,3.39516585634488,0.562045776918323,0.583269649647621
"GT_spanishjapanese_019from20gen_054from75gen_sim_521.txt",73,61.3569861893155,36.6992816039717,1.72515276764182,1.715062088686,2.0564782539191,2.91308842997377,0.457622548396338,0.598127187843564
"GT_spanishjapanese_019from20gen_064from50gen_sim_850.txt",83,46.2934650527952,24.085814164396,2.00030256550515,1.91317692846446,2.39054096146883,3.58164265397029,0.627876292122345,0.520285403931796
"GT_spanishjapanese_019from20gen_069from50gen_sim_670.txt",88,43.0921382744912,22.2674583814173,2.00991790416895,1.9366862261593,2.47002081083564,3.58164265397029,0.708334363820333,0.516740623070884
"GT_spanishjapanese_019from20gen_094from75gen_sim_882.txt",113,66.7376725132006,42.0422844281216,1.68766293523761,1.73188034576319,2.05322799715301,3.43160904286503,0.562234189089183,0.62996330026052
"GT_spanishjapanese_019from20gen_sim_236.txt",19,22.436067396618,15.4202816315883,1.52673551138412,1.56657495662096,1.80058444393918,2.17759007127351,0.416738345961202,0.687298774735928
"GT_spanishjapanese_019from50gen_005from20gen_sim_926.txt",24,44.3229343418654,22.3159338047977,2.03315383022015,1.81481098139703,2.28627585155175,3.58164265397029,0.657774306230792,0.503485027247375
"GT_spanishjapanese_019from50gen_012from20gen_047from75gen_sim_1289.txt",78,64.114317570752,36.6867828957224,1.88426008825416,1.87176147199302,2.20907781029055,4.22218161781348,0.60830577889777,0.572208896323937
"GT_spanishjapanese_019from50gen_013from75gen_sim_828.txt",32,62.0597711130344,34.3951344867776,1.88007741636072,1.84056879702943,2.07160282973755,3.31202315874929,0.539314949330965,0.554225932031412
"GT_spanishjapanese_019from50gen_034from20gen_sim_848.txt",53,33.1709550283583,19.4897104027208,1.72322279512135,1.65554901721717,2.0343046688146,3.26613282664321,0.60638294907694,0.587553490276622
"GT_spanishjapanese_019from50gen_044from20gen_sim_727.txt",63,30.6299045605345,18.4582556884692,1.72336105215258,1.63052538787176,2.08175215215913,3.58164265397029,0.612440335130729,0.602622043826149
"GT_spanishjapanese_019from50gen_sim_012.txt",19,47.911967028941,25.5938094155097,2.02484220348497,1.85499201024608,2.15988532733879,3.57285203953634,0.655175289692252,0.534184067209134
"GT_spanishjapanese_019from50gen_sim_058.txt",19,53.2670133997949,25.2278934224742,2.25123198516935,2.12458237725553,2.74031593736754,3.39215436096654,0.600935338246417,0.473611937525512
"GT_spanishjapanese_019from50gen_sim_120.txt",19,53.3503169844483,25.6346783924611,2.20404744540795,1.98816499484874,2.71347816632102,3.35819527277686,0.640995786601139,0.480497208665764
"GT_spanishjapanese_019from50gen_sim_217.txt",19,57.8594340935415,27.3050390070975,2.24310067122978,2.12458237725553,2.61205507212573,3.38842985453862,0.57322999526396,0.471920256996523
"GT_spanishjapanese_019from50gen_sim_367.txt",19,49.642108635379,24.0775056204163,2.23092574318055,2.10942605919599,2.35748481720602,4.94594293362834,0.847315399437312,0.485021814791661
"GT_spanishjapanese_019from75gen_002from50gen_008from20gen_sim_1369.txt",29,57.2039814283061,42.3436546305106,1.5122629140286,1.44165667002765,1.93880814976593,3.43160904286503,0.610090728651842,0.740222158899552
"GT_spanishjapanese_019from75gen_004from20gen_053from50gen_sim_1027.txt",76,55.4020250843899,28.9460474239399,2.08545448042161,1.97842195474234,2.51327352845643,3.58164265397029,0.650662829802432,0.522472732356777
"GT_spanishjapanese_019from75gen_018from20gen_021from50gen_sim_1043.txt",58,52.3450821097959,30.0346876613778,1.93010906177193,1.8443793278339,2.18215803544776,4.94594293362834,0.782777139441006,0.573782415669516
"GT_spanishjapanese_019from75gen_019from20gen_sim_764.txt",38,52.1553864868898,30.8054962630152,1.70396312276737,1.62238513523476,2.05333484986773,2.60229476591582,0.476456603675653,0.590648413098399
"GT_spanishjapanese_019from75gen_025from50gen_024from20gen_sim_1291.txt",68,47.0609127441274,25.8083933800692,1.84559336243322,1.76044338278955,2.16848523486321,3.45845923446706,0.602908739724889,0.548404012484644
"GT_spanishjapanese_019from75gen_041from20gen_009from50gen_sim_1200.txt",69,40.4792273358039,26.0326430322148,1.66847520330457,1.70474940363586,2.0736860511183,2.90744822122576,0.580128007427899,0.643111164554985
"GT_spanishjapanese_019from75gen_043from20gen_006from50gen_sim_1390.txt",68,40.2084449553166,24.5080576917126,1.62575763751928,1.64188063035859,1.9299813698056,2.99557586349322,0.540840824177239,0.609525131323737
"GT_spanishjapanese_019from75gen_073from50gen_sim_707.txt",92,56.7175730292484,29.090544765936,2.09038275010432,2.02012621390069,2.34405459191329,3.57285203953634,0.559790807708535,0.512901790613192
"GT_spanishjapanese_019from75gen_sim_099.txt",19,73.7963501006783,45.0055651933949,1.7873487453771,1.72128503269206,2.22671387087819,2.50009726854515,0.515473588051077,0.609861668388681
"GT_spanishjapanese_020from20gen_002from75gen_sim_714.txt",22,27.7697361830954,17.1985728689726,1.6049576286407,1.60594556120484,1.84967855545497,2.55984382924636,0.400532703755099,0.61932791711007
"GT_spanishjapanese_020from20gen_016from50gen_sim_724.txt",36,36.8073309502564,20.7128079451608,1.7948704987094,1.8524526084385,2.25817027011932,3.58164265397029,0.751601050692941,0.562735939021312
"GT_spanishjapanese_020from20gen_018from50gen_sim_551.txt",38,37.9690600408476,21.380299156818,1.79704472203893,1.6330598781772,2.00892768958786,3.51315397882442,0.549598745547417,0.563097931152806
"GT_spanishjapanese_020from20gen_018from50gen_sim_645.txt",38,34.229758218456,18.6375488365014,1.8581025738082,1.87039980659383,2.31608097141789,3.50792332882673,0.702128485164752,0.544483800252271
"GT_spanishjapanese_020from20gen_033from75gen_sim_898.txt",53,57.548877726845,36.1408967736033,1.67662849310161,1.66239425396406,1.98713654593684,3.39516585634488,0.522434469105673,0.628003502433977
"GT_spanishjapanese_020from20gen_037from50gen_sim_673.txt",57,43.1665126696909,21.9847849925561,1.98963676207762,1.90981125657712,2.37928090928165,3.39215436096654,0.64912708698125,0.509301855370692
"GT_spanishjapanese_020from20gen_sim_030.txt",20,23.8480743799055,15.6798466949436,1.61032238972918,1.60767515673852,1.94128001270278,2.55451707766914,0.450746763445373,0.657489004988827
"GT_spanishjapanese_020from20gen_sim_481.txt",20,21.0325537537338,14.0606027824262,1.5284363917584,1.4582792459101,1.73062342192088,2.34963013746548,0.352498528929669,0.668516193851644
"GT_spanishjapanese_020from50gen_003from20gen_009from75gen_sim_1354.txt",32,54.3085551274313,30.1156775057647,1.96750420367157,1.90994680861188,2.17037951326278,3.50712655826249,0.572383752682092,0.554529160923179
"GT_spanishjapanese_020from50gen_009from20gen_011from75gen_sim_1230.txt",40,49.7531816914464,27.8555404059249,1.8790887030815,1.83132307895231,2.17278505714152,3.17622300996894,0.561727243033245,0.559874553926546
"GT_spanishjapanese_020from50gen_017from20gen_014from75gen_sim_1280.txt",51,49.0608409890687,26.8096527078043,1.90635005583693,1.8569140427436,2.21796589270284,3.26613282664321,0.536024833198132,0.546457259340047
"GT_spanishjapanese_020from50gen_045from20gen_sim_588.txt",65,31.2750301575515,18.5395373646759,1.66048749156608,1.60342944777293,1.98517286703041,3.50712655826249,0.634571982455447,0.592790391289182
"GT_spanishjapanese_020from50gen_054from75gen_sim_840.txt",74,70.6446971442202,43.0771111303578,1.83124595303657,1.76358110793997,2.16947483966214,3.39516585634488,0.616193899999116,0.609771332764249
"GT_spanishjapanese_020from75gen_003from50gen_034from20gen_sim_1179.txt",57,43.4123059850121,29.749317031715,1.5439044211858,1.5974128108284,1.82377794732303,2.90494266265304,0.527188534582319,0.685273826319795
"GT_spanishjapanese_020from75gen_019from50gen_015from20gen_sim_1216.txt",54,56.182093814767,34.7442068349892,1.7986598243585,1.77961616657596,2.03606787271273,4.22218161781348,0.593598555231942,0.618421359473381
"GT_spanishjapanese_020from75gen_021from50gen_sim_997.txt",41,68.1922065875969,34.7591308388839,2.04997146365358,2.05322799715301,2.34925553711558,3.35507463641524,0.492402553925801,0.509722922578165
"GT_spanishjapanese_020from75gen_026from50gen_013from20gen_sim_1182.txt",59,56.0986336750876,31.5081160399189,1.86008966589034,1.81602504151015,2.16901790439035,3.45845923446706,0.582977650791328,0.561655676364737
"GT_spanishjapanese_020from75gen_052from50gen_sim_539.txt",72,57.93062146056,30.1557980725617,2.04960149503116,1.94480860515642,2.29978300910677,3.49974972920927,0.56905032051437,0.520550225636577
"GT_spanishjapanese_020from75gen_sim_187.txt",20,87.7277410948999,56.6685159085618,1.74861704307563,1.66725685244021,1.96415431504747,3.16378885461427,0.621978060486341,0.64595890879329
"GT_spanishjapanese_020from75gen_sim_356.txt",20,74.4965843849905,46.8034361086489,1.69751334766986,1.69773309188716,2.08353500671344,3.39516585634488,0.68165863516424,0.62826284580745
"GT_spanishjapanese_020from75gen_sim_437.txt",20,76.4838371321645,45.1476996270964,1.79140072043262,1.87649985997319,2.16228717701648,2.35199479300961,0.463719376418064,0.590290724419081
"GT_spanishjapanese_021from20gen_002from75gen_004from50gen_sim_1412.txt",27,30.7655432110383,17.4743866605693,1.7225223668066,1.64195918702648,2.12788121752958,3.26613282664321,0.570659291926515,0.5679856370714
"GT_spanishjapanese_021from20gen_003from50gen_sim_652.txt",24,26.0229687710595,15.879739537043,1.72086302313769,1.65412329369045,1.97041748235388,2.84017439170976,0.518283518833385,0.610220135786471
"GT_spanishjapanese_021from20gen_004from50gen_032from75gen_sim_1481.txt",57,54.1206758183874,32.4868436823406,1.69507003186393,1.67664448810562,2.13334681762569,3.3363868116988,0.576562201598671,0.600266777734939
"GT_spanishjapanese_021from20gen_005from75gen_008from50gen_sim_1416.txt",34,37.9653376886689,22.9453196625182,1.68879022642314,1.58084648869828,2.07925609646619,2.69124345259529,0.522114776656514,0.604375492473664
"GT_spanishjapanese_021from20gen_006from75gen_009from50gen_sim_1322.txt",36,39.6075586416597,21.5243352363125,1.81477861655047,1.76682597751204,2.17653019459504,4.22218161781348,0.689097553329361,0.543440090086062
"GT_spanishjapanese_021from20gen_020from50gen_007from75gen_sim_1105.txt",48,44.6040799595016,23.813059053858,1.90750654962972,1.84429311010023,2.20875733249738,3.50712655826249,0.639896009893179,0.533876252474642
"GT_spanishjapanese_021from20gen_024from50gen_054from75gen_sim_1304.txt",99,63.2979287333666,36.303610515875,1.80939966971446,1.79872124975741,2.17730102300074,3.43160904286503,0.548020980087748,0.573535520708722
"GT_spanishjapanese_021from20gen_051from50gen_sim_995.txt",72,42.1722159994004,22.9281640658498,1.89756763108483,1.84044495991009,2.19567931391314,3.58164265397029,0.695371557533019,0.543679375686017
"GT_spanishjapanese_021from20gen_sim_278.txt",21,23.3130696742566,16.2319943664026,1.47955777538329,1.58537328823104,1.73923720199685,2.17757292743287,0.411372725108822,0.696261564573227
"GT_spanishjapanese_021from20gen_sim_391.txt",21,19.0321493444626,14.3923913056378,1.39068047342277,1.28261758546593,1.61936626400867,2.50259997648457,0.488398324720373,0.756214710443373
"GT_spanishjapanese_021from50gen_006from20gen_014from75gen_sim_1391.txt",41,54.9483524638848,28.8215164623602,1.97464527385296,1.95387130535508,2.30196247249338,3.15845172111698,0.581435313591998,0.524520120622422
"GT_spanishjapanese_021from50gen_007from75gen_009from20gen_sim_1473.txt",37,50.4313341962344,26.3156848734176,2.02148282181798,1.93500902622914,2.59396484249351,3.51315397882442,0.731101745673043,0.521812188648829
"GT_spanishjapanese_021from50gen_007from75gen_035from20gen_sim_1407.txt",63,37.8982302787045,20.897232071504,1.86766325656541,1.8569140427436,2.22701010420842,3.31107056785407,0.548643109287045,0.55140390244677
"GT_spanishjapanese_021from50gen_008from20gen_016from75gen_sim_1373.txt",45,59.8071793990074,30.1945238318093,2.04056860260409,2.05322799715301,2.30537632467529,3.38842985453862,0.556546812480641,0.504864535248597
"GT_spanishjapanese_021from50gen_008from20gen_041from75gen_sim_1018.txt",70,63.5705118459691,35.3473598022262,1.90329128965141,1.84617865905055,2.31192119870864,3.51315397882442,0.627484698854545,0.556033902760962
"GT_spanishjapanese_021from50gen_018from75gen_021from20gen_sim_1060.txt",60,50.155373345878,30.1869450201027,1.83583721603556,1.75411089766465,2.13153318380332,3.43160904286503,0.619199953454462,0.601868613596585
"GT_spanishjapanese_021from50gen_019from75gen_sim_928.txt",40,62.183460274227,35.0811878679376,1.97008526525712,1.93747922196365,2.37238091718777,3.58164265397029,0.685969555819456,0.564156251730456
"GT_spanishjapanese_021from50gen_029from75gen_017from20gen_sim_1351.txt",67,55.3560489014891,32.4746906497934,1.80876313224973,1.5991388753106,2.12178818928293,3.31107056785407,0.602137239094015,0.586651166299547
"GT_spanishjapanese_021from50gen_034from20gen_sim_949.txt",55,33.610038310601,18.5544901523646,1.84368454420004,1.66628740035443,2.08570394420625,4.94594293362834,0.734788252314986,0.552052038170759
"GT_spanishjapanese_021from50gen_039from20gen_sim_640.txt",60,32.2309817078502,19.0675070640333,1.69981552637905,1.55613025177417,1.99517159717111,3.35819527277686,0.582622736492511,0.591589397954616
"GT_spanishjapanese_021from50gen_046from20gen_sim_815.txt",67,29.3944696614915,18.1797385400558,1.64623439446199,1.5920483853865,1.98560979377834,3.38649949602533,0.548376451466423,0.618474793027897
"GT_spanishjapanese_021from50gen_sim_070.txt",21,54.9266922623173,24.5585225904682,2.36623955305585,2.25670299292413,2.87886659987711,3.50792332882673,0.741258304770073,0.44711453719409
"GT_spanishjapanese_021from50gen_sim_081.txt",21,53.0515130107067,27.1680548674673,2.08751885617179,1.81481712877972,2.66329954170939,3.45845923446706,0.648462980489006,0.512107069632196
"GT_spanishjapanese_021from50gen_sim_454.txt",21,51.9077887369874,25.3110012683408,2.12561073913353,2.13101611248577,2.55014038104468,2.93782378210181,0.461518557362948,0.487614708393563
"GT_spanishjapanese_021from75gen_002from50gen_sim_565.txt",23,82.2725738274998,45.978135706969,1.9133531598759,1.80148443575976,2.39035976717143,2.8774037049091,0.599482312119511,0.558851310563967
"GT_spanishjapanese_021from75gen_004from20gen_006from50gen_sim_1458.txt",31,64.9180626229352,39.5827908555306,1.78592389444445,1.74253263697486,2.04994882664848,3.51315397882442,0.628647175687569,0.609734629411849
"GT_spanishjapanese_021from75gen_005from20gen_004from50gen_sim_1465.txt",30,65.8340399189646,40.0565605316467,1.81064936911544,1.61054025671888,2.23121110204386,3.49666429212218,0.730435293271039,0.608447553590095
"GT_spanishjapanese_021from75gen_009from20gen_006from50gen_sim_1464.txt",36,58.4403175040251,35.2074454926745,1.88381441183933,1.73969052952057,2.18943244081272,3.51315397882442,0.680362194088375,0.6024513041061
"GT_spanishjapanese_021from75gen_010from50gen_sim_930.txt",31,68.7890540997769,35.7200754408531,2.10756050117289,2.18880611601663,2.49227285555932,3.26613282664321,0.550050976695094,0.519269757497202
"GT_spanishjapanese_021from75gen_018from50gen_sim_519.txt",39,69.9253904411874,39.7329175854107,1.94588332401903,1.89960719961079,2.37285006468435,2.82769111298873,0.541241561730431,0.56821874478955
"GT_spanishjapanese_021from75gen_023from20gen_sim_592.txt",44,45.6132303595502,26.6221578153684,1.70022724820295,1.69901845103871,2.19457649768062,2.92030704795649,0.579797910399938,0.583649910464946
"GT_spanishjapanese_021from75gen_029from50gen_004from20gen_sim_1202.txt",54,57.3728133010686,30.9301843575002,1.92808212295098,1.8430127769555,2.14881739921016,3.49666429212218,0.56018707791767,0.53910872725016
"GT_spanishjapanese_021from75gen_032from50gen_023from20gen_sim_1002.txt",76,50.795874641025,28.8472151394168,1.85520758697764,1.80989620496706,2.14329090917773,3.51315397882442,0.563286282503727,0.567904684057128
"GT_spanishjapanese_021from75gen_037from50gen_055from20gen_sim_1148.txt",113,42.0576475544834,24.4085155322022,1.7967108858386,1.75266675221677,2.1330315672709,3.58164265397029,0.642004724836179,0.580358554305309
"GT_spanishjapanese_021from75gen_038from50gen_sim_527.txt",59,63.6672278095769,35.4080220618153,2.02711527607126,2.0343046688146,2.33858437897992,4.94594293362834,0.701100142057055,0.556142041675156
"GT_spanishjapanese_021from75gen_043from50gen_sim_680.txt",64,60.9427189248757,32.5667329224222,2.10745824473204,2.07267213245958,2.44067148194302,3.57285203953634,0.645798668434048,0.534382671087703
"GT_spanishjapanese_021from75gen_sim_034.txt",21,79.1737447108257,56.9265519819534,1.56773642605285,1.29014972226164,1.90333487063711,3.35507463641524,0.624843705480064,0.719007951308506
"GT_spanishjapanese_021from75gen_sim_113.txt",21,80.6439804341151,48.9048430088529,1.80807877400852,1.9203508266044,2.28108757200514,3.39516585634488,0.671244960608414,0.606428933016363
"GT_spanishjapanese_021from75gen_sim_267.txt",21,79.3137775044414,48.6283033929868,1.72258377695099,1.73188034576319,2.14950326041201,2.65160137302969,0.507074247936421,0.613112941068325
"GT_spanishjapanese_022from20gen_003from75gen_008from50gen_sim_1244.txt",33,35.0523713516045,20.7757791183393,1.72099522730395,1.5263021707897,2.1330315672709,3.51315397882442,0.767951432185679,0.592706807477898
"GT_spanishjapanese_022from20gen_004from50gen_007from75gen_sim_1313.txt",33,36.4227142648682,22.3849309006584,1.62794419884757,1.48001938563098,1.97726471057323,3.49666429212218,0.597698136657619,0.614587115553053
"GT_spanishjapanese_022from20gen_009from50gen_013from75gen_sim_1337.txt",44,44.0670989150149,25.0956415272448,1.86140891363469,1.76078751385204,2.25935164809653,3.51315397882442,0.730889397616163,0.569487035569161
"GT_spanishjapanese_022from20gen_010from50gen_sim_529.txt",32,30.1489028983879,17.8221394410462,1.69676677545249,1.63306961597862,2.04681318198393,3.15845172111698,0.591728281904595,0.591137246390454
"GT_spanishjapanese_022from20gen_020from50gen_sim_602.txt",42,37.3330793578798,20.7183633983524,1.84165070837734,1.6563820528217,2.00627364624528,3.49974972920927,0.577847676415755,0.55495993780056
"GT_spanishjapanese_022from20gen_023from50gen_016from75gen_sim_1028.txt",61,48.1187451017313,28.1880853063553,1.84894143133825,1.90719056961592,2.22645352849203,3.04437192816865,0.613423267468238,0.585802585806442
"GT_spanishjapanese_022from20gen_023from75gen_019from50gen_sim_1086.txt",64,47.4107186159044,28.9102008852387,1.72823048136318,1.74724270232915,2.07770089311667,2.87886659987711,0.51701175598647,0.609781959211657
"GT_spanishjapanese_022from20gen_049from50gen_sim_897.txt",71,40.9714748921273,21.9362509541108,1.93890611066664,1.80218008044148,2.32728669357553,3.58164265397029,0.607001120051359,0.535403009334329
"GT_spanishjapanese_022from20gen_sim_309.txt",22,22.892750661063,16.4927153278745,1.42794895806811,1.41191376930156,1.63257109932172,2.15192243025251,0.392316295997391,0.720433973708806
"GT_spanishjapanese_022from50gen_002from20gen_008from75gen_sim_1208.txt",32,55.7515970303515,30.1322358644442,2.07027011233683,2.09831511420983,2.51770754710876,3.39516585634488,0.658309698903013,0.540473053140343
"GT_spanishjapanese_022from50gen_004from75gen_016from20gen_sim_1206.txt",42,43.3714351445504,24.0031248767576,1.85379308779108,1.74350467812521,2.1740080787025,4.22218161781348,0.73515810839614,0.553431649120184
"GT_spanishjapanese_022from50gen_005from20gen_017from75gen_sim_1378.txt",44,61.3955268667156,34.6111930351386,1.95552961645788,1.9746648819324,2.28352915611039,3.49666429212218,0.617281599592973,0.56374128216664
"GT_spanishjapanese_022from50gen_007from20gen_sim_503.txt",29,46.267717472577,25.9529606754233,1.8258759990913,1.89960719961079,2.0745468282719,2.93516358370552,0.550496361824541,0.560930214264529
"GT_spanishjapanese_022from50gen_012from75gen_sim_857.txt",34,61.9008620857305,33.2258433967836,2.09120224225144,2.06820155809775,2.47603218699584,3.43914004377969,0.671718792485106,0.536758976809837
"GT_spanishjapanese_022from50gen_016from20gen_sim_635.txt",38,39.2369862198214,21.5447758274843,1.84146006805706,1.80387196673367,2.05513938786616,3.0747606735597,0.500913880267485,0.549093544208053
"GT_spanishjapanese_022from50gen_026from75gen_sim_932.txt",48,70.8635892863748,35.5756547242048,2.06502937783499,2.04828481658927,2.2687381123061,3.43160904286503,0.474786901584379,0.502030098707476
"GT_spanishjapanese_022from50gen_050from20gen_008from75gen_sim_1109.txt",80,34.9675025217118,20.686621369915,1.6612878542529,1.62260161904352,2.03628216382801,3.38649949602533,0.665255417577171,0.591595621021843
"GT_spanishjapanese_022from50gen_sim_216.txt",22,55.7062007733367,25.7349414596427,2.24766192643085,2.09488962231566,2.46267524966934,3.39215436096654,0.56558625542963,0.461976245056736
"GT_spanishjapanese_022from75gen_004from20gen_sim_964.txt",26,64.8325801597266,35.1490823948305,2.02789594665979,2.07651985893486,2.26662511837991,3.43160904286503,0.722699357250352,0.542151527954534
"GT_spanishjapanese_022from75gen_006from20gen_006from50gen_sim_1019.txt",34,62.4289382417765,36.305667323084,1.91324408033332,1.83152689676518,2.34106522797148,3.43160904286503,0.685215084356722,0.581551894771595
"GT_spanishjapanese_022from75gen_016from20gen_sim_899.txt",38,54.7078802956406,30.7889640710789,1.83013030178659,1.72658268922763,2.13205056764841,3.51315397882442,0.574662477877321,0.562788466756447
"GT_spanishjapanese_022from75gen_022from50gen_025from20gen_sim_1248.txt",69,51.7334814095835,29.8125224491501,1.76455825023288,1.71856287336872,2.12816181771657,3.58164265397029,0.526901547233499,0.576271336025482
"GT_spanishjapanese_022from75gen_028from20gen_sim_564.txt",50,47.5437693854988,30.0508123703861,1.63025999831855,1.59328655233852,1.98237845885818,3.51315397882442,0.56585289986101,0.63206625723605
"GT_spanishjapanese_022from75gen_033from20gen_sim_856.txt",55,40.9758029281389,25.3696384056122,1.69262677911991,1.5263021707897,1.90847151965552,3.49666429212218,0.575051794174676,0.619137066090055
"GT_spanishjapanese_022from75gen_035from20gen_sim_623.txt",57,45.6655668832365,29.2384727701048,1.65344735508647,1.6391395697891,2.00582796772422,2.99557586349322,0.515509518963893,0.640273947433202
"GT_spanishjapanese_022from75gen_051from50gen_sim_885.txt",73,59.4547365943942,30.7145638711154,2.15560582833179,2.15486422669867,2.4785015692528,4.94594293362834,0.682302353328298,0.516604153520233
"GT_spanishjapanese_022from75gen_054from50gen_sim_647.txt",76,56.8907969859595,29.6808415714849,2.09401008386805,2.10109537185645,2.43000822122425,3.50792332882673,0.606899808643001,0.521716044491521
"GT_spanishjapanese_022from75gen_sim_044.txt",22,77.0338466985044,46.0699394842379,1.77364243293812,1.90008673878375,2.06548208158245,2.60229476591582,0.479601760615694,0.598048019911907
"GT_spanishjapanese_022from75gen_sim_086.txt",22,75.4738929494792,45.9350119787925,1.75444662688361,1.74384480420237,2.09327054432377,2.70258675745448,0.520648119994872,0.608621209052255
"GT_spanishjapanese_022from75gen_sim_311.txt",22,73.1962958960546,42.1786954303218,1.81033190097674,1.77876364402947,2.12637450454347,2.66785270222031,0.488357387895045,0.576240845441406
"GT_spanishjapanese_022from75gen_sim_421.txt",22,80.1549356416556,45.1584123702777,1.87077966208595,1.85573140378895,2.31030898505588,2.70258675745448,0.506192452867813,0.563389041595206
"GT_spanishjapanese_023from20gen_007from50gen_043from75gen_sim_1339.txt",73,59.0688429732208,36.6502768187126,1.67359275818981,1.6336577249865,1.95953333917034,2.82769111298873,0.449027701818285,0.620467152798782
"GT_spanishjapanese_023from20gen_010from75gen_002from50gen_sim_1087.txt",35,40.672656474662,24.2571948617186,1.67582381935509,1.55787821586388,1.89295965160671,3.39516585634488,0.499885946866546,0.596400554186328
"GT_spanishjapanese_023from20gen_012from50gen_sim_518.txt",35,30.3841284262865,18.1384021144353,1.709325374591,1.68297481339143,2.09789758237691,3.43914004377969,0.657054373318784,0.596969636908954
"GT_spanishjapanese_023from20gen_013from50gen_sim_693.txt",36,32.0747939608302,18.7368649945349,1.69503590963587,1.67022418656262,1.93901946486214,2.62362075103359,0.438922092303772,0.584161663436291
"GT_spanishjapanese_023from20gen_016from50gen_002from75gen_sim_1422.txt",41,35.1248035835758,20.5748851805523,1.74254774836174,1.74671325040474,1.90981125657712,3.15753762111808,0.518794482693585,0.585765131229746
"GT_spanishjapanese_023from20gen_031from75gen_sim_558.txt",54,52.9635868337852,33.374049099047,1.64890908031924,1.64403560418008,1.98465428771786,3.3363868116988,0.531547075272488,0.630131966020056
"GT_spanishjapanese_023from20gen_043from75gen_sim_584.txt",66,56.1483293153177,34.5766463677452,1.69620584552136,1.65223128875862,2.02726076219965,3.3363868116988,0.528059575358962,0.615808997157685
"GT_spanishjapanese_023from20gen_sim_166.txt",23,21.8698772584445,14.8412684908839,1.52292860661029,1.5263021707897,1.70297231868322,2.92030704795649,0.426528810938781,0.678616908339224
"GT_spanishjapanese_023from20gen_sim_343.txt",23,21.4996874358158,14.4958194026417,1.52201495605081,1.55625554816366,1.94716355777638,2.10378150890496,0.471848041200196,0.674233960187417
"GT_spanishjapanese_023from20gen_sim_357.txt",23,22.8707757224672,15.9818162942758,1.51747473088167,1.51940264124598,1.75003498023689,2.55451707766914,0.483506843474599,0.698787679447881
"GT_spanishjapanese_023from50gen_003from20gen_sim_525.txt",26,47.1222199925532,23.6213702551971,2.0162741779778,2.06577357650116,2.30339822065644,3.1400023843157,0.542834858923735,0.501278807724467
"GT_spanishjapanese_023from50gen_003from75gen_sim_627.txt",26,51.3651500730199,28.1611814559553,1.94637426384606,1.85396939846018,2.12090909103919,3.30274564617087,0.573095777565675,0.548254632098257
"GT_spanishjapanese_023from50gen_012from75gen_047from20gen_sim_1185.txt",82,37.7538398017015,21.4053155869898,1.82635231329301,1.75352318636016,2.07604287513973,4.94594293362834,0.732077042996137,0.56697055715178
"GT_spanishjapanese_023from50gen_021from20gen_014from75gen_sim_1021.txt",58,51.3302585823683,29.2028990567082,1.89374538844269,1.77454677887717,2.32939535404427,3.50712655826249,0.651784135882918,0.568921721090633
"GT_spanishjapanese_023from50gen_039from20gen_sim_925.txt",62,33.9306613862185,19.4142153881707,1.71785011823222,1.57692163287249,2.1213325780086,3.43914004377969,0.645153861215708,0.57217320839069
"GT_spanishjapanese_023from50gen_048from75gen_sim_852.txt",71,68.5605039607423,37.9022924087261,1.96169933133332,1.97706015263145,2.31019766853837,3.30274564617087,0.563138654573653,0.552829839617704
"GT_spanishjapanese_023from50gen_052from75gen_sim_996.txt",75,68.5889819501613,38.3501762444044,2.01587048903468,1.97104999830886,2.38637441965949,4.94594293362834,0.713526048576598,0.559130273609699
"GT_spanishjapanese_023from50gen_066from20gen_sim_675.txt",89,28.2015041840513,17.6075128487484,1.6455185561687,1.55625554816366,1.99117429490025,3.38649949602533,0.568883830811492,0.624346585694031
"GT_spanishjapanese_023from50gen_sim_156.txt",23,52.1423457338074,26.2525187113815,2.06426486854712,1.90575372651177,2.34542445284727,2.83529511394042,0.428578405424122,0.503477899621232
"GT_spanishjapanese_023from50gen_sim_330.txt",23,49.6916545600142,24.8889799515312,2.13119003632111,1.85499201024608,2.54393007827589,3.43914004377969,0.62971831654406,0.500868408828528
"GT_spanishjapanese_023from50gen_sim_386.txt",23,50.30901406485,24.2264117978215,2.16061962579547,2.0343046688146,2.55013469709853,3.39215436096654,0.580487630898843,0.48155210846694
"GT_spanishjapanese_023from75gen_008from20gen_010from50gen_sim_1033.txt",41,59.4547679876297,37.3529617971079,1.73984022601861,1.78248901730319,2.04629312074387,3.30274564617087,0.557853183295586,0.62825847381794
"GT_spanishjapanese_023from75gen_009from50gen_002from20gen_sim_1042.txt",34,70.4591465486358,40.6366007001323,1.87845063498069,1.83660722731689,2.12944627644439,3.58164265397029,0.569877884054993,0.576739893834537
"GT_spanishjapanese_023from75gen_015from20gen_040from50gen_sim_1161.txt",78,54.3421662748801,30.4804170675327,1.92779472573766,1.88336264966036,2.21599024602112,4.94594293362834,0.669481856600984,0.560898086273428
"GT_spanishjapanese_023from75gen_018from20gen_004from50gen_sim_1046.txt",45,50.1638497489647,30.5753840496359,1.60517520953711,1.56664596784273,1.97299507146058,2.91308842997377,0.539385017437818,0.609510318738384
"GT_spanishjapanese_023from75gen_019from20gen_015from50gen_sim_1500.txt",57,51.1101111095049,27.7618906764411,1.93826315362212,1.82121728103358,2.27377287524606,3.51315397882442,0.642998657764634,0.543178053691969
"GT_spanishjapanese_023from75gen_030from50gen_sim_732.txt",53,62.8859487607947,36.6704583860447,1.85241045697353,1.81602504151015,2.06728134372744,3.50712655826249,0.599727426578207,0.583126423448451
"GT_spanishjapanese_023from75gen_038from50gen_sim_625.txt",61,61.5023321136491,33.2731834731145,2.0736306684966,2.06893512912576,2.45879967441557,3.50792332882673,0.636981438680384,0.541006858270505
"GT_spanishjapanese_023from75gen_sim_183.txt",23,73.5134668931318,49.1624843659731,1.59678105102324,1.5922469328689,1.87189171546017,2.66785270222031,0.482751736601831,0.668754807026606
"GT_spanishjapanese_023from75gen_sim_291.txt",23,77.9078690011449,48.0847316143246,1.72491005737219,1.79547551338756,2.05963911968018,2.70597645357651,0.52560369396496,0.617199934112149
"GT_spanishjapanese_023from75gen_sim_392.txt",23,86.497049267714,47.8230902484234,1.93701229153468,1.92860197407458,2.14020255594976,3.3363868116988,0.528107425403696,0.552886955720395
"GT_spanishjapanese_023from75gen_sim_396.txt",23,75.3285638480743,47.7365235652775,1.75595617580691,1.82447756301053,2.18286145289541,2.86490450025698,0.600198186790101,0.633710788135486
"GT_spanishjapanese_023from75gen_sim_462.txt",23,83.7237186684407,52.3892637891717,1.79916106536552,1.74483271492401,2.21113298893583,2.99557586349322,0.582748589642919,0.62573980972634
"GT_spanishjapanese_024from20gen_003from50gen_002from75gen_sim_1183.txt",29,28.3943070718383,16.7782422254753,1.68485065994378,1.5848984927239,2.10895954128436,2.92030704795649,0.506021211998128,0.590901626267053
"GT_spanishjapanese_024from20gen_003from50gen_sim_730.txt",27,24.3792369816548,15.676563176976,1.59446012655379,1.4917209073667,1.89052241249265,2.92030704795649,0.480713848573958,0.643029278921752
"GT_spanishjapanese_024from20gen_007from50gen_sim_963.txt",31,26.8829916242999,15.1198605348628,1.8203422044808,1.97726471057323,2.18829204386457,2.78766341929524,0.553175068268522,0.562432215363847
"GT_spanishjapanese_024from20gen_008from75gen_019from50gen_sim_1330.txt",51,40.0328265739913,23.0737608341768,1.76280351152757,1.6336577249865,2.1059974764407,4.22218161781348,0.738302311522325,0.576371013711218
"GT_spanishjapanese_024from20gen_013from75gen_003from50gen_sim_1142.txt",40,45.275698144946,28.7657378219633,1.5760084256988,1.64882114641384,1.78102997235432,2.31599993143928,0.362655482539711,0.635346090741051
"GT_spanishjapanese_024from20gen_036from50gen_sim_649.txt",60,37.6477255804068,22.3065300737597,1.76462877308891,1.68940424704337,2.09476526481922,3.26613282664321,0.602691655509868,0.592506711358117
"GT_spanishjapanese_024from20gen_sim_082.txt",24,20.2977868770616,14.9075011036697,1.42404814010855,1.44094615685325,1.67066196268411,2.92030704795649,0.526062615341838,0.734439729511426
"GT_spanishjapanese_024from20gen_sim_362.txt",24,21.3764441914491,14.3226948189118,1.55789713192328,1.59363577303492,1.82071413336895,2.34963013746548,0.468867421059692,0.670022324135702
"GT_spanishjapanese_024from20gen_sim_371.txt",24,20.9755915825238,15.1494736835713,1.44301116898934,1.42932135113424,1.68761172250786,2.78766341929524,0.453823810962596,0.722242975792555
"GT_spanishjapanese_024from50gen_009from75gen_036from20gen_sim_1296.txt",69,37.8518880561461,21.4934449240165,1.77423368246173,1.71904216864034,2.16906648906037,3.39215436096654,0.633821338473331,0.567830193625613
"GT_spanishjapanese_024from50gen_015from20gen_sim_988.txt",39,40.7774734470376,22.1262737123324,1.90073018263905,1.71918821329923,2.16684058827502,3.58164265397029,0.697889341091454,0.542610216914748
"GT_spanishjapanese_024from50gen_024from20gen_007from75gen_sim_1241.txt",55,39.7212052627603,22.5324363411009,1.78916506297664,1.76522701716849,2.09844250855741,3.23928569860486,0.512218765585051,0.567264668633448
"GT_spanishjapanese_024from50gen_024from20gen_sim_864.txt",48,36.378342835562,20.9651245545512,1.80739042107021,1.70099310116195,2.16972018561553,3.30274564617087,0.61080226851231,0.57630785023161
"GT_spanishjapanese_024from50gen_031from75gen_sim_812.txt",55,62.9376068400449,37.5576462397537,1.85481367747706,1.87141036857812,2.26533296872574,3.30274564617087,0.584987605746352,0.596744110960653
"GT_spanishjapanese_024from50gen_036from20gen_010from75gen_sim_1254.txt",70,40.8494378662489,22.7116602533778,1.83835732999788,1.72619690882301,2.22403838166311,4.94594293362834,0.800540407618992,0.555984646049264
"GT_spanishjapanese_024from50gen_036from20gen_sim_572.txt",60,33.3102372024277,20.1881618026351,1.68518809653335,1.59921651099256,1.91650064356846,4.22218161781348,0.672675179032034,0.606064786628531
"GT_spanishjapanese_024from50gen_039from75gen_sim_816.txt",63,67.7166945627616,40.8527785710774,1.83821346469524,1.7290100323744,2.27953525470012,3.39516585634488,0.595094753967904,0.603289614693374
"GT_spanishjapanese_024from50gen_046from20gen_sim_654.txt",70,30.8118225705058,18.7037640351042,1.70418756450729,1.58630494231758,2.00356737801761,4.94594293362834,0.690692289205261,0.60703205700685
"GT_spanishjapanese_024from50gen_052from75gen_sim_594.txt",76,67.8721014770597,41.4173137644992,1.83449122066335,1.76514602311208,2.15915151450894,3.50712655826249,0.602341689442567,0.610225893454882
"GT_spanishjapanese_024from50gen_053from20gen_sim_750.txt",77,31.1637383732384,17.6090394538309,1.76257080169214,1.71559853333286,2.21679294117635,3.49974972920927,0.627960449590674,0.565049008014795
"GT_spanishjapanese_024from50gen_sim_029.txt",24,50.813993686492,23.1600825930024,2.30184446084984,2.2118600427957,2.72626779340955,3.50712655826249,0.629750691591926,0.455781585204531
"GT_spanishjapanese_024from50gen_sim_284.txt",24,51.8691337480421,24.9082224690468,2.21329179733107,2.12904235196663,2.49641127220077,3.31202315874929,0.613268421113622,0.480212809992937
"GT_spanishjapanese_024from50gen_sim_350.txt",24,52.1154141641017,25.0349060002102,2.21440144061454,1.98623525938394,2.41622766518371,3.57285203953634,0.609041563171619,0.480374307712109
"GT_spanishjapanese_024from75gen_008from50gen_007from20gen_sim_1394.txt",39,62.6238513360322,34.2439888299792,1.90677177946294,1.76648772059604,2.19262901149564,3.3363868116988,0.547822899023375,0.546820230621556
"GT_spanishjapanese_024from75gen_008from50gen_027from20gen_sim_1266.txt",59,47.110179071507,28.8446029007759,1.68447058966484,1.62720628503375,1.98817358096533,3.35819527277686,0.595088665407876,0.612279627657404
"GT_spanishjapanese_024from75gen_014from20gen_012from50gen_sim_1073.txt",50,54.9235883249251,33.0747172873694,1.81146476476512,1.67435524538211,2.1898719441863,4.94594293362834,0.728055063337442,0.602195127741857
"GT_spanishjapanese_024from75gen_015from20gen_034from50gen_sim_1168.txt",73,55.6809317212487,31.7763043574507,1.85350597886784,1.83606238041437,2.19267068773985,4.22218161781348,0.617832024194592,0.570685571795566
"GT_spanishjapanese_024from75gen_020from20gen_sim_877.txt",44,53.7824244473724,33.3229093625485,1.70603080133395,1.66629326040416,1.97915970870089,3.35507463641524,0.525472800421745,0.619587341123974
"GT_spanishjapanese_024from75gen_033from20gen_014from50gen_sim_1421.txt",71,46.042199948492,27.6915216447801,1.72077165474389,1.6589985632331,2.14201739098246,3.15753762111808,0.557439864288489,0.60143784779526
"GT_spanishjapanese_024from75gen_046from20gen_sim_938.txt",70,42.7839808929319,27.0541087080307,1.6153236123805,1.53244070453021,1.83505374643453,3.51315397882442,0.496694120412008,0.632342015478511
"GT_spanishjapanese_024from75gen_sim_090.txt",24,79.6949596693544,48.7132759846118,1.80095517055168,1.78589381972379,2.19392147289153,2.7959334912223,0.465899448570728,0.61124663575611
"GT_spanishjapanese_024from75gen_sim_138.txt",24,75.7656016180933,47.2534400085903,1.72172395921008,1.71817356068903,2.06189260166697,3.35507463641524,0.610212967059191,0.623679334677201
"GT_spanishjapanese_025from20gen_008from75gen_004from50gen_sim_1098.txt",37,36.4577985752391,22.8793726341312,1.60618676595661,1.50066837808036,1.92928511341263,2.53008880167436,0.44295141949983,0.627557711333401
"GT_spanishjapanese_025from20gen_009from75gen_035from50gen_sim_1436.txt",69,46.4305824602177,26.7741889528744,1.84435174820526,1.74489294460313,2.34925553711558,3.45845923446706,0.660117935194423,0.576649861668543
"GT_spanishjapanese_025from20gen_036from50gen_sim_713.txt",61,38.6307974829801,20.2439093947863,1.9100801594616,1.75266675221677,2.24936222517586,3.49974972920927,0.598468731121359,0.524035503116531
"GT_spanishjapanese_025from20gen_038from75gen_sim_771.txt",63,54.4567203080411,33.7470580975388,1.67055438989697,1.66628740035443,2.05776557391013,2.53134935310944,0.466678469833013,0.619704196408532
"GT_spanishjapanese_025from20gen_084from75gen_sim_542.txt",109,64.9633640936541,39.881774531568,1.72610273316218,1.73188034576319,2.08792547583047,3.49666429212218,0.558220856875704,0.61391178070878
"GT_spanishjapanese_025from20gen_sim_122.txt",25,20.302829971584,14.6483365687407,1.45151032107381,1.3901714063398,1.68372154504346,3.51315397882442,0.651393500305983,0.721492352999194
"GT_spanishjapanese_025from20gen_sim_188.txt",25,21.7224905389164,14.5036150968597,1.55824310471402,1.53857923827073,1.89917780605721,2.3950651477266,0.453936985270105,0.667677358214338
"GT_spanishjapanese_025from50gen_004from75gen_sim_785.txt",29,55.1363498913506,28.3310275629921,2.06124654844742,2.12458237725553,2.3634477125206,3.57285203953634,0.585501321088299,0.513835747538966
"GT_spanishjapanese_025from50gen_007from75gen_045from20gen_sim_1069.txt",77,37.4233621429012,22.0309688775485,1.71020861213867,1.69032558288194,1.99639713797152,3.50792332882673,0.572501383698127,0.588695606595237
"GT_spanishjapanese_025from50gen_008from75gen_009from20gen_sim_1457.txt",42,52.1855436924551,29.2932108801963,1.94676122736577,1.81471834191248,2.1213325780086,4.94594293362834,0.713209581992755,0.561328076848828
"GT_spanishjapanese_025from50gen_008from75gen_sim_606.txt",33,54.3522959880203,29.2689271151468,1.99691994726493,2.11506546224459,2.24931501598386,3.58164265397029,0.624179868502871,0.538503969024563
"GT_spanishjapanese_025from50gen_026from20gen_012from75gen_sim_1190.txt",63,40.4988814204353,23.2247842177612,1.76242855587466,1.70208567185551,2.06806719912322,3.35507463641524,0.510805422880394,0.573467300902839
"GT_spanishjapanese_025from50gen_041from20gen_sim_834.txt",66,34.5298541568263,20.0042838461442,1.71857455817319,1.69340043611862,2.07314390348536,2.99372986940711,0.505450053647526,0.579332995595335
"GT_spanishjapanese_025from50gen_sim_475.txt",25,50.4409876445985,26.3475311564973,2.03581935061749,2.0291609806553,2.2847360325257,3.33270632467863,0.608878754716471,0.522343680939378
"GT_spanishjapanese_025from75gen_007from50gen_006from20gen_sim_1131.txt",38,63.9578065530498,40.2321096145361,1.71493836487642,1.7684485724803,1.99025775746083,3.49974972920927,0.638873656557764,0.629041422506659
"GT_spanishjapanese_025from75gen_027from20gen_059from50gen_sim_1186.txt",111,50.1609373248311,26.9764147559149,1.94623940605337,1.87376085898898,2.32440079188035,4.94594293362834,0.722085248841258,0.537797262065133
"GT_spanishjapanese_025from75gen_043from50gen_sim_575.txt",68,60.7907526250722,32.5000065436922,1.96243761582192,1.94444016579211,2.13017024044088,3.45845923446706,0.484814657871665,0.534620894466242
"GT_spanishjapanese_025from75gen_052from20gen_sim_893.txt",77,41.631849665832,26.0577249051232,1.66189222392239,1.60499895708472,2.01619140413821,3.49666429212218,0.512279347955968,0.625908411811673
"GT_spanishjapanese_025from75gen_076from20gen_sim_622.txt",101,34.7647213530482,22.5108735034473,1.54276528619801,1.56056701303782,1.88206958445873,2.57126813168516,0.473979377764975,0.647520607884105
"GT_spanishjapanese_025from75gen_sim_140.txt",25,77.4825169323059,47.9841152688173,1.75545704644993,1.7290100323744,1.97299507146058,2.65160137302969,0.514619331433169,0.61928957871541
"GT_spanishjapanese_025from75gen_sim_225.txt",25,76.9249580298333,45.2488874605524,1.79990307619393,1.76522701716849,2.07935366675142,3.43160904286503,0.55838621779152,0.588221152398989
"GT_spanishjapanese_026from20gen_005from50gen_039from75gen_sim_1218.txt",70,53.9987010534318,32.6014611630108,1.77216472829416,1.76505436114741,2.07604287513973,3.43914004377969,0.589365779061219,0.603745285108833
"GT_spanishjapanese_026from20gen_017from75gen_009from50gen_sim_1261.txt",52,44.2096956332586,26.9757757210191,1.62356821310959,1.50939335414139,1.94842228996775,3.49974972920927,0.568687091702719,0.610177820376701
"GT_spanishjapanese_026from20gen_026from50gen_007from75gen_sim_1194.txt",59,41.8129372823104,23.6985163913622,1.8008018471552,1.75555504311254,2.09446223819913,3.26613282664321,0.540879865773876,0.566774733651352
"GT_spanishjapanese_026from20gen_035from75gen_034from50gen_sim_1340.txt",95,53.0042128306812,30.2247885739076,1.85059736450174,1.80087484870331,2.11147873365456,4.94594293362834,0.671064602261108,0.570233703318241
"GT_spanishjapanese_026from20gen_051from75gen_sim_638.txt",77,61.638793569765,37.4262092345543,1.75589630018144,1.82628040768838,2.20052518198255,2.81575118106328,0.583262088308418,0.607185946820877
"GT_spanishjapanese_026from20gen_sim_130.txt",26,22.4079852484834,14.9608137789371,1.60024644450589,1.45210309357334,1.75393078953824,3.51315397882442,0.556914306570615,0.667655463578534
"GT_spanishjapanese_026from20gen_sim_440.txt",26,19.1043822008384,13.8482224493998,1.45816447979384,1.3991226138449,1.81362318024612,2.78766341929524,0.514158612152966,0.724871513970867
"GT_spanishjapanese_026from20gen_sim_498.txt",26,21.7705646847166,14.149217489444,1.5964012221585,1.57766917180076,1.86638938247759,2.3950651477266,0.417584225734786,0.649924230002958
"GT_spanishjapanese_026from50gen_004from75gen_sim_989.txt",30,54.5139173306783,28.125317853462,2.05584973242819,2.06460509943135,2.3618312692439,3.15753762111808,0.535039229243278,0.515929128388543
"GT_spanishjapanese_026from50gen_005from20gen_006from75gen_sim_1005.txt",37,51.725613704316,28.4729839702913,1.9518292581688,2.06893512912576,2.34062466378317,3.30274564617087,0.584262147346917,0.550461984521905
"GT_spanishjapanese_026from50gen_006from75gen_004from20gen_sim_1461.txt",36,56.5223466745876,28.3408665162308,2.05421172226026,2.00746492706392,2.38600917276459,3.39215436096654,0.644991819547507,0.501409941087475
"GT_spanishjapanese_026from50gen_009from75gen_025from20gen_sim_1075.txt",60,44.109385605576,23.6426383229532,1.86035038239165,1.82561546515767,2.27152722755292,3.38649949602533,0.583986978412531,0.536000173168688
"GT_spanishjapanese_026from50gen_016from20gen_022from75gen_sim_1288.txt",64,53.5607541878329,31.1166002780584,1.79584004367191,1.72345919338976,2.15878439416022,2.99557586349322,0.524581817959288,0.580958964262064
"GT_spanishjapanese_026from50gen_024from20gen_018from75gen_sim_1393.txt",68,50.009279396089,29.1112709837457,1.78535264145138,1.77065883588757,2.08746281866294,3.15845172111698,0.533436745843837,0.582117385719066
"GT_spanishjapanese_026from50gen_024from20gen_sim_579.txt",50,37.9569704406071,20.2126773867233,1.88641482554956,1.84063620896723,2.22258112491967,3.43914004377969,0.615157442537112,0.532515560438391
"GT_spanishjapanese_026from50gen_069from20gen_015from75gen_sim_1036.txt",110,36.0622764787007,20.2545649379905,1.7979713154513,1.67432704831745,2.19584568149338,4.94594293362834,0.656298814929296,0.561655195282898
"GT_spanishjapanese_026from50gen_sim_015.txt",26,53.207831480952,25.8938386748481,2.1016904147437,2.13036565292551,2.382210836808,3.15753762111808,0.489064039698879,0.486654651282263
"GT_spanishjapanese_026from50gen_sim_088.txt",26,51.8619742270433,24.6183174769273,2.17913090903437,2.13786162331345,2.35667487278646,3.35819527277686,0.513198753579038,0.474689169547467
"GT_spanishjapanese_026from50gen_sim_313.txt",26,51.8539007454741,28.8412783741202,1.87756897409115,1.81557322498058,2.11182370852867,3.04437192816865,0.437468769218702,0.556202676355791
"GT_spanishjapanese_026from50gen_sim_325.txt",26,54.5448313380241,28.0937442868444,2.08737076259913,2.12518199258751,2.42305192517063,3.15845172111698,0.559550037595506,0.515057863370086
"GT_spanishjapanese_026from50gen_sim_366.txt",26,51.2422884350714,26.2179099176628,2.15233956320492,1.98307815200541,2.65622448286277,3.58164265397029,0.7603526275278,0.511645961145613
"GT_spanishjapanese_026from75gen_003from20gen_sim_560.txt",29,68.1409160242561,45.7250611188614,1.60404010058946,1.55787821586388,1.81271918738728,2.55597235305477,0.436234747619199,0.671036783576327
"GT_spanishjapanese_026from75gen_011from20gen_sim_986.txt",37,56.4484650766054,35.9169818324372,1.72081261537462,1.7082329216214,2.10378150890496,2.75429924174085,0.581177335227148,0.636279158054957
"GT_spanishjapanese_026from75gen_012from20gen_055from50gen_sim_1210.txt",93,55.3888632390411,29.6866967803336,1.96426919461952,1.88245190801406,2.29634161609244,4.22218161781348,0.611410906962257,0.535968695588046
"GT_spanishjapanese_026from75gen_014from20gen_sim_655.txt",40,57.1945292160107,35.9854237598373,1.6192354356515,1.56839180478861,1.9740113417533,2.8774037049091,0.517608096018826,0.629175976323339
"GT_spanishjapanese_026from75gen_014from50gen_015from20gen_sim_1223.txt",55,55.4751733017277,31.5851623874426,1.81473459154544,1.78035651973824,2.27544123324229,3.43160904286503,0.609636259199282,0.56935671414043
"GT_spanishjapanese_026from75gen_024from50gen_sim_829.txt",50,64.2744817107719,33.2210166574731,2.07222357228706,2.01734927381109,2.37137590122381,3.57285203953634,0.640763523421058,0.516861680922828
"GT_spanishjapanese_026from75gen_034from20gen_sim_891.txt",60,45.6837683766653,29.7984718814359,1.60181741115376,1.56645019145885,2.00917455613662,3.49666429212218,0.563560007297403,0.652277010857463
"GT_spanishjapanese_026from75gen_051from20gen_sim_860.txt",77,39.6785625416846,25.8773072088312,1.54619402326147,1.42693009744096,1.82377794732303,3.49666429212218,0.593480264401182,0.652173505067014
"GT_spanishjapanese_026from75gen_052from50gen_sim_998.txt",78,61.8253586685156,31.5576155330781,2.1561298349536,2.07806370725959,2.53316030440889,3.43160904286503,0.598869566036452,0.510431580385619
"GT_spanishjapanese_026from75gen_069from50gen_sim_661.txt",95,58.0289497372775,29.7357049242868,2.08518480213088,2.0745468282719,2.35011881312187,4.94594293362834,0.69109676524477,0.512428797331562
"GT_spanishjapanese_026from75gen_sim_153.txt",26,77.4537700391188,48.9938172539606,1.66559159922243,1.66499936140949,1.92104368055408,2.48825200939223,0.426959727092632,0.632555616456317
"GT_spanishjapanese_026from75gen_sim_208.txt",26,67.7843626077455,41.0208614595938,1.74347172569865,1.7252205338168,2.13778644808676,2.51340670992716,0.478734595354832,0.605167030882526
"GT_spanishjapanese_026from75gen_sim_342.txt",26,74.5655984077184,46.5949819841668,1.70566638514653,1.66314199488839,2.05172112986417,3.16378885461427,0.573981595681055,0.624885778149187
"GT_spanishjapanese_026from75gen_sim_453.txt",26,71.3283527867265,47.0903499479534,1.70742699931893,1.69791956483991,2.20500193444666,3.35507463641524,0.663966893166238,0.660191187770095
"GT_spanishjapanese_027from20gen_007from50gen_sim_983.txt",34,29.192165384427,17.5360938533382,1.7332951531537,1.67098668831227,1.82313778075067,4.94594293362834,0.710873228830524,0.600712335738308
"GT_spanishjapanese_027from20gen_019from75gen_020from50gen_sim_1286.txt",66,46.4925972819443,27.4780448369634,1.73155069633953,1.6328120040551,2.18507769219523,3.38842985453862,0.636230250190654,0.591019784726777
"GT_spanishjapanese_027from20gen_030from75gen_003from50gen_sim_1413.txt",60,49.4083454803854,31.0625203620529,1.62674962381429,1.64218873354502,1.88216516534756,2.78766341929524,0.511528639973423,0.628689749880097
"GT_spanishjapanese_027from20gen_sim_039.txt",27,19.7863428346481,14.6083173630481,1.41894753640101,1.40424078804518,1.62577612553702,2.53008880167436,0.450429677270101,0.738303055048018
"GT_spanishjapanese_027from50gen_008from20gen_sim_961.txt",35,45.0003524908718,22.7987629436537,1.96500599971543,1.98816499484874,2.39686713226283,3.58164265397029,0.645713268341627,0.506635207985946
"GT_spanishjapanese_027from50gen_029from20gen_sim_878.txt",56,37.216787723702,20.9704237141399,1.84468220632424,1.76442115089404,2.05337298136088,4.22218161781348,0.772527299520089,0.563466784662467
"GT_spanishjapanese_027from50gen_sim_317.txt",27,51.1571507475117,24.8005716505925,2.19237753308602,2.15486422669867,2.71591598956279,3.49974972920927,0.650097354301924,0.484791887120469
"GT_spanishjapanese_027from75gen_002from20gen_002from50gen_sim_1153.txt",31,74.157243957497,48.2012966925765,1.69002329741222,1.66354257141904,2.13896180355241,2.99557586349322,0.598518136885161,0.649987703429255
"GT_spanishjapanese_027from75gen_002from50gen_002from20gen_sim_1463.txt",31,73.6021533944194,43.7778385018955,1.79367327821597,1.82366472579249,2.1584839668666,3.43160904286503,0.635387443412743,0.5947901859243
"GT_spanishjapanese_027from75gen_007from50gen_067from20gen_sim_1071.txt",101,40.1688745827046,24.8764764350734,1.6539670060841,1.61936626400867,1.92232167155747,2.924614438336,0.503972147777025,0.619297321458549
"GT_spanishjapanese_027from75gen_008from20gen_059from50gen_sim_1334.txt",94,57.1764904778165,30.1871459466881,2.01467021761638,1.97113529437708,2.30291887491467,4.22218161781348,0.596016801355259,0.527964303062641
"GT_spanishjapanese_027from75gen_008from50gen_sim_698.txt",35,75.2730522701726,42.7647212642138,1.93483087967286,1.96178151546285,2.28191065233027,3.33270632467863,0.570084866991937,0.56812790201095
"GT_spanishjapanese_027from75gen_046from20gen_sim_686.txt",73,42.6066102527542,24.7759038389341,1.74460343891129,1.75813416471802,2.12816181771657,3.49666429212218,0.537357669416996,0.581503754745016
"GT_spanishjapanese_027from75gen_sim_254.txt",27,80.0158934943694,46.817191356922,1.81613425165803,1.89101990814451,2.18537147143416,2.70597645357651,0.521529120104238,0.585098651185047
"GT_spanishjapanese_027from75gen_sim_476.txt",27,75.1701492157043,50.973272307118,1.62595916298801,1.65579398708911,1.98686024823814,2.70327914228673,0.497422179533796,0.678105243091215
"GT_spanishjapanese_028from20gen_007from50gen_sim_862.txt",35,28.8623928573067,17.9044490630476,1.64013505512995,1.55365555445451,1.8660434803126,3.17622300996894,0.609838911915262,0.620338346566266
"GT_spanishjapanese_028from20gen_010from75gen_sim_957.txt",38,37.4054938834787,23.7854938695818,1.59056792783995,1.64648676422763,1.87847318702761,2.55984382924636,0.451783259310041,0.635882363795961
"GT_spanishjapanese_028from20gen_013from50gen_031from75gen_sim_1438.txt",72,51.8179795517245,31.9837674119157,1.72149862885859,1.72538200997776,2.07803367686964,3.3363868116988,0.599866511307822,0.617233008477098
"GT_spanishjapanese_028from20gen_022from50gen_sim_601.txt",50,36.2223822377935,20.0980838975104,1.80533012923888,1.88499178502735,2.09631468193829,3.49974972920927,0.497522467043627,0.554852625803848
"GT_spanishjapanese_028from20gen_026from75gen_047from50gen_sim_1120.txt",101,51.9575903625311,28.899375005849,1.86348645214259,1.81481712877972,2.18961889977231,3.39516585634488,0.588148946478917,0.556210840499055
"GT_spanishjapanese_028from20gen_040from75gen_sim_543.txt",68,55.5635860098985,33.9279293936909,1.7260403589726,1.68208882505157,1.90706074997029,3.51315397882442,0.566569507036577,0.610614465877827
"GT_spanishjapanese_028from20gen_sim_203.txt",28,23.2768402051807,15.6811971745397,1.55939203437235,1.56747030662323,1.74936775283731,2.53008880167436,0.440781715982753,0.673682382845486
"GT_spanishjapanese_028from20gen_sim_227.txt",28,21.6156569797553,14.723548271441,1.51699553205972,1.43689114782576,1.68372880697101,2.78766341929524,0.524670754153313,0.68115201334064
"GT_spanishjapanese_028from50gen_008from20gen_sim_534.txt",36,46.8878879220099,23.0685589966387,2.13157276256817,1.9954915731879,2.3626499427006,3.57285203953634,0.633382767301452,0.491993988618326
"GT_spanishjapanese_028from50gen_008from75gen_023from20gen_sim_1066.txt",59,43.9864363374117,24.6675774880609,1.75611930789825,1.70842196443863,2.04314209106046,3.39215436096654,0.581858835564559,0.560799636025083
"GT_spanishjapanese_028from50gen_009from75gen_014from20gen_sim_1076.txt",51,49.6609332527293,25.8436907011407,1.94761270786677,1.92928511341263,2.20821176862823,3.43914004377969,0.612510849576472,0.520402839987314
"GT_spanishjapanese_028from50gen_028from75gen_sim_546.txt",56,61.7936329348241,37.9885444373139,1.83547563557141,1.82457611351455,2.24214155612718,3.50712655826249,0.602908538946714,0.614764703628638
"GT_spanishjapanese_028from50gen_sim_048.txt",28,52.3357658017616,25.7772001534769,2.18547603025325,2.02185878426197,2.37708420272899,4.22218161781348,0.702459210196865,0.492535071543928
"GT_spanishjapanese_028from50gen_sim_414.txt",28,51.8143207140652,25.0417974245986,2.19692305610487,2.01847905092008,2.77766536077307,3.39215436096654,0.718936494864188,0.483298769133547
"GT_spanishjapanese_028from75gen_002from20gen_003from50gen_sim_1103.txt",33,74.767394915835,44.897292491083,1.83030160244598,1.93880814976593,2.25179851844993,3.43160904286503,0.64532017220507,0.600492936013398
"GT_spanishjapanese_028from75gen_010from20gen_013from50gen_sim_1408.txt",51,60.3272433351829,33.9367152301911,1.89007333062182,1.96574348478275,2.19266244392989,3.43160904286503,0.550903270677825,0.562543775481935
"GT_spanishjapanese_028from75gen_016from20gen_sim_837.txt",44,58.6218609871213,33.2854109713225,1.73965191589206,1.65832862601688,1.96754731236811,2.91308842997377,0.446064042683961,0.567798606370328
"GT_spanishjapanese_028from75gen_016from50gen_sim_509.txt",44,68.1469071908531,39.9062558845303,1.89977221394074,1.79238706776598,2.35625435663152,3.45845923446706,0.614586831102501,0.585591592187277
"GT_spanishjapanese_028from75gen_028from50gen_024from20gen_sim_1447.txt",80,47.9711770801904,28.0200877111397,1.78305566940444,1.71580541016945,2.1923739065367,3.45845923446706,0.620883284317245,0.584102567762728
"GT_spanishjapanese_028from75gen_037from20gen_sim_832.txt",65,46.4949299925778,28.4222658930334,1.64960933930656,1.65554901721717,1.95953333917034,2.77511137118506,0.449276746822845,0.611298175899407
"GT_spanishjapanese_028from75gen_046from20gen_sim_1000.txt",74,45.9944050734936,26.6994125481271,1.70078149564051,1.62242867534929,2.17364504144162,2.92030704795649,0.541438032869148,0.580492616557701
"GT_spanishjapanese_028from75gen_sim_237.txt",28,71.527587733212,46.4199860569255,1.62112104164936,1.58760380502049,1.88512964521267,2.86490450025698,0.461384099032575,0.648980170141703
"GT_spanishjapanese_028from75gen_sim_253.txt",28,74.4685626155305,42.6402518775055,1.8332229146658,1.83152974056669,2.25013849340977,2.7959334912223,0.52489583741636,0.572593996444518
"GT_spanishjapanese_029from20gen_002from50gen_002from75gen_sim_1440.txt",33,28.2848399295987,18.6206629697284,1.51704912135322,1.49547322473973,1.72489638119409,2.66926049995535,0.484329479363696,0.658326616522332
"GT_spanishjapanese_029from20gen_005from75gen_sim_567.txt",34,26.1244680426933,17.9352841436166,1.50115172711963,1.4709638930249,1.82063095682565,2.51541101335062,0.489674176145226,0.68653203251091
"GT_spanishjapanese_029from20gen_007from50gen_010from75gen_sim_1454.txt",46,39.011449601996,23.287388324768,1.64162548201556,1.65701259484254,1.78631703366472,3.30274564617087,0.585091998204198,0.596937272578985
"GT_spanishjapanese_029from20gen_008from75gen_sim_683.txt",37,36.2894433958057,21.0324574170945,1.63589640629908,1.47681633558854,1.9019737761079,3.49666429212218,0.583489474332986,0.579575089860029
"GT_spanishjapanese_029from20gen_012from50gen_017from75gen_sim_1395.txt",58,43.8699424325902,27.7820446292251,1.5843612275482,1.45152487231543,1.94184191064425,2.90744822122576,0.550158591045376,0.633281994201712
"GT_spanishjapanese_029from20gen_030from50gen_021from75gen_sim_1111.txt",80,49.4003542944611,27.9084275647619,1.83262076381594,1.75484156649948,2.11522163922722,3.58164265397029,0.600382618258819,0.564943874661463
"GT_spanishjapanese_029from20gen_sim_098.txt",29,21.8969181169906,14.7212874367435,1.53089205807914,1.57502216705382,1.74489294460313,2.53008880167436,0.416564508298507,0.672299515305795
"GT_spanishjapanese_029from20gen_sim_192.txt",29,23.3024797274863,15.5202017548752,1.54733591256164,1.58195890443919,1.8569140427436,2.18995629232429,0.423870095033341,0.66603219641764
"GT_spanishjapanese_029from50gen_003from20gen_008from75gen_sim_1126.txt",40,54.206404838461,28.8356207105049,1.97289664494826,2.00107802605794,2.32278393905762,3.49666429212218,0.668504112355698,0.531959660420888
"GT_spanishjapanese_029from50gen_004from20gen_020from75gen_sim_1118.txt",53,59.8177875726006,31.9711843113633,1.98478952010809,1.852599638576,2.3063850328756,3.1432731321513,0.500640687806115,0.534476208645464
"GT_spanishjapanese_029from50gen_012from75gen_024from20gen_sim_1192.txt",65,46.2222315165701,26.3813676567246,1.77117663665472,1.5920483853865,2.16706131208059,3.49974972920927,0.635058359184367,0.570750627807037
"GT_spanishjapanese_029from50gen_019from20gen_072from75gen_sim_1051.txt",120,65.921644052652,37.033027948527,1.90805569561032,1.81437211444872,2.27084187158724,4.94594293362834,0.656552558160879,0.561773427843343
"GT_spanishjapanese_029from50gen_032from20gen_sim_742.txt",61,34.4377191354654,20.241609675657,1.75391592636046,1.68375059275365,2.00293696008263,4.22218161781348,0.614318978525295,0.587774399228761
"GT_spanishjapanese_029from50gen_033from20gen_sim_524.txt",62,35.5445613944776,20.463857590384,1.75499480459776,1.61883890441221,2.09492678304089,4.22218161781348,0.73417469681874,0.575724014801414
"GT_spanishjapanese_029from50gen_036from20gen_sim_667.txt",65,35.7217144504379,19.0806542061103,1.92497124876214,1.81481712877972,2.34963013746548,3.51315397882442,0.647721323731213,0.534147212687222
"GT_spanishjapanese_029from50gen_041from20gen_sim_721.txt",70,34.5061720475809,19.4255800280553,1.74261346886454,1.65302647874027,2.09234231084082,3.38842985453862,0.543404198238876,0.562959577239376
"GT_spanishjapanese_029from50gen_050from75gen_sim_702.txt",79,66.8187339434673,39.3503536741489,1.87259525312778,1.75187757903637,2.24044887257651,4.94594293362834,0.682308174113354,0.588911991469964
"GT_spanishjapanese_029from75gen_002from20gen_sim_749.txt",31,75.9588815067752,45.6199412359968,1.74935225718112,1.79256499532968,2.06284147337561,2.587530396037,0.47939008823706,0.600587322128062
"GT_spanishjapanese_029from75gen_004from50gen_037from20gen_sim_1240.txt",70,46.1251150622947,28.5501725004211,1.65994606000393,1.59496779407087,1.91281742045608,3.3363868116988,0.544059878818637,0.618972385475081
"GT_spanishjapanese_029from75gen_011from50gen_sim_651.txt",40,71.9399374751905,38.0782902693752,2.05957431985911,2.05665614615025,2.30010464235482,4.22218161781348,0.638400526129448,0.529306691189536
"GT_spanishjapanese_029from75gen_013from50gen_sim_987.txt",42,69.6776501297838,38.7991651048838,1.92298400530735,2.00497198263183,2.2563619015971,3.50792332882673,0.648351545597109,0.556838025286663
"GT_spanishjapanese_029from75gen_018from20gen_sim_690.txt",47,50.918755944443,30.5063663774748,1.80782933781699,1.81271918738728,2.27733502757711,3.49666429212218,0.68129849708437,0.599118454715587
"GT_spanishjapanese_029from75gen_038from20gen_sim_576.txt",67,46.4337285820063,27.6568947704749,1.64819058142297,1.5920483853865,2.01637365621993,3.3363868116988,0.570747486333513,0.595620804425176
"GT_spanishjapanese_029from75gen_050from50gen_sim_597.txt",79,65.1084778593509,34.0514536924812,2.11762014885528,2.02185374860359,2.60465653075352,3.58164265397029,0.672569981931426,0.522995695983556
"GT_spanishjapanese_029from75gen_sim_002.txt",29,74.7071458656,46.7428406342401,1.73759178521048,1.79883527560315,2.27414225343537,2.7959334912223,0.606792203279839,0.625680985301347
"GT_spanishjapanese_029from75gen_sim_211.txt",29,81.2642051335815,45.5021493442177,1.89911283362577,1.88779808178541,2.29004842941447,3.39516585634488,0.575771853535024,0.559928559805903
"GT_spanishjapanese_029from75gen_sim_274.txt",29,80.0794024663586,48.2597053681437,1.83417330783069,1.79872124975741,2.18880611601663,3.39516585634488,0.597292797355943,0.602648170213528
"GT_spanishjapanese_029from75gen_sim_420.txt",29,79.1040587529379,45.526683035801,1.81216240671338,1.74253263697486,2.24958515172972,2.55984382924636,0.465528483139448,0.57552904052613
"GT_spanishjapanese_030from20gen_002from50gen_011from75gen_sim_1101.txt",43,38.8600915567955,23.7484842791587,1.65333293954479,1.63500976800335,1.82389594675166,3.49974972920927,0.529934999960888,0.611127851936463
"GT_spanishjapanese_030from20gen_003from50gen_sim_697.txt",33,23.5557695525331,15.9495633307532,1.4796484345661,1.62720628503375,1.74777215425356,2.31599993143928,0.455803051406059,0.67709795237991
"GT_spanishjapanese_030from20gen_012from75gen_030from50gen_sim_1462.txt",72,44.2607090076405,23.9802431751985,1.82183358037111,1.80494455876012,2.19015800578261,3.15845172111698,0.508855201766725,0.541795278766521
"GT_spanishjapanese_030from20gen_029from75gen_014from50gen_sim_1170.txt",73,47.0456801733192,28.2668526270516,1.69498429077346,1.66498253833267,2.05322799715301,3.29301972344296,0.521325772457373,0.600838430285517
"GT_spanishjapanese_030from20gen_035from50gen_sim_921.txt",65,39.8907468965896,20.718031555357,1.91478938773876,1.80218008044148,2.25670299292413,3.39215436096654,0.567417382724523,0.519369356734914
"GT_spanishjapanese_030from20gen_sim_365.txt",30,21.9851015063456,14.6224470088681,1.53791376357543,1.45035273520052,1.83208144098759,2.53134935310944,0.441498310066483,0.665107095577777
"GT_spanishjapanese_030from50gen_007from20gen_005from75gen_sim_1396.txt",42,46.5399379455481,23.5229538183152,2.04346878107436,2.01082276898264,2.36446093850973,3.50712655826249,0.623937302167487,0.505435865553521
"GT_spanishjapanese_030from50gen_007from75gen_sim_536.txt",37,55.4285154007212,28.9083154550104,2.0962494480965,2.06122579819108,2.68556008047573,3.1400023843157,0.634783382089031,0.521542300853945
"GT_spanishjapanese_030from50gen_031from75gen_sim_984.txt",61,64.5303591796279,35.2550295947038,1.99849979113064,1.92598248440794,2.48177635785593,3.49666429212218,0.649034829220423,0.546332455651877
"GT_spanishjapanese_030from50gen_035from20gen_sim_795.txt",65,36.4320451861105,20.8437533007796,1.79317554012518,1.71856287336872,2.07640913579339,3.49974972920927,0.607864356551131,0.572126906252471
"GT_spanishjapanese_030from50gen_037from20gen_006from75gen_sim_1274.txt",73,37.0543687991219,21.2286418785995,1.76067393730717,1.71856287336872,2.05596832451453,3.38842985453862,0.584619704780957,0.572905235376794
"GT_spanishjapanese_030from50gen_038from20gen_sim_526.txt",68,34.6469927420096,20.2324416871196,1.71609756779438,1.64027812592366,2.02013327141141,3.31202315874929,0.595496368485964,0.58395953258557
"GT_spanishjapanese_030from50gen_039from20gen_sim_657.txt",69,36.3159934473668,19.832593579686,1.8159718790374,1.70474940363586,2.15192243025251,3.51315397882442,0.641591545219278,0.546111828344434
"GT_spanishjapanese_030from50gen_sim_071.txt",30,49.1319191552865,25.795966665729,2.00907144923523,1.841535796445,2.32143790448972,3.49974972920927,0.621790154977802,0.525034786127491
"GT_spanishjapanese_030from50gen_sim_126.txt",30,52.1696009653551,27.1780676180742,2.02268630619145,1.9546925248072,2.27636350191558,3.49974972920927,0.577168301349447,0.520956018738244
"GT_spanishjapanese_030from50gen_sim_328.txt",30,48.034765457357,25.1301976802335,2.02992392344269,2.00999295494345,2.20671543615023,3.58164265397029,0.58424080282874,0.523166865518327
"GT_spanishjapanese_030from50gen_sim_369.txt",30,53.5279126517512,27.0441470288517,2.1126892133539,1.98291475319274,2.50607468211662,3.57285203953634,0.597012373942124,0.505234478407537
"GT_spanishjapanese_030from50gen_sim_401.txt",30,51.9383991090828,25.9534844175809,2.0985307505432,1.97646013862878,2.21358138580795,4.94594293362834,0.728149074813232,0.499697427390329
"GT_spanishjapanese_030from50gen_sim_410.txt",30,50.7701666467607,26.0238370011135,2.10934300435277,1.90903785776833,2.29191460891378,4.94594293362834,0.804369118770905,0.512581279911436
"GT_spanishjapanese_030from75gen_005from20gen_014from50gen_sim_1418.txt",49,61.974283050638,37.9729416748601,1.78682662155279,1.78305033020258,2.29361986381131,3.1432731321513,0.592122911473215,0.612720951428082
"GT_spanishjapanese_030from75gen_007from50gen_002from20gen_sim_1057.txt",39,66.9354306200401,39.8171316429163,1.78684089733265,1.74253263697486,2.10789832420262,3.31202315874929,0.527061110547471,0.594858825499142
"GT_spanishjapanese_030from75gen_010from20gen_026from50gen_sim_1331.txt",66,58.793402699428,34.6451392836234,1.80512000318656,1.83060045150749,2.23302026955805,3.39516585634488,0.593832376423818,0.589269164445903
"GT_spanishjapanese_031from20gen_005from75gen_017from50gen_sim_1444.txt",53,34.2866776759089,20.4607449045285,1.77464661527758,1.70208567185551,2.0789633856105,3.35819527277686,0.68020650037681,0.596754958235716
"GT_spanishjapanese_031from20gen_005from75gen_sim_906.txt",36,28.2083753013884,18.0984149572601,1.54108168913733,1.55697438090422,1.80081449426834,2.75429924174085,0.485996330954893,0.64159721231337
"GT_spanishjapanese_031from20gen_013from50gen_sim_611.txt",44,31.1189920458985,19.3951011196908,1.63932445459251,1.5854703111483,1.91284560003609,2.87886659987711,0.545753715847542,0.623256083972266
"GT_spanishjapanese_031from20gen_022from50gen_sim_888.txt",53,34.7093757012572,18.1063989587231,1.9712697568872,1.70032717943259,2.28108078572176,4.94594293362834,0.871774711444616,0.521657292674015
"GT_spanishjapanese_031from20gen_023from75gen_013from50gen_sim_1155.txt",67,44.9702445675987,26.8654417913652,1.74328845500358,1.75187757903637,2.11282062489087,3.43914004377969,0.639120825379013,0.597404840682629
"GT_spanishjapanese_031from20gen_028from50gen_sim_737.txt",59,36.0102198111031,19.2311108721821,1.86252120693175,1.86594645770553,2.25762167273436,3.49974972920927,0.625161413748997,0.534045917327407
"GT_spanishjapanese_031from20gen_sim_026.txt",31,19.7622901311234,14.0152338202937,1.43798183099394,1.41123850232018,1.75374974618325,2.92030704795649,0.544209983212901,0.709190773301178
"GT_spanishjapanese_031from20gen_sim_168.txt",31,21.1165335865687,14.870111109118,1.46728478625829,1.46684990074351,1.6226943173997,2.10895954128436,0.330124516345137,0.704192809305418
"GT_spanishjapanese_031from20gen_sim_246.txt",31,23.0691396228342,16.9318816371392,1.41181425349604,1.40424078804518,1.66513311641708,2.18995629232429,0.421234916420406,0.73396242399867
"GT_spanishjapanese_031from20gen_sim_249.txt",31,19.9584439662404,14.8213179615935,1.41824793054348,1.41604613226141,1.60605238887883,2.53008880167436,0.495836424597289,0.742608892089166
"GT_spanishjapanese_031from50gen_004from75gen_020from20gen_sim_1112.txt",55,41.426145202301,22.9258068476386,1.80989067359392,1.79292680468761,2.25328880932857,2.99372986940711,0.535839864453978,0.553413954778616
"GT_spanishjapanese_031from50gen_008from75gen_016from20gen_sim_1364.txt",55,49.5901112438662,25.9422571173432,1.97465228697804,1.87810675226956,2.30956020374161,4.94594293362834,0.731984487430207,0.523133674570088
"GT_spanishjapanese_031from50gen_008from75gen_024from20gen_sim_1024.txt",63,42.7722706201551,24.0656535490363,1.86087140671034,1.74891220800229,2.125937566207,3.49974972920927,0.673452251915691,0.562646153690426
"GT_spanishjapanese_031from50gen_009from75gen_004from20gen_sim_1136.txt",44,58.6939270381182,30.2710506255229,2.00454854936406,2.10743186581346,2.30370312375712,3.29301972344296,0.527131764148411,0.515744168998331
"GT_spanishjapanese_031from50gen_014from20gen_016from75gen_sim_1482.txt",61,55.2520033463849,30.319556285397,2.00741121155244,1.852599638576,2.37928090928165,4.94594293362834,0.744945782890583,0.548750352006571
"GT_spanishjapanese_031from50gen_029from20gen_sim_838.txt",60,37.1409685740772,20.0322319423912,1.87697236010262,1.78172702879802,2.12449308052993,3.51315397882442,0.663334589678765,0.539356745703526
"GT_spanishjapanese_031from50gen_037from75gen_sim_511.txt",68,67.8366870552573,36.5824505974667,2.00454526548016,1.97997287247787,2.44067148194302,3.43914004377969,0.580124090110173,0.539272364047908
"GT_spanishjapanese_031from50gen_045from20gen_sim_942.txt",76,34.4818848180251,18.5961870207259,1.8588324452996,1.72418138495289,2.35146808795256,3.38649949602533,0.647227499580371,0.539303089690878
"GT_spanishjapanese_031from50gen_sim_417.txt",31,52.1848908628107,25.4057840838032,2.16233844034463,1.95833426885328,2.50318675311956,4.94594293362834,0.751466288317504,0.486841759439387
"GT_spanishjapanese_031from75gen_007from50gen_sim_557.txt",38,75.327932513048,43.6551988636684,1.86438645403959,1.86566676712561,2.20222475031587,3.26613282664321,0.575335068262387,0.57953533844974
"GT_spanishjapanese_031from75gen_008from20gen_sim_884.txt",39,69.245860800201,36.6499363836731,1.93261651929373,1.82366472579249,2.26533636186743,3.49666429212218,0.588731820148967,0.529272594204891
"GT_spanishjapanese_031from75gen_015from20gen_sim_935.txt",46,53.5024811016071,32.5906396696447,1.67885209000769,1.52639075827902,2.08125055642062,2.86490450025698,0.535418621728403,0.60914258551396
"GT_spanishjapanese_031from75gen_015from50gen_sim_722.txt",46,68.5423064568631,41.3941013416491,1.82083153564002,1.76929889328016,2.15139399873688,3.49666429212218,0.597446454660985,0.603920461411674
"GT_spanishjapanese_031from75gen_sim_084.txt",31,77.4911538577926,43.4741550698822,1.88522625514743,1.90333487063711,2.20939001814414,3.3363868116988,0.539985080488991,0.561020876649527
"GT_spanishjapanese_031from75gen_sim_346.txt",31,84.1029499587418,49.4719194049514,1.79307534566616,1.90333487063711,2.11159465576515,2.91308842997377,0.549215789196029,0.588230489289861
"GT_spanishjapanese_032from20gen_004from50gen_sim_880.txt",36,23.6603072444738,15.9093313831994,1.50668637680272,1.51387053338354,1.69043817064383,2.35698193941378,0.438295304811461,0.672405950557353
"GT_spanishjapanese_032from20gen_011from75gen_021from50gen_sim_1213.txt",64,41.05609792237,23.7352779173397,1.75288782118229,1.6542076692132,2.13368361197672,3.51315397882442,0.62052468653832,0.578118211872425
"GT_spanishjapanese_032from20gen_026from75gen_sim_679.txt",58,45.7327653564901,29.3455672145872,1.57438765191622,1.57470623044852,1.9831845495377,2.60229476591582,0.528412716054056,0.64167489076675
"GT_spanishjapanese_032from20gen_sim_352.txt",32,21.7608725609991,14.1764859522517,1.57876444710904,1.57861967551117,1.88071062908185,2.22641929263363,0.418853046731889,0.65146679723034
"GT_spanishjapanese_032from20gen_sim_461.txt",32,21.3905065515733,15.4265776053197,1.41956622344694,1.43392006484213,1.85941830118114,2.17757292743287,0.485267132880553,0.721188045179092
"GT_spanishjapanese_032from20gen_sim_465.txt",32,20.1198082283305,15.9313125757808,1.30590487862846,1.24308380795561,1.60903225882182,2.55451707766914,0.414103538000595,0.791822287518036
"GT_spanishjapanese_032from20gen_sim_491.txt",32,22.4782016494198,14.3656186345488,1.63780581146654,1.59225608177082,1.83460706425278,2.84017439170976,0.503100479039106,0.639091100729563
"GT_spanishjapanese_032from50gen_003from20gen_008from75gen_sim_1150.txt",43,51.4474624827512,27.9502036742373,1.97526125293445,1.85000659555355,2.21208816604123,3.39215436096654,0.648767779382327,0.543276622896769
"GT_spanishjapanese_032from50gen_004from75gen_026from20gen_sim_1365.txt",62,40.2818822957789,22.8562900139551,1.83831177769231,1.7036110248734,2.15805001218189,3.51315397882442,0.665614690747973,0.567408688753111
"GT_spanishjapanese_032from50gen_006from75gen_004from20gen_sim_1320.txt",42,49.0910358192435,27.5619711175205,1.95026101963346,1.9241520779827,2.21668167933825,3.50792332882673,0.633752260475454,0.561446110426464
"GT_spanishjapanese_032from50gen_017from75gen_sim_574.txt",49,58.5463798735983,32.2586277419435,2.00440964604125,1.98966924317813,2.35914798467676,3.49974972920927,0.648015377940841,0.550992696928315
"GT_spanishjapanese_032from50gen_027from75gen_007from20gen_sim_1174.txt",66,59.1716786211193,33.6443575313411,1.91899192072646,1.81396355739244,2.24023587057676,3.58164265397029,0.623432163688155,0.568588864053839
"GT_spanishjapanese_032from50gen_033from75gen_sim_918.txt",65,68.6148273917832,37.6579040049952,2.03537483398979,1.90839979875917,2.3192121218067,4.94594293362834,0.727271650628218,0.548830412266034
"GT_spanishjapanese_032from50gen_sim_149.txt",32,49.4258167113968,24.4491092857292,2.11906902536564,2.06609627080901,2.4740784286873,3.50712655826249,0.58811798462199,0.494662727142991
"GT_spanishjapanese_032from50gen_sim_165.txt",32,55.8890146181362,27.0852114666029,2.17129435545286,2.11147873365456,2.55106984405639,3.50792332882673,0.589039283102553,0.484624959872054
"GT_spanishjapanese_032from75gen_003from50gen_sim_708.txt",35,74.0763697629229,44.2627933182254,1.86651079461961,1.79872124975741,2.36918349431791,3.39516585634488,0.655084495354085,0.597529191291175
"GT_spanishjapanese_032from75gen_036from50gen_016from20gen_sim_1381.txt",84,56.6492674751436,31.7516103748494,1.90164460966118,1.81557322498058,2.2011966982354,4.94594293362834,0.621610704392654,0.560494632852602
"GT_spanishjapanese_032from75gen_sim_135.txt",32,76.3972318418493,42.4670100946722,1.87706452215863,1.7653007977603,2.19392978296571,3.49666429212218,0.56836935126959,0.555871058032359
"GT_spanishjapanese_033from20gen_016from50gen_sim_954.txt",49,31.9039178855848,17.4036785120043,1.83201135561551,1.75187757903637,2.19842844138844,3.15845172111698,0.559245501760754,0.545502861887312
"GT_spanishjapanese_033from20gen_016from75gen_025from50gen_sim_1184.txt",74,45.8633925680919,26.1150009671763,1.83353179568047,1.83760401400127,2.1619148537038,4.94594293362834,0.680982612645025,0.569408399703624
"GT_spanishjapanese_033from20gen_037from50gen_034from75gen_sim_1110.txt",104,51.5455586304525,30.8911303720518,1.80103667705491,1.73133352180383,2.1621171014198,3.57285203953634,0.603412113267803,0.599297615406999
"GT_spanishjapanese_033from20gen_072from50gen_sim_889.txt",105,43.7868157164318,22.9580564709155,1.96359570200306,1.80218008044148,2.3063850328756,4.94594293362834,0.652786924780764,0.524314364844303
"GT_spanishjapanese_033from20gen_sim_375.txt",33,22.46914177683,13.8695349179805,1.66078983056411,1.63859706482084,2.03158688849545,2.57126813168516,0.473638444300946,0.61727034595877
"GT_spanishjapanese_033from20gen_sim_381.txt",33,20.5927009970267,14.301834203215,1.45157960448588,1.41604613226141,1.68372154504346,2.52959883759193,0.474546390854014,0.694509875381574
"GT_spanishjapanese_033from50gen_003from20gen_sim_520.txt",36,49.1750569625198,23.3179729404932,2.22975700377066,2.10229515055272,2.6174553602065,3.58164265397029,0.590684556586353,0.474182937058226
"GT_spanishjapanese_033from50gen_017from75gen_sim_728.txt",50,58.0178370225734,31.7869030497163,1.98042469469564,1.93934254772884,2.17423518953637,3.50792332882673,0.62366104663186,0.547881559895947
"GT_spanishjapanese_033from50gen_023from75gen_sim_768.txt",56,60.5765609742188,32.9189588437523,2.02558527702225,2.02109879716357,2.34838344445607,3.49666429212218,0.62099434367911,0.543427330874106
"GT_spanishjapanese_033from50gen_026from75gen_sim_978.txt",59,62.112990047993,34.2103084167925,1.99420043313006,1.78035651973824,2.32459820704561,4.22218161781348,0.646004918340186,0.550775423793947
"GT_spanishjapanese_033from50gen_045from20gen_sim_614.txt",78,33.5784069546083,19.7628139871095,1.7136962006641,1.62260161904352,2.01252312741298,3.57285203953634,0.651273373882702,0.588557224106108
"GT_spanishjapanese_033from50gen_sim_207.txt",33,50.654779210712,25.3905842890523,2.06251092043459,1.97635483619337,2.33280165232142,3.1400023843157,0.501476709379477,0.501247556196691
"GT_spanishjapanese_033from75gen_011from50gen_sim_547.txt",44,74.5274562553134,40.281770110551,2.00274115002405,2.00168379707918,2.39661467172807,3.35819527277686,0.583794580914615,0.540495706341502
"GT_spanishjapanese_033from75gen_sim_289.txt",33,76.5542915643177,49.1212545029546,1.68075865005111,1.66981592176989,2.17814933995501,2.47364061124026,0.533406297365761,0.641652525275935
"GT_spanishjapanese_033from75gen_sim_447.txt",33,82.6633412562542,43.7700189226462,1.94470469253148,1.92641261857852,2.20926754351623,2.99557586349322,0.386279721622441,0.529497335305626
"GT_spanishjapanese_033from75gen_sim_490.txt",33,77.0243897415693,50.3883721382114,1.61649788602176,1.74253263697486,1.98788845406667,2.5542651371331,0.483531699625189,0.65418722962004
"GT_spanishjapanese_034from20gen_004from50gen_004from75gen_sim_1343.txt",42,30.1366299174679,18.2363931641937,1.57688679086789,1.49257738055482,1.93832640438366,2.73200268984031,0.52989004070998,0.605123838137702
"GT_spanishjapanese_034from20gen_008from50gen_069from75gen_sim_1269.txt",111,61.4422341307008,37.0824047648202,1.72533465762216,1.75555504311254,2.0678639804981,2.91308842997377,0.477440550250808,0.603532818906584
"GT_spanishjapanese_034from20gen_008from50gen_sim_668.txt",42,28.0013688186249,16.5284897703537,1.69300331296107,1.70796285638273,1.96124276504604,3.38842985453862,0.632106297727264,0.590274349708214
"GT_spanishjapanese_034from20gen_012from50gen_003from75gen_sim_1493.txt",49,30.2877370973055,18.1046011507547,1.68287247636434,1.6720660026586,2.01656621028144,3.35819527277686,0.603865213015227,0.597753509698992
"GT_spanishjapanese_034from20gen_sim_062.txt",34,20.9978826636944,15.1560021424868,1.41818694693609,1.42338108048996,1.65241324854488,2.25433648218332,0.359514572444391,0.72178716231669
"GT_spanishjapanese_034from20gen_sim_222.txt",34,22.1681116720872,14.2758446586904,1.60750124199997,1.62510081643009,1.89815582845842,2.50259997648457,0.448128311978076,0.64398108733211
"GT_spanishjapanese_034from50gen_003from75gen_029from20gen_sim_1411.txt",66,39.4923078277108,21.3349576188372,1.85824558222253,1.8015274645724,2.31987143567151,3.45845923446706,0.749071948342544,0.54023071307742
"GT_spanishjapanese_034from50gen_017from75gen_004from20gen_sim_1209.txt",55,57.8993045445286,29.2106934478935,2.13210994805879,2.08768079725043,2.54922136950678,3.38649949602533,0.593235989273598,0.504508537324977
"GT_spanishjapanese_034from50gen_020from75gen_sim_855.txt",54,60.2076341376775,32.3018208934942,2.04483967188103,2.01785996287363,2.47591696057552,3.58164265397029,0.631509318563646,0.536507061872407
"GT_spanishjapanese_034from50gen_021from20gen_007from75gen_sim_1080.txt",62,46.8427832308098,25.0338116637855,1.9323411287068,1.83211767599045,2.30613285582552,3.49974972920927,0.615389513176513,0.534421952266066
"GT_spanishjapanese_034from50gen_032from20gen_005from75gen_sim_1287.txt",71,39.0604495618062,20.9475113774272,1.91598665374019,1.79123578932649,2.24708920971314,4.94594293362834,0.666455797022241,0.536284441485537
"GT_spanishjapanese_034from50gen_sim_213.txt",34,51.2385811221195,24.6549182727862,2.25073932824951,2.25279305283257,2.72797149524806,4.22218161781348,0.765354136551637,0.481178786235803
"GT_spanishjapanese_034from50gen_sim_463.txt",34,49.7877304741632,24.618825958732,2.1805662742314,2.08850731721886,2.64684757565615,3.57285203953634,0.650238341556872,0.494475761884902
"GT_spanishjapanese_034from75gen_036from20gen_sim_999.txt",70,51.7093447565208,30.6937907687275,1.71867327597154,1.72461051936939,2.05028055249375,3.49666429212218,0.519151927169574,0.593583053764317
"GT_spanishjapanese_034from75gen_sim_288.txt",34,80.1308525485203,47.9043705443564,1.86655064007423,1.92409056641479,2.14845803957617,3.3363868116988,0.537938389674686,0.597826792312607
"GT_spanishjapanese_034from75gen_sim_323.txt",34,75.9208556105596,47.4323497565153,1.76758532695614,1.83568410330156,2.13989401111525,3.16378885461427,0.596653575935423,0.624760474247317
"GT_spanishjapanese_034from75gen_sim_348.txt",34,84.1214634470933,53.1109254615575,1.70280131104671,1.73577133467463,2.1046420324207,3.49666429212218,0.622544322525501,0.631359979786379
"GT_spanishjapanese_035from20gen_003from75gen_020from50gen_sim_1134.txt",58,35.182697936733,19.0680931403681,1.8100925355143,1.65897163559061,2.09573299773364,3.39215436096654,0.605407762034464,0.541973590958178
"GT_spanishjapanese_035from20gen_003from75gen_sim_748.txt",38,29.4510920780409,17.7201113578707,1.62526769829604,1.56091599983635,1.81504777743867,2.92030704795649,0.572121179364809,0.601679262382362
"GT_spanishjapanese_035from20gen_033from50gen_sim_844.txt",68,37.4370404894945,20.1266202232311,1.84770268114884,1.63444043000065,2.34633042596753,4.22218161781348,0.731314632306263,0.537612481116903
"GT_spanishjapanese_035from20gen_sim_277.txt",35,22.0244746993861,14.6376560553656,1.60968135347245,1.5699319353832,1.90545724662994,3.51315397882442,0.561418421614242,0.664608634492134
"GT_spanishjapanese_035from50gen_010from75gen_004from20gen_sim_1414.txt",49,53.5771146628874,29.4362020903258,1.94680713421049,1.90467526812089,2.20470519243298,3.15753762111808,0.541478394181377,0.549417456978438
"GT_spanishjapanese_035from50gen_012from20gen_005from75gen_sim_1082.txt",52,48.2589670727574,25.2854803336951,1.96723996558259,1.900864109556,2.25684289536142,3.50792332882673,0.572649587075053,0.523954031083457
"GT_spanishjapanese_035from50gen_016from75gen_025from20gen_sim_1123.txt",76,47.3590140629858,25.7175615895806,1.89477309432049,1.80120192699744,2.19881899798764,3.58164265397029,0.629960709454776,0.543034142462872
"GT_spanishjapanese_035from50gen_021from20gen_018from75gen_sim_1333.txt",74,49.4632316580578,26.5421187022782,1.92486616319248,1.85130311706477,2.16997346716941,3.39215436096654,0.612540348159414,0.536603004141853
"GT_spanishjapanese_035from50gen_043from20gen_032from75gen_sim_1370.txt",110,49.8977799891498,27.9933361683344,1.80875473947372,1.79709838157249,2.16747069396839,3.04437192816865,0.561447304174604,0.561013659814556
"GT_spanishjapanese_035from75gen_004from50gen_sim_779.txt",39,80.2085415663812,45.8297331830947,1.90609745172871,1.76876280574919,2.28199026174179,3.38842985453862,0.627769422017042,0.571382203043371
"GT_spanishjapanese_035from75gen_028from20gen_sim_507.txt",63,52.7767606450412,32.3817548333887,1.69609403268941,1.66498253833267,2.09910807606335,2.86490450025698,0.486227034819257,0.613560863486441
"GT_spanishjapanese_035from75gen_sim_035.txt",35,83.4807197520314,54.3511482926924,1.70831048633178,1.72675824992417,1.99780556586829,3.16378885461427,0.566864594249349,0.651062286646969
"GT_spanishjapanese_035from75gen_sim_292.txt",35,77.9895198045407,44.5564299028544,1.81586115818728,1.84697214658761,2.17167036332225,2.91308842997377,0.47661904852253,0.571313043272004
"GT_spanishjapanese_035from75gen_sim_441.txt",35,75.2323042266994,47.1514317002508,1.69139711980623,1.5974128108284,2.05944552006891,2.81575118106328,0.525552682369101,0.62674448410045
"GT_spanishjapanese_036from20gen_006from50gen_021from75gen_sim_1384.txt",63,42.6696416974471,25.3213672397273,1.72556296713452,1.6556831058012,2.06893122349149,2.87266617531161,0.539491809428221,0.593428166546856
"GT_spanishjapanese_036from20gen_008from50gen_sim_861.txt",44,27.3607952241307,16.3267273108264,1.67678222065164,1.6563820528217,2.08267618650227,2.85541441846783,0.584399132915703,0.596719765528858
"GT_spanishjapanese_036from20gen_009from50gen_sim_662.txt",45,29.3896884751441,17.7737030560195,1.661475477438,1.63339140903785,1.92598248440794,2.92030704795649,0.499016450259839,0.604759831702582
"GT_spanishjapanese_036from20gen_031from75gen_sim_720.txt",67,48.3577134770783,28.7056638881859,1.67069246166102,1.60342944777293,2.08870307927656,2.81575118106328,0.513356481750529,0.593610860070802
"GT_spanishjapanese_036from20gen_034from75gen_sim_589.txt",70,47.5230476345215,30.2855029624792,1.57745754455075,1.53941483294723,1.89842985252728,2.91308842997377,0.468651156124019,0.637280319128342
"GT_spanishjapanese_036from20gen_sim_218.txt",36,23.1094753480863,14.0586563403862,1.69732376576108,1.64475471073422,2.04014742477154,2.78766341929524,0.470751967318779,0.608350303441673
"GT_spanishjapanese_036from20gen_sim_228.txt",36,21.1969055192755,14.5825068626727,1.50596276567107,1.45854446605566,1.77114327769688,2.37928090928165,0.419479767584755,0.687954515314138
"GT_spanishjapanese_036from20gen_sim_271.txt",36,21.4536120279805,15.3858450613122,1.45947683420934,1.44031497036663,1.71705620138933,2.34062466378317,0.375300948421702,0.717168048030582
"GT_spanishjapanese_036from20gen_sim_384.txt",36,22.5861159775548,15.2326837607096,1.52070170493657,1.40099746516274,1.75382275508437,2.57126813168516,0.417646216646673,0.67442688135699
"GT_spanishjapanese_036from50gen_004from75gen_sim_871.txt",40,55.5369098456901,26.6053993736759,2.24542627567513,2.16037771031494,2.55489490023261,4.94594293362834,0.787386241677731,0.479057971493179
"GT_spanishjapanese_036from50gen_007from75gen_012from20gen_sim_1448.txt",55,48.4982001598144,23.780974273858,2.09581886499848,1.99639713797152,2.37814913788119,3.57285203953634,0.654638866256218,0.490347563321803
"GT_spanishjapanese_036from50gen_007from75gen_sim_578.txt",43,55.1188736683853,26.6544026950387,2.21082256901299,2.09510988722066,2.56639827154724,4.94594293362834,0.707582797987263,0.483580322330261
"GT_spanishjapanese_036from50gen_016from20gen_sim_910.txt",52,42.9551643514395,23.4769428593591,1.85306761384526,1.75746673490911,2.10819498970691,3.50792332882673,0.538072469150926,0.546545292372334
"GT_spanishjapanese_036from50gen_018from75gen_013from20gen_sim_1220.txt",67,54.7542303202615,30.1382716090686,1.90703274923575,1.79872124975741,2.28787813335081,3.57285203953634,0.629878905830567,0.550428184868779
"GT_spanishjapanese_036from50gen_050from20gen_sim_517.txt",86,33.4996810142035,18.6185782639861,1.81258427945428,1.67599301412521,2.18247516721989,3.50712655826249,0.622987735187117,0.555783747794256
"GT_spanishjapanese_036from50gen_sim_483.txt",36,52.1187826859552,23.8974574682522,2.26301587798471,2.07225697880677,2.67621219668182,3.57285203953634,0.566247443956196,0.458519102647652
"GT_spanishjapanese_036from75gen_008from50gen_009from20gen_sim_1157.txt",53,63.5037244599283,37.3774153430175,1.83573536909811,1.76209718682425,2.18961889977231,3.38842985453862,0.587302920584268,0.588586191769006
"GT_spanishjapanese_036from75gen_012from50gen_022from20gen_sim_1294.txt",70,56.9213874517419,34.0863332313163,1.73254423710492,1.74371769443787,2.12239021961156,2.78766341929524,0.471664799153529,0.598831735438895
"GT_spanishjapanese_036from75gen_012from50gen_sim_513.txt",48,71.0702753621763,41.375214031941,1.84517980062569,1.83152689676518,2.19539479660145,3.29301972344296,0.551006300941232,0.582173261902978
"GT_spanishjapanese_036from75gen_016from20gen_017from50gen_sim_1427.txt",69,57.428053295581,33.0426998863801,1.83213203059891,1.76203723421075,2.22645352849203,3.45845923446706,0.569336066005917,0.575375587194467
"GT_spanishjapanese_036from75gen_038from20gen_sim_946.txt",74,49.5455826639789,29.6038692691083,1.69910793451961,1.6870235639627,2.04809944386126,2.92030704795649,0.481066210818749,0.597507742917941
"GT_spanishjapanese_036from75gen_sim_394.txt",36,72.3840240598699,45.0284241594326,1.72972252439629,1.74785984611509,2.14179901259355,2.70597645357651,0.497039947427415,0.622076829027756
"GT_spanishjapanese_037from20gen_003from50gen_005from75gen_sim_1314.txt",45,30.1119324171825,18.7269709854431,1.58856019574649,1.62720628503375,1.93487345485232,2.57126813168516,0.492635617359204,0.621911962540042
"GT_spanishjapanese_037from20gen_005from50gen_sim_821.txt",42,25.8591657928002,16.1289774987392,1.61595903409155,1.57996032988886,1.893114588098,3.31107056785407,0.617317250196918,0.62372381336562
"GT_spanishjapanese_037from20gen_006from50gen_021from75gen_sim_1338.txt",64,44.3876337088378,28.3198435481015,1.60759433968191,1.56309062374641,1.83327917275973,3.50712655826249,0.521617908386301,0.638012013297813
"GT_spanishjapanese_037from20gen_039from50gen_004from75gen_sim_1326.txt",80,38.6133448811727,21.4304700548472,1.83301440966361,1.75427153962512,2.18297120259637,3.51315397882442,0.607215440834974,0.555001648284979
"GT_spanishjapanese_037from20gen_sim_387.txt",37,22.996333077781,15.7965047246038,1.50873488293163,1.4474041999483,1.68372154504346,2.52959883759193,0.392520475311869,0.686914068915897
"GT_spanishjapanese_037from50gen_014from20gen_026from75gen_sim_1250.txt",77,54.0549038361679,30.5108646348286,1.87594571263535,1.86693107649376,2.29087426727629,3.38649949602533,0.591156483687609,0.564442122167165
"GT_spanishjapanese_037from50gen_sim_193.txt",37,50.4853681083564,24.0466859631359,2.22876350746306,2.12473676832025,2.85432667413511,3.50792332882673,0.690460361495672,0.476310005535163
"GT_spanishjapanese_037from75gen_003from20gen_006from50gen_sim_1047.txt",46,69.1096556318727,41.7041439959963,1.71952115095606,1.74572242248857,1.98177401940592,2.8774037049091,0.419409372566557,0.603448875771316
"GT_spanishjapanese_037from75gen_011from20gen_030from50gen_sim_1227.txt",78,60.8734935640154,33.4184944077702,1.94589016865129,1.88620828987203,2.21739347526265,3.45845923446706,0.596465224313479,0.548982692649747
"GT_spanishjapanese_037from75gen_012from20gen_sim_658.txt",49,66.7522061312892,41.3067153637473,1.74347220386095,1.67797194502825,2.14532237706863,3.49666429212218,0.637400558852752,0.61880674449178
"GT_spanishjapanese_037from75gen_026from20gen_007from50gen_sim_1197.txt",70,54.238773261262,32.9097086196274,1.72025148572138,1.73088713447366,2.03243206011337,3.43160904286503,0.546692727031313,0.606756138475055
"GT_spanishjapanese_037from75gen_031from20gen_sim_613.txt",68,52.7541838716013,33.3218674745317,1.68919159860347,1.61132501137477,2.07724590729634,3.51315397882442,0.554261977852829,0.631644071219715
"GT_spanishjapanese_037from75gen_039from50gen_sim_541.txt",76,63.7329680636456,35.3761051060921,1.98955221365084,1.99494259567913,2.27969209409964,3.50712655826249,0.604483478313297,0.555067591874341
"GT_spanishjapanese_037from75gen_039from50gen_sim_701.txt",76,63.7067507121067,34.8068748341288,2.06121712002659,2.03687339548325,2.53244094955108,3.45845923446706,0.618190761594697,0.546360855718767
"GT_spanishjapanese_037from75gen_042from20gen_sim_502.txt",79,46.4546272558977,30.3066571174704,1.60870576084515,1.5917618628467,1.92133624908093,2.65160137302969,0.47465697131207,0.65239264434358
"GT_spanishjapanese_037from75gen_049from20gen_028from50gen_sim_1324.txt",114,46.7245280471069,29.1932799749316,1.67749187411901,1.61483213159118,2.06784367770582,2.90494266265304,0.552735403603188,0.624795609395977
"GT_spanishjapanese_037from75gen_sim_059.txt",37,83.455924682086,48.9687742009225,1.81134236876601,1.83296473425863,2.20777376284606,2.91308842997377,0.555643988873227,0.586762106914067
"GT_spanishjapanese_037from75gen_sim_224.txt",37,68.1141930533033,43.2857527606588,1.71766128451372,1.71357875452012,2.0564782539191,3.3363868116988,0.590062844328529,0.635488006541973
"GT_spanishjapanese_037from75gen_sim_398.txt",37,77.9971797599169,45.5921180008293,1.79998495691647,1.77447695785637,2.14532237706863,2.8774037049091,0.510848992749981,0.584535468348552
"GT_spanishjapanese_038from20gen_007from75gen_029from50gen_sim_1035.txt",74,39.5362686609235,22.0938292566462,1.84231656517397,1.77384329719036,2.17393625763328,3.51315397882442,0.62843511795557,0.558824340408306
"GT_spanishjapanese_038from20gen_010from75gen_sim_630.txt",48,32.0779775811134,21.0798918824813,1.55759371115562,1.520800070324,1.86786557163077,2.70327914228673,0.468820833907139,0.657145290072544
"GT_spanishjapanese_038from20gen_028from50gen_sim_940.txt",66,32.9354214633443,19.5857806827063,1.68957350698691,1.59416397024842,1.93917669244515,3.25536768361862,0.546561542627579,0.594672234709505
"GT_spanishjapanese_038from20gen_sim_177.txt",38,21.5222140339989,14.6447485710657,1.51603440021219,1.44545416229449,1.64407392304884,2.3950651477266,0.37155980082099,0.680448049997606
"GT_spanishjapanese_038from20gen_sim_402.txt",38,23.1216530217338,15.605898712174,1.55296359822588,1.63196513457424,1.79707775728835,2.84017439170976,0.493214161682613,0.67494736200326
"GT_spanishjapanese_038from20gen_sim_466.txt",38,20.7409740159003,14.3028044242216,1.5187986580652,1.5756163466836,1.893114588098,2.55451707766914,0.534459858656658,0.689591743052031
"GT_spanishjapanese_038from50gen_018from75gen_sim_568.txt",56,60.9919183064554,32.3518185966354,2.09361753048368,2.01535090339306,2.54089783683621,3.29301972344296,0.642492928891828,0.53042795660374
"GT_spanishjapanese_038from50gen_sim_123.txt",38,52.5775053562868,24.7119111619427,2.26827109512999,2.20803621413217,2.74138119082127,3.58164265397029,0.665726357027148,0.470009198695994
"GT_spanishjapanese_038from50gen_sim_295.txt",38,55.892506705521,27.8660672626114,2.08304088258352,1.94838391861342,2.34703600831809,4.94594293362834,0.68743142226733,0.498565351692464
"GT_spanishjapanese_038from50gen_sim_408.txt",38,50.1143930478531,24.6771200264377,2.08760996139925,2.01331158880129,2.43450858921822,3.58164265397029,0.495580747538213,0.492415821595885
"GT_spanishjapanese_038from75gen_006from20gen_010from50gen_sim_1426.txt",54,71.7882076032161,39.2198773930825,1.94283896960633,1.87765050040089,2.27314443299982,3.03783074031291,0.515640961827456,0.546327575273316
"GT_spanishjapanese_038from75gen_038from50gen_sim_660.txt",76,68.1045906032249,39.2265480948683,1.89556838077194,1.89882234905581,2.27305684952102,3.58164265397029,0.593335129626312,0.575975095767052
"GT_spanishjapanese_038from75gen_sim_191.txt",38,76.3114473777215,47.1497141768049,1.72898386738198,1.73131626889016,2.20173559419814,2.75429924174085,0.538801164749749,0.617858994908409
"GT_spanishjapanese_039from20gen_004from50gen_sim_796.txt",43,24.1973185712814,15.3059661028068,1.61217854283979,1.5699319353832,2.06935781329489,2.67180348994597,0.54746940787448,0.632548026250009
"GT_spanishjapanese_039from20gen_005from50gen_024from75gen_sim_1251.txt",68,41.7278665946545,28.6463976217123,1.54790312987582,1.45538625733459,1.79323223448269,2.83529511394042,0.524005196495247,0.686505205262087
"GT_spanishjapanese_039from20gen_005from75gen_004from50gen_sim_1490.txt",48,28.6121800750626,17.2382510602284,1.67856768060693,1.66942638144207,2.03947339823433,2.53008880167436,0.449678364080691,0.602479469058448
"GT_spanishjapanese_039from20gen_062from50gen_sim_965.txt",101,41.1640978315462,21.4988024167168,1.97365346642535,1.91340044741578,2.31599993143928,3.58164265397029,0.603764247073411,0.522270705523421
"GT_spanishjapanese_039from20gen_sim_009.txt",39,22.1176217907962,14.7689786647596,1.55223094276427,1.5263021707897,1.85918370113546,2.67180348994597,0.442663886723992,0.667747138659611
"GT_spanishjapanese_039from20gen_sim_195.txt",39,21.1382263497233,13.874130059532,1.58483719472473,1.59768865527285,1.98817358096533,2.52959883759193,0.525319498904645,0.656352611141077
"GT_spanishjapanese_039from20gen_sim_215.txt",39,22.4912280772878,14.8288138491621,1.59717635607269,1.57502216705382,1.88405713951379,2.84017439170976,0.415193276846376,0.659315436142707
"GT_spanishjapanese_039from20gen_sim_310.txt",39,22.1025763974394,15.6100513952371,1.49763193739298,1.4216157073716,1.76982002754618,2.84017439170976,0.504442506673947,0.706254832673966
"GT_spanishjapanese_039from20gen_sim_411.txt",39,21.635448768037,15.0323787155562,1.49105263239628,1.4986340739691,1.69937377366029,2.53008880167436,0.384601456064061,0.694803185121088
"GT_spanishjapanese_039from20gen_sim_457.txt",39,22.3379837876673,15.3612306021368,1.50680024212719,1.49547322473973,1.71708070335079,2.53134935310944,0.416286189568831,0.687673101930429
"GT_spanishjapanese_039from20gen_sim_489.txt",39,21.0981027893941,14.3193581834251,1.54378292076245,1.55344008576273,1.87944390942575,2.53134935310944,0.492879770518234,0.678703593700537
"GT_spanishjapanese_039from20gen_sim_499.txt",39,23.4842379886832,15.663766868298,1.55108804092519,1.56657495662096,1.75022399385783,2.3950651477266,0.37829087211784,0.666990637543622
"GT_spanishjapanese_039from50gen_015from20gen_013from75gen_sim_1077.txt",67,49.3945796995871,28.1489058843549,1.86354344471142,1.80218008044148,2.3394754388187,3.38649949602533,0.682203583074796,0.569878437179822
"GT_spanishjapanese_039from50gen_029from75gen_005from20gen_sim_1196.txt",73,60.1053890578776,34.8969217464984,1.91276975668342,2.00249182249945,2.35589689434399,4.94594293362834,0.735239415536795,0.580595555465001
"GT_spanishjapanese_039from50gen_sim_028.txt",39,51.6910762484648,25.7088021073394,2.12873272318386,2.0291609806553,2.44884860584634,3.50792332882673,0.653555151659324,0.497354746180255
"GT_spanishjapanese_039from50gen_sim_197.txt",39,53.7026247859682,25.3491397520615,2.26260874203943,2.15486422669867,2.70025512103743,4.94594293362834,0.756686170777401,0.472027947480974
"GT_spanishjapanese_039from50gen_sim_233.txt",39,52.4991223810514,25.725164153177,2.13107625202093,2.0343046688146,2.47425020090395,3.35819527277686,0.561810257141569,0.490011318026567
"GT_spanishjapanese_039from50gen_sim_495.txt",39,50.0634116077995,25.8993962227371,2.03305443655942,1.98816499484874,2.27441746359881,3.49974972920927,0.512500884268923,0.517331827595669
"GT_spanishjapanese_039from75gen_006from20gen_022from50gen_sim_1122.txt",67,65.3977493329327,36.5375826034206,1.90955766401025,1.81422875642736,2.29600545095392,3.58164265397029,0.63624971998536,0.558697860035088
"GT_spanishjapanese_039from75gen_sim_080.txt",39,75.8051356255459,42.9259311269948,1.85542972730875,1.79547551338756,2.12513069798601,3.39516585634488,0.523011443346254,0.566266794100017
"GT_spanishjapanese_039from75gen_sim_163.txt",39,77.6606686006363,44.9991330809551,1.86199276068128,1.79883527560315,2.26297038594265,3.16378885461427,0.564715746465909,0.579432728198098
"GT_spanishjapanese_039from75gen_sim_210.txt",39,75.5345789169664,43.1470145489457,1.88555894288209,1.89836879999258,2.26939539538117,2.99557586349322,0.528892229618633,0.571222017354149
"GT_spanishjapanese_040from20gen_004from50gen_sim_990.txt",44,24.8890934725645,16.7916630001726,1.52918337047595,1.37961165783516,1.65641213759374,3.38842985453862,0.559826118629922,0.674659485637042
"GT_spanishjapanese_040from20gen_038from50gen_sim_700.txt",78,37.0639686654622,19.9883588696744,1.87620876796271,1.8790732499036,2.21994576497086,3.38842985453862,0.600228213259912,0.539293540043929
"GT_spanishjapanese_040from20gen_048from50gen_sim_920.txt",88,36.8622566608839,19.455444912079,1.89111892365207,1.85550154418429,2.23800269754518,4.22218161781348,0.677706743269403,0.527787679714248
"GT_spanishjapanese_040from20gen_sim_036.txt",40,22.7448703508142,15.2729204998515,1.54512256795804,1.57273275288086,1.79758743766995,2.301291516364,0.416569613869334,0.671488571457377
"GT_spanishjapanese_040from20gen_sim_173.txt",40,21.1754426634222,14.2240853845509,1.54615474423256,1.43503523226336,1.86599496900906,2.78766341929524,0.428573181931359,0.6717255270947
"GT_spanishjapanese_040from20gen_sim_468.txt",40,21.3388333734063,13.8981210884157,1.57964987768235,1.48161897009578,1.84403817588526,2.34963013746548,0.382485568416384,0.651306509836491
"GT_spanishjapanese_040from50gen_011from75gen_010from20gen_sim_1349.txt",61,51.3681587990688,27.6538678357882,1.97984089704746,1.86145335952731,2.4699988325551,3.50712655826249,0.664141733612402,0.538346487051615
"GT_spanishjapanese_040from50gen_sim_397.txt",40,51.7841761754877,25.6567999640998,2.12530907563824,2.13096526825749,2.51327352845643,3.49974972920927,0.514355720863936,0.495456370246256
"GT_spanishjapanese_040from75gen_005from50gen_003from20gen_sim_1405.txt",48,68.3482306023039,41.1098093356862,1.81179233698354,1.84820197116497,2.2930269401842,3.16378885461427,0.608373281007476,0.601475838853691
"GT_spanishjapanese_040from75gen_007from50gen_sim_609.txt",47,74.301904119322,44.1347114542699,1.84849058981787,1.82366472579249,2.20711501658249,2.91308842997377,0.520679405480925,0.593991661147654
"GT_spanishjapanese_040from75gen_024from50gen_003from20gen_sim_1217.txt",67,67.8336969201171,37.595864869427,1.97407380861078,1.96178151546285,2.29147091738174,3.57285203953634,0.571617295077478,0.554235823438917
"GT_spanishjapanese_040from75gen_033from50gen_sim_548.txt",73,65.6750549208192,35.8115586593182,1.97412495119396,1.97104999830886,2.35199479300961,3.50792332882673,0.556182382900311,0.545284030633765
"GT_spanishjapanese_041from20gen_008from50gen_004from75gen_sim_1270.txt",53,29.3722979089048,18.7070596155614,1.56752483144073,1.55365555445451,1.8152079273976,2.92030704795649,0.524512851157666,0.63689465746192
"GT_spanishjapanese_041from20gen_sim_416.txt",41,21.5589246468992,14.1991400232774,1.57944208175078,1.61160456803933,1.81700844205231,2.37928090928165,0.407430294234453,0.658620049739801
"GT_spanishjapanese_041from50gen_003from20gen_008from75gen_sim_1162.txt",52,51.7001169045266,28.1739815018282,1.991312798946,2.05368636149344,2.34973641911644,3.58164265397029,0.668220842777959,0.544950054056096
"GT_spanishjapanese_041from50gen_029from20gen_sim_763.txt",70,38.0413119010827,20.3065858656026,1.91939267714376,1.86379693122349,2.21331220899525,4.22218161781348,0.698090382686851,0.533803511256526
"GT_spanishjapanese_041from50gen_030from20gen_sim_608.txt",71,39.8601831122699,22.4996681942276,1.78972011771896,1.66498253833267,2.10956604119523,3.38842985453862,0.539269831414545,0.564464747461275
"GT_spanishjapanese_041from50gen_sim_016.txt",41,55.0200158512475,26.2899694928608,2.24203725041491,2.12085901992823,2.75836103063319,3.50792332882673,0.682874539380243,0.47782555286677
"GT_spanishjapanese_041from50gen_sim_234.txt",41,51.6481839678699,23.4518778956662,2.32061394661145,2.22468534320438,2.62831864657443,3.58164265397029,0.613141266997259,0.454069748323689
"GT_spanishjapanese_041from50gen_sim_248.txt",41,49.2048950968877,24.3656030122818,2.18067474792656,2.08768079725043,2.68556008047573,3.49974972920927,0.700703409660251,0.495186565570443
"GT_spanishjapanese_041from75gen_004from50gen_sim_826.txt",45,72.4430535755249,43.3771331399173,1.84426946265162,1.88245190801406,2.29361986381131,3.3363868116988,0.5934246745243,0.598775603718787
"GT_spanishjapanese_041from75gen_005from20gen_003from50gen_sim_1290.txt",49,74.6978590055447,45.0251740515647,1.79455868161401,1.74253263697486,2.16896931972032,2.81575118106328,0.516815106582091,0.602763916543078
"GT_spanishjapanese_041from75gen_008from50gen_010from20gen_sim_1498.txt",59,61.4906317052131,39.3898710146078,1.70643130525899,1.73188034576319,2.19742262812077,3.51315397882442,0.663421385989959,0.64058328760458
"GT_spanishjapanese_041from75gen_012from20gen_004from50gen_sim_1382.txt",57,63.8010619412952,37.611629637852,1.75619702366761,1.75813416471802,2.07935366675142,2.77511137118506,0.462150447974323,0.589514163141349
"GT_spanishjapanese_041from75gen_013from50gen_014from20gen_sim_1204.txt",68,55.9208079982998,33.7480669157774,1.73567955608942,1.6975374932589,2.00520522165634,3.3363868116988,0.548522421595395,0.603497483741714
"GT_spanishjapanese_041from75gen_017from20gen_003from50gen_sim_1175.txt",61,61.8447041976113,35.316769247871,1.83327337904907,1.78248901730319,2.1925936029133,3.49974972920927,0.527072411622367,0.571055674145097
"GT_spanishjapanese_041from75gen_018from20gen_sim_959.txt",59,57.1632913140484,35.0747266664459,1.670537739913,1.57020865295626,2.04914500818839,3.43160904286503,0.605344378686644,0.613588298716907
"GT_spanishjapanese_041from75gen_046from20gen_sim_644.txt",87,46.8729856949292,30.3530525157526,1.59579114038987,1.58602215189955,1.90125633834716,2.86490450025698,0.485006651930955,0.647559613831816
"GT_spanishjapanese_041from75gen_057from20gen_sim_896.txt",98,42.2080214871568,25.0755702723332,1.69782197422037,1.60344860746175,2.00294545216699,3.35507463641524,0.53849730710674,0.594094899235285
"GT_spanishjapanese_041from75gen_sim_066.txt",41,75.5844311018863,49.7635708603504,1.68266833828686,1.60554875064871,2.05322799715301,3.35507463641524,0.57570382558739,0.65838387793473
"GT_spanishjapanese_041from75gen_sim_129.txt",41,76.6170245002751,49.0573917742644,1.68573111884856,1.5917618628467,1.98048907329132,2.91308842997377,0.591840564563313,0.640293617433397
"GT_spanishjapanese_041from75gen_sim_307.txt",41,75.7314181846856,46.624654892633,1.75896441342037,1.78248901730319,2.06122579819108,3.49666429212218,0.621893245186622,0.61565801896024
"GT_spanishjapanese_042from20gen_012from50gen_010from75gen_sim_1315.txt",64,37.5714700867038,22.1019181587627,1.68310647094001,1.63735350497294,1.97109175007127,3.43160904286503,0.533063693376454,0.588263331399012
"GT_spanishjapanese_042from20gen_014from50gen_005from75gen_sim_1039.txt",61,30.142533331119,18.9808487401038,1.64533348490742,1.57437360020865,1.99117429490025,3.39516585634488,0.597171188130516,0.629703168330184
"GT_spanishjapanese_042from20gen_015from75gen_sim_782.txt",57,39.488506993781,24.5330603789636,1.61421368582963,1.5991388753106,1.80368260423746,2.92030704795649,0.422493299324239,0.621270902514175
"GT_spanishjapanese_042from20gen_022from75gen_sim_914.txt",64,40.2876584173878,26.3636104239849,1.62112680019587,1.59755073305062,1.88001163656918,3.16378885461427,0.534288583323361,0.654384281927059
"GT_spanishjapanese_042from20gen_025from50gen_sim_634.txt",67,32.6295885291641,18.5752268718521,1.7315169190433,1.68476614618384,2.06954249796002,4.22218161781348,0.607764711919328,0.569275547414573
"GT_spanishjapanese_042from20gen_sim_104.txt",42,20.6952947860315,15.1334053856585,1.41725508329379,1.42937076173209,1.60787151052563,2.51541101335062,0.417975848815181,0.731248602260693
"GT_spanishjapanese_042from20gen_sim_231.txt",42,20.4807815299444,14.2274541989048,1.47696609550691,1.39753717205076,1.75748938431665,2.34963013746548,0.392881600239528,0.694673402872994
"GT_spanishjapanese_042from50gen_027from20gen_004from75gen_sim_1410.txt",73,42.3418709911649,22.3848113168573,1.95488339565124,1.89812925487171,2.20287001245196,4.94594293362834,0.693522205952596,0.528668450232824
"GT_spanishjapanese_042from50gen_sim_006.txt",42,50.2270813512914,26.3167168380279,2.00805299408675,1.91090012308747,2.3229489728452,3.38842985453862,0.547192420289371,0.523954729799391
"GT_spanishjapanese_042from50gen_sim_260.txt",42,52.2355791102829,26.7767490055584,2.11849745412169,2.07506282837984,2.59533483388115,3.58164265397029,0.648733778972603,0.512615145876448
"GT_spanishjapanese_042from50gen_sim_455.txt",42,51.4859265419044,26.1482182460596,2.10137958014641,1.98837435750048,2.33205763819598,3.58164265397029,0.639541966893258,0.507871179608229
"GT_spanishjapanese_042from75gen_008from50gen_sim_569.txt",50,75.6772807658902,45.6691444274223,1.85913715774281,1.87810638350152,2.30563993372426,3.35507463641524,0.634057353903864,0.603472323070132
"GT_spanishjapanese_042from75gen_025from50gen_sim_931.txt",67,70.2863303943807,41.3836263556327,1.97422232440513,1.87376085898898,2.25966205060842,4.94594293362834,0.758168099033767,0.588786270721871
"GT_spanishjapanese_042from75gen_030from20gen_sim_805.txt",72,53.2222560743772,33.0842312139542,1.68480585588857,1.71281300179212,1.98941465600304,3.39516585634488,0.539650254719106,0.621623990680132
"GT_spanishjapanese_042from75gen_040from20gen_011from50gen_sim_1099.txt",93,53.2304196450067,31.0466754993974,1.7413430513717,1.74777215425356,2.0789633856105,3.49974972920927,0.542946327801694,0.583250624482157
"GT_spanishjapanese_042from75gen_sim_321.txt",42,78.3115126692757,42.0475481656032,1.95629858011885,1.94144894682215,2.29393807196194,2.8774037049091,0.453402453316569,0.536926777843993
"GT_spanishjapanese_043from20gen_006from75gen_013from50gen_sim_1492.txt",62,32.5416267012729,19.6297393274279,1.63949922351752,1.5610574766499,1.99378847464122,2.93516358370552,0.564509405438419,0.603219362929392
"GT_spanishjapanese_043from20gen_011from75gen_006from50gen_sim_1062.txt",60,34.9672235353106,20.3102640562709,1.76488562585599,1.71380044830971,2.01253988337316,3.3363868116988,0.527878078886883,0.580837195602939
"GT_spanishjapanese_043from20gen_sim_445.txt",43,21.5885744585619,14.3864183992074,1.52507223649513,1.55365555445451,1.73745890414888,2.92030704795649,0.467544289872693,0.666390382876894
"GT_spanishjapanese_043from50gen_018from75gen_008from20gen_sim_1392.txt",69,53.5661154729023,27.1210713324886,2.12401432664729,2.11506546224459,2.48444844257348,3.57285203953634,0.603771389584691,0.506310212959319
"GT_spanishjapanese_043from75gen_003from20gen_009from50gen_sim_1301.txt",55,71.4187228063657,40.5805927058416,1.87369794915936,1.78305033020258,2.16928395270244,3.3363868116988,0.514829883597294,0.568206642617593
"GT_spanishjapanese_043from75gen_009from20gen_sim_516.txt",52,67.8320094245539,42.4728069915415,1.67593285189994,1.68257757700725,2.02763195649348,2.99557586349322,0.470666289142283,0.626146967366224
"GT_spanishjapanese_043from75gen_035from20gen_sim_637.txt",78,51.5104733260704,30.9152502401988,1.7008984875561,1.70622325409009,2.01353037256058,3.39516585634488,0.589265411492438,0.600174066436932
"GT_spanishjapanese_043from75gen_041from20gen_021from50gen_sim_1257.txt",105,50.1342143586589,29.6113251993616,1.8130205827497,1.70474940363586,2.17759007127351,4.94594293362834,0.682076871492322,0.590641053782612
"GT_spanishjapanese_043from75gen_sim_158.txt",43,80.8323387822325,45.3682257513937,1.88094619412743,1.83475493809455,2.25841697651092,2.7959334912223,0.476719815870688,0.561263306677525
"GT_spanishjapanese_043from75gen_sim_341.txt",43,77.3756644627493,46.8014252226923,1.79432167770011,1.77246912260536,2.2417048984758,2.75429924174085,0.535487603875176,0.604859752063567
"GT_spanishjapanese_043from75gen_sim_399.txt",43,76.3017408902632,47.495569724046,1.77443515658823,1.85939258384246,2.25069183508982,2.65160137302969,0.555044856064438,0.622470328591242
"GT_spanishjapanese_043from75gen_sim_419.txt",43,75.2030145121161,41.6014324247783,1.93925972202487,1.88779808178541,2.29152502224926,3.43160904286503,0.614184038809439,0.553188362124443
"GT_spanishjapanese_044from20gen_009from75gen_015from50gen_sim_1171.txt",68,36.969889314132,21.197757570329,1.74182819684082,1.73133352180383,2.0017820743754,3.49974972920927,0.618122229909634,0.573378983913431
"GT_spanishjapanese_044from20gen_011from50gen_006from75gen_sim_1238.txt",61,33.3648608607013,20.4265021671635,1.67635989940423,1.64611202133368,2.03158688849545,3.49666429212218,0.615991952271767,0.612216015299582
"GT_spanishjapanese_044from20gen_013from50gen_016from75gen_sim_1063.txt",73,41.6151383886938,24.0756457199549,1.74347112441327,1.73362250540592,2.06728134372744,3.50712655826249,0.509181979811343,0.578530954170656
"GT_spanishjapanese_044from20gen_sim_405.txt",44,22.1716973102021,13.9790654344361,1.66720980686111,1.58846021244631,2.03947339823433,3.51315397882442,0.528812627421524,0.630491443160908
"GT_spanishjapanese_044from50gen_014from20gen_sim_605.txt",58,44.5825148994189,23.654373744802,1.93092720614677,1.8430127769555,2.3025482977562,3.58164265397029,0.626302944503716,0.530575132384699
"GT_spanishjapanese_044from50gen_073from20gen_sim_960.txt",117,33.1940037690397,18.6953095195014,1.78335764020085,1.74215357172485,2.15486422669867,3.51315397882442,0.556442897190155,0.563213454140131
"GT_spanishjapanese_044from50gen_sim_100.txt",44,53.3292298709038,26.5187126300645,2.11282638576493,2.06525757639321,2.39598687884592,3.31202315874929,0.564877528888259,0.497264121275695
"GT_spanishjapanese_044from50gen_sim_145.txt",44,52.9003816288637,25.7867614426977,2.17193279659645,2.07267213245958,2.5158935176512,4.22218161781348,0.626429555793125,0.487458892520123
"GT_spanishjapanese_044from50gen_sim_296.txt",44,51.0189449747094,24.2354184654856,2.1900637785971,2.1723043781298,2.36703913706268,3.38649949602533,0.500198618130433,0.475027825006952
"GT_spanishjapanese_044from75gen_004from20gen_sim_618.txt",48,69.1523796064926,40.4712752131515,1.78026961833598,1.72519891591869,2.15280830351158,3.35507463641524,0.548901133350477,0.585247759273807
"GT_spanishjapanese_044from75gen_009from20gen_005from50gen_sim_1342.txt",58,63.6877259214015,40.4033136355964,1.69335676684256,1.71518502205348,1.99949324411599,3.39516585634488,0.581377182226301,0.634397178593864
"GT_spanishjapanese_044from75gen_009from20gen_020from50gen_sim_1165.txt",73,66.7083695962798,37.5032445071595,1.92147649922137,1.85000659555355,2.24958515172972,3.43160904286503,0.537836217847431,0.562196988685674
"GT_spanishjapanese_044from75gen_009from50gen_012from20gen_sim_1212.txt",65,62.2282318368695,38.2154066029936,1.79237091080836,1.77447695785637,2.06844661726876,4.94594293362834,0.660686214125723,0.614116864242179
"GT_spanishjapanese_044from75gen_sim_152.txt",44,79.803355420769,47.4962953747777,1.79155822158293,1.75346495087413,2.07074772673692,3.39516585634488,0.556122701334309,0.595166645867834
"GT_spanishjapanese_044from75gen_sim_279.txt",44,74.6195836612063,40.1575005399809,1.96948235025948,1.87189171546017,2.31966753320951,3.49666429212218,0.635788029199774,0.538163020612754
"GT_spanishjapanese_044from75gen_sim_425.txt",44,77.4202923403072,46.4374052882293,1.77167128982011,1.72272955014166,2.15852187349034,2.81575118106328,0.504272877019411,0.599809221645791
"GT_spanishjapanese_045from20gen_007from50gen_sim_817.txt",52,27.6916270445364,17.4608892430231,1.6152530654473,1.55592120913013,1.828505395559,3.30274564617087,0.47250585867824,0.63054760975008
"GT_spanishjapanese_045from20gen_013from75gen_004from50gen_sim_1271.txt",62,35.0932235910014,23.7534739099328,1.59809158123402,1.51252090456325,1.89360595762759,3.38842985453862,0.595839177621323,0.676867824591176
"GT_spanishjapanese_045from20gen_015from50gen_019from75gen_sim_1108.txt",79,37.0388830003355,24.7819415153004,1.59085581604571,1.51653900841372,1.85436615785122,2.90494266265304,0.537354298441478,0.669079073336957
"GT_spanishjapanese_045from20gen_016from75gen_006from50gen_sim_1064.txt",67,39.3315105371907,23.7143398466365,1.63286614793485,1.55374386727432,1.89388282292864,3.29301972344296,0.505715296502379,0.602934886627681
"GT_spanishjapanese_045from20gen_020from50gen_sim_952.txt",65,29.0958203811456,17.3908503460472,1.64605262259812,1.74215357172485,2.0343046688146,2.66926049995535,0.538053592016445,0.597709571967136
"GT_spanishjapanese_045from20gen_025from50gen_sim_600.txt",70,33.8374735083612,18.2238889082359,1.86031760948405,1.71911519096979,2.20649852453322,3.51315397882442,0.655407160875034,0.53857120578854
"GT_spanishjapanese_045from20gen_032from75gen_sim_967.txt",77,43.6020676680168,27.8635544025213,1.53119121115221,1.56585940513615,1.9203508266044,2.57126813168516,0.495035914273614,0.639042043021273
"GT_spanishjapanese_045from20gen_sim_022.txt",45,20.6187103556436,13.8978625115814,1.52703019748739,1.53857923827073,1.77197455757681,2.67180348994597,0.443721607222273,0.674041308688222
"GT_spanishjapanese_045from20gen_sim_353.txt",45,22.3462734569379,14.4945784971226,1.59898288097933,1.63339140903785,1.83422248826303,2.67180348994597,0.418676723662383,0.648635152749483
"GT_spanishjapanese_045from20gen_sim_359.txt",45,23.2626335427951,14.8367589210322,1.64707239049729,1.60342944777293,1.8569140427436,2.92030704795649,0.505570826508239,0.637793605514944
"GT_spanishjapanese_045from50gen_003from20gen_011from75gen_sim_1097.txt",59,54.5546687637787,28.5018179200858,2.05933442004571,2.0343046688146,2.4456058921645,3.38842985453862,0.61229712290358,0.522445073280501
"GT_spanishjapanese_045from50gen_005from75gen_009from20gen_sim_1068.txt",59,53.5440119396248,25.5759717914704,2.19523331742226,2.07640913579339,2.73473036448966,4.22218161781348,0.690287829273127,0.477662596898965
"GT_spanishjapanese_045from50gen_015from20gen_sim_879.txt",60,44.6416019168945,24.7531695658148,1.83980968178557,1.77195127077163,2.12339829306761,3.17622300996894,0.529510689260748,0.554486588807805
"GT_spanishjapanese_045from50gen_017from20gen_008from75gen_sim_1025.txt",70,49.766390931919,26.9520562412758,1.91733915591445,1.85227086954368,2.29890789413492,3.49974972920927,0.620019467175725,0.541571444836065
"GT_spanishjapanese_045from50gen_sim_021.txt",45,48.488578925327,25.9473197986616,1.98079123080229,1.95105078076113,2.20738551738931,3.15845172111698,0.543398301837482,0.535122298358564
"GT_spanishjapanese_045from50gen_sim_431.txt",45,50.829871084103,25.4441158469584,2.11131357930557,2.11506546224459,2.44070450101205,3.38842985453862,0.531782264112912,0.500574077885395
"GT_spanishjapanese_045from50gen_sim_485.txt",45,50.3357719466685,24.931331598171,2.11951916948115,2.07557882848778,2.38705641356778,3.43914004377969,0.599258456531016,0.495300471890769
"GT_spanishjapanese_045from75gen_003from20gen_010from50gen_sim_1404.txt",58,71.0635352430542,41.3932437156095,1.8748371736283,1.81472642208246,2.20402776103799,3.49666429212218,0.651534728103061,0.58248219109892
"GT_spanishjapanese_045from75gen_007from20gen_022from50gen_sim_1070.txt",74,66.3182175498403,37.2919346323236,1.88893527269945,1.89661986485823,2.2003009100673,3.30274564617087,0.577099370408555,0.562318108207559
"GT_spanishjapanese_045from75gen_008from20gen_006from50gen_sim_1056.txt",59,71.0291744248532,43.4082377991943,1.75265450842471,1.71357875452012,2.06460509943135,3.43160904286503,0.596811822391216,0.611132512107668
"GT_spanishjapanese_045from75gen_008from50gen_sim_908.txt",53,74.3905635070714,46.2126503533951,1.79826109880917,1.89101990814451,2.06728134372744,3.43914004377969,0.575062930625572,0.621216565310763
"GT_spanishjapanese_045from75gen_018from50gen_sim_993.txt",63,71.6437773709923,44.4963033588409,1.78046180859386,1.76209718682425,2.09579389846726,3.39516585634488,0.604129953103615,0.6210770145246
"GT_spanishjapanese_045from75gen_028from50gen_sim_994.txt",73,65.0721226233227,37.6699254773497,1.89093653010054,1.82366472579249,2.27377287524606,3.43160904286503,0.591644224509264,0.57889498542112
"GT_spanishjapanese_045from75gen_033from50gen_sim_725.txt",78,66.6883808538387,35.9201717925136,2.06042955188353,2.04465482347638,2.4377115530817,3.57285203953634,0.603664934505017,0.538627139129979
"GT_spanishjapanese_045from75gen_sim_332.txt",45,77.5992837588206,44.8996401801424,1.84517016220894,1.81271918738728,2.20926754351623,3.39516585634488,0.560742530080876,0.578608951078608
"GT_spanishjapanese_045from75gen_sim_383.txt",45,78.0817464587492,44.3794005815767,1.9025664922115,1.8943098274745,2.29107823725502,3.35507463641524,0.569741933498969,0.568371003394787
"GT_spanishjapanese_045from75gen_sim_480.txt",45,77.0986855095471,45.1087654607251,1.79927984659416,1.76209718682425,2.05322799715301,3.3363868116988,0.451925626452305,0.585078269008092
"GT_spanishjapanese_046from50gen_009from75gen_010from20gen_sim_1167.txt",65,46.5985433471584,24.6278806417942,1.96611098317844,1.86428109265728,2.28108078572176,3.31202315874929,0.575965435496905,0.52851181330534
"GT_spanishjapanese_046from50gen_021from20gen_008from75gen_sim_1013.txt",75,47.3741813099638,25.0822781746813,1.97046453281941,1.97726471057323,2.38378778229102,3.50712655826249,0.686703396867813,0.529450377423323
"GT_spanishjapanese_046from50gen_034from20gen_031from75gen_sim_1012.txt",111,49.6078365662504,26.6453093422545,1.91804036264003,1.80837314800204,2.30162699442869,3.58164265397029,0.639336346307332,0.537118955120532
"GT_spanishjapanese_046from50gen_sim_162.txt",46,50.5709175234251,25.9910863030946,2.07075985571259,2.01412071005567,2.4331767820511,3.35819527277686,0.607755725285431,0.513953227980395
"GT_spanishjapanese_046from50gen_sim_316.txt",46,52.4394414859798,26.1393971900409,2.14549491059367,2.12042353508205,2.35599088805243,4.22218161781348,0.607066965901307,0.498468260708489
"GT_spanishjapanese_046from50gen_sim_373.txt",46,53.7245697007606,27.3521324321671,2.10163364870173,1.96916733211145,2.50568904809303,3.58164265397029,0.589921593203323,0.509117757192198
"GT_spanishjapanese_046from75gen_008from50gen_016from20gen_sim_1329.txt",70,63.2957203254066,36.9380930743464,1.74800983183957,1.69916331203198,2.15437253586934,2.99618392516982,0.486771150627392,0.583579630414912
"GT_spanishjapanese_046from75gen_012from50gen_019from20gen_sim_1225.txt",77,61.1432559219303,34.9576389773201,1.83267135093879,1.78929862214439,2.20951249277205,3.39516585634488,0.537729204943532,0.5717333571826
"GT_spanishjapanese_046from75gen_052from50gen_sim_515.txt",98,64.9765923448573,36.8935878952968,1.93661814792526,1.90778249154444,2.23973310303381,3.50712655826249,0.561109709084156,0.567798134126325
"GT_spanishjapanese_046from75gen_sim_078.txt",46,81.9172155246951,49.9537579125182,1.75966120478384,1.76366210199637,2.19687362330374,2.91308842997377,0.552734435601059,0.609807811368526
"GT_spanishjapanese_046from75gen_sim_209.txt",46,78.4984799316643,46.9758222952537,1.76541475972053,1.74529563427961,2.06483259381051,3.35507463641524,0.490062206671043,0.598429706360529
"GT_spanishjapanese_046from75gen_sim_326.txt",46,78.3584867824122,47.8939892772064,1.72590423949879,1.70513349675577,1.96157835883531,3.43160904286503,0.488203007833127,0.611216362692144
"GT_spanishjapanese_047from20gen_026from75gen_045from50gen_sim_1278.txt",118,44.9681972030718,25.3852534024682,1.8258283635541,1.770368681663,2.19146955263702,3.35819527277686,0.55345992834536,0.564515701793225
"GT_spanishjapanese_047from20gen_sim_110.txt",47,21.2021660259258,14.770950230127,1.48872968843201,1.58556733406555,1.7770082256339,2.37928090928165,0.440805311848597,0.696671755709543
"GT_spanishjapanese_047from20gen_sim_154.txt",47,21.272157857845,14.1473007064624,1.57783556992825,1.47681633558854,1.72403609599693,3.51315397882442,0.526480189115887,0.66506185225797
"GT_spanishjapanese_047from20gen_sim_181.txt",47,22.1030249709122,15.2801072987604,1.5027474587775,1.61286568791957,1.76831471101957,2.84017439170976,0.432579745951879,0.691312945575061
"GT_spanishjapanese_047from20gen_sim_355.txt",47,21.8527864126925,14.3446539763635,1.59452067132967,1.55485085759173,1.8440175369214,3.51315397882442,0.516526472062155,0.656422192825343
"GT_spanishjapanese_047from50gen_004from75gen_022from20gen_sim_1264.txt",73,45.1013695708776,23.9835893893053,1.9798291016506,1.92860197407458,2.30186104904173,3.39215436096654,0.573424711401228,0.531770755910519
"GT_spanishjapanese_047from50gen_008from75gen_009from20gen_sim_1307.txt",64,54.716955514811,25.7246833008502,2.17377722731822,2.15694295720065,2.52628519956475,3.33270632467863,0.540282464917085,0.470140983883633
"GT_spanishjapanese_047from50gen_009from75gen_005from20gen_sim_1263.txt",61,54.9814518525071,27.0724351921757,2.12717059244957,2.07640913579339,2.55984382924636,3.50792332882673,0.63164446585854,0.4923921482612
"GT_spanishjapanese_047from50gen_023from75gen_sim_847.txt",70,60.0310310898959,31.4672439213965,2.07897364662872,2.05885202605509,2.35599088805243,3.50792332882673,0.552963384415348,0.524182965877675
"GT_spanishjapanese_047from50gen_sim_101.txt",47,52.0202641210703,26.4870587307599,2.03358823029391,2.08190474721706,2.33966062525043,3.43914004377969,0.505062994549256,0.509168093978045
"GT_spanishjapanese_047from50gen_sim_436.txt",47,52.598914787948,25.8747567697748,2.15753918473821,1.98966924317813,2.64861146730471,3.31202315874929,0.581987074245133,0.491925677061754
"GT_spanishjapanese_047from75gen_013from20gen_sim_629.txt",60,65.1469139902952,36.7601177726306,1.77347965214574,1.75401197064854,2.02288595573264,2.65160137302969,0.400671448137537,0.564264913271359
"GT_spanishjapanese_047from75gen_020from20gen_026from50gen_sim_1401.txt",93,57.5333397855443,33.6128644614693,1.84973191199463,1.81481712877972,2.22085007313944,3.45845923446706,0.597633317111367,0.584232804609664
"GT_spanishjapanese_047from75gen_020from50gen_013from20gen_sim_1399.txt",80,64.0426320753889,36.9465164755369,1.89228078333303,1.85379582441104,2.26106280805194,4.22218161781348,0.59142206987727,0.576905028388662
"GT_spanishjapanese_047from75gen_035from20gen_sim_530.txt",82,56.8805130532664,35.0751705920948,1.61219967717428,1.58823298536278,1.95980396293591,2.75429924174085,0.474744020315523,0.616646522847784
"GT_spanishjapanese_047from75gen_064from50gen_sim_973.txt",111,61.4080041994516,31.7188950659007,2.03870666625613,2.01006215681687,2.41087453027568,3.43160904286503,0.565936642518974,0.516527046911973
"GT_spanishjapanese_047from75gen_sim_336.txt",47,79.3365692768939,48.0747408356524,1.78076815555483,1.83475493809455,2.21857040338064,2.8774037049091,0.547581590631047,0.605959411578108
"GT_spanishjapanese_048from20gen_005from75gen_020from50gen_sim_1428.txt",73,33.2452845066018,21.2205027487114,1.6760191328324,1.63052538787176,2.00293696008263,3.15845172111698,0.58389818649229,0.638301132435712
"GT_spanishjapanese_048from20gen_012from75gen_009from50gen_sim_1085.txt",69,36.1454412960365,21.7575922797111,1.7320625425027,1.6391395697891,1.99117429490025,3.51315397882442,0.57762371726005,0.601945681102997
"GT_spanishjapanese_048from20gen_027from75gen_sim_971.txt",75,40.33661911991,27.7748776776491,1.5569229879324,1.56657495662096,1.89698687000545,3.51315397882442,0.53668993304458,0.688577235367244
"GT_spanishjapanese_048from20gen_031from50gen_sim_506.txt",79,33.04852748173,18.909788891139,1.76900607903189,1.59667233798453,1.93861689231399,3.58164265397029,0.634684038630481,0.572182494411977
"GT_spanishjapanese_048from20gen_sim_380.txt",48,21.6432971350833,15.3981416144553,1.45211127978965,1.40030182690461,1.70414501790766,2.67180348994597,0.44692074731563,0.711450825553525
"GT_spanishjapanese_048from20gen_sim_471.txt",48,20.4618049926266,14.8073532421079,1.46534777691874,1.35400564590139,1.71218842313784,2.92030704795649,0.525812310125128,0.723658213312251
"GT_spanishjapanese_048from50gen_004from75gen_sim_982.txt",52,52.6065360939783,28.0957945628369,2.05258903452408,1.98301203968575,2.36891676439144,3.58164265397029,0.646284479959534,0.534074216797804
"GT_spanishjapanese_048from50gen_016from20gen_015from75gen_sim_1327.txt",79,51.9843442836318,28.611744421063,1.94671753799847,1.82628040768838,2.31714912685993,3.49974972920927,0.611096967674206,0.550391561446932
"GT_spanishjapanese_048from50gen_sim_018.txt",48,55.1881925081164,25.0807936290212,2.28395272405523,2.35889095143924,2.74272063056156,3.35819527277686,0.568788197375605,0.454459414037388
"GT_spanishjapanese_048from50gen_sim_045.txt",48,55.1025921732223,26.7594591948788,2.16722312173941,2.17224156323549,2.66525122993329,3.33270632467863,0.572252198584709,0.48562977056972
"GT_spanishjapanese_048from50gen_sim_329.txt",48,51.5469267542107,26.8060575423453,2.04896877311988,1.90917156167938,2.43156603269076,3.49974972920927,0.618311344713748,0.520032118891659
"GT_spanishjapanese_048from75gen_007from50gen_005from20gen_sim_1335.txt",60,72.6205344920171,43.6096130633062,1.79222158109429,1.8419350734265,2.12989204699515,3.16378885461427,0.52131766951367,0.600513523734805
"GT_spanishjapanese_048from75gen_022from20gen_004from50gen_sim_1316.txt",74,57.2595983291665,34.1707539898838,1.77819873270692,1.65241015052491,2.16410280489324,3.35507463641524,0.532805342684071,0.596769013178324
"GT_spanishjapanese_048from75gen_022from20gen_007from50gen_sim_1341.txt",77,57.7710591688974,35.2527704095286,1.71498134220545,1.66532300772813,2.06603485901699,3.38649949602533,0.582647102814071,0.610215061255236
"GT_spanishjapanese_048from75gen_024from20gen_006from50gen_sim_1135.txt",78,61.6903376630063,37.5539596775883,1.69949603488944,1.73829070882366,2.0155553974139,2.99557586349322,0.544803379583801,0.608749458995232
"GT_spanishjapanese_048from75gen_sim_280.txt",48,75.0127943110837,48.2337658960891,1.68455184879888,1.64702951103195,2.19354802772399,2.81575118106328,0.568188230137634,0.643007187494711
"GT_spanishjapanese_048from75gen_sim_282.txt",48,76.1945328666158,42.7293355148545,1.83838600544346,1.7493437672308,2.2556320826088,2.91308842997377,0.494319553200028,0.560792669858025
"GT_spanishjapanese_048from75gen_sim_404.txt",48,75.8746114486199,42.6576528414459,1.88439303481979,1.84638668146991,2.24628267376852,3.16378885461427,0.551795369144787,0.562212471695258
"GT_spanishjapanese_049from20gen_020from50gen_sim_894.txt",69,32.8696269308933,19.4761599337614,1.6713066661981,1.67416097277081,1.92647178888044,3.43914004377969,0.512325261421698,0.592527562746879
"GT_spanishjapanese_049from20gen_sim_143.txt",49,21.8785381252409,14.710583946252,1.58126918858867,1.59667233798453,1.80368260423746,3.51315397882442,0.540914589458255,0.672375085668114
"GT_spanishjapanese_049from20gen_sim_276.txt",49,21.9001686967979,15.5457045685312,1.44016017892374,1.49547322473973,1.66628740035443,2.21679294117635,0.378909511466314,0.709844055712877
"GT_spanishjapanese_049from50gen_004from20gen_008from75gen_sim_1016.txt",61,51.8123099842794,25.346182497344,2.16717540563232,2.1257816079195,2.4699988325551,4.94594293362834,0.754408528980001,0.489192288570697
"GT_spanishjapanese_049from50gen_013from20gen_sim_650.txt",62,43.3556632106047,24.4983202918629,1.85370465611517,1.78053571698863,2.28382222082472,3.50712655826249,0.647270909989895,0.565054677467618
"GT_spanishjapanese_049from50gen_sim_051.txt",49,51.8627859484362,24.7110197193752,2.18127108581296,2.19265420011993,2.62362075103359,3.35819527277686,0.587201678351129,0.476469192070473
"GT_spanishjapanese_049from50gen_sim_155.txt",49,51.0336100921247,25.9087590034699,2.08879172421498,2.02368621751994,2.33280165232142,3.35819527277686,0.555471048385188,0.507680310224967
"GT_spanishjapanese_049from75gen_014from20gen_sim_842.txt",63,64.2867237592749,39.0097991839088,1.72772696395284,1.69032558288194,2.12521665415819,2.77511137118506,0.52416467626663,0.606809569732984
"GT_spanishjapanese_049from75gen_023from20gen_sim_528.txt",72,60.3789326185907,36.5566763880622,1.74050472340417,1.74470226389257,2.04488109239898,3.35507463641524,0.550321808074469,0.60545416758173
"GT_spanishjapanese_049from75gen_043from50gen_004from20gen_sim_1237.txt",96,63.1715824220967,34.675612321625,1.98159778634851,1.92697056360641,2.36597786142288,3.57285203953634,0.614851609557896,0.548911567386919
"GT_spanishjapanese_049from75gen_sim_206.txt",49,79.5105140557221,51.142844384593,1.67171887872438,1.71357875452012,1.88779808178541,2.587530396037,0.431832062319548,0.643221151214686
"GT_spanishjapanese_049from75gen_sim_255.txt",49,76.2640552897683,46.5782365432087,1.80383810231002,1.78929862214439,2.06008429514748,3.49666429212218,0.622764966710175,0.6107495381177
"GT_spanishjapanese_049from75gen_sim_318.txt",49,72.8394275894205,46.2450011727455,1.7029297275526,1.6720660026586,2.18757356583581,2.66785270222031,0.528092895599714,0.634889684106501
"GT_spanishjapanese_050from50gen_066from75gen_sim_813.txt",116,67.9151271972796,39.0957549925741,1.93524243171033,1.86682555467003,2.27361616153276,3.43914004377969,0.59565988679928,0.575656066711159
"GT_spanishjapanese_050from50gen_sim_159.txt",50,53.233229155086,26.1893932279183,2.18136811393727,2.0783079631881,2.47883197653072,4.22218161781348,0.636044215356469,0.491974536273574
"GT_spanishjapanese_050from75gen_005from20gen_020from50gen_sim_1119.txt",75,66.5465095344133,38.2705269746872,1.85731208524767,1.78035651973824,2.15714584839448,3.43914004377969,0.569430530186205,0.575094430082713
"GT_spanishjapanese_050from75gen_027from20gen_sim_791.txt",77,60.6023729029612,36.9588165498269,1.70772173251195,1.76506502905568,2.03271378398601,2.84017439170976,0.526310884657999,0.609857581138065
"GT_spanishjapanese_050from75gen_042from20gen_sim_923.txt",92,51.1706890598998,30.7465632079832,1.67081012141177,1.6536410973773,2.06097904068231,2.99557586349322,0.522780088359356,0.600862794167021
"GT_spanishjapanese_050from75gen_043from20gen_011from50gen_sim_1372.txt",104,53.6409184464269,31.4163191979267,1.79608335622235,1.71844178301246,2.20242263583392,3.57285203953634,0.570651569329487,0.58567824913929
"GT_spanishjapanese_050from75gen_sim_474.txt",50,76.7598539916787,45.4488700004419,1.78901794688495,1.71937083746494,2.1879990151938,3.43160904286503,0.546525881436904,0.592091668196358
"GT_spanishjapanese_051from20gen_011from50gen_sim_642.txt",62,26.5497112668819,16.5394558320656,1.61501060894164,1.6113978558908,1.8769857925538,2.78766341929524,0.514790808126397,0.622961796676748
"GT_spanishjapanese_051from20gen_016from75gen_sim_970.txt",67,32.4367894003844,20.0020204278679,1.61425758320543,1.55139836728679,1.8864693325231,3.39516585634488,0.546054364817654,0.616646123047888
"GT_spanishjapanese_051from20gen_028from75gen_sim_811.txt",79,42.1382255732797,25.3148485222936,1.6493382898091,1.58195890443919,2.00829719818846,3.51315397882442,0.533650170992185,0.600757345092054
"GT_spanishjapanese_051from20gen_063from75gen_sim_678.txt",114,51.8129330910543,31.4526947289933,1.70520285811838,1.66442520268199,2.06268795443205,3.43160904286503,0.55076263201642,0.607043316264674
"GT_spanishjapanese_051from20gen_sim_004.txt",51,22.0780832538079,14.7830187661893,1.54704814590345,1.45762802110779,1.7818325287699,3.51315397882442,0.532166892866116,0.66957890303451
"GT_spanishjapanese_051from20gen_sim_046.txt",51,22.0458842227756,14.7978556846012,1.5517247134278,1.53857923827073,1.76938981257707,2.67180348994597,0.452830145931189,0.671229855653217
"GT_spanishjapanese_051from20gen_sim_378.txt",51,21.7800206021231,14.3571957122567,1.57038309379452,1.5699319353832,1.91668678674138,2.57126813168516,0.45289872618393,0.65919109878423
"GT_spanishjapanese_051from50gen_004from75gen_007from20gen_sim_1417.txt",62,49.0935450498463,26.0899620442543,2.05135536603324,1.93139821788693,2.37163444112871,4.94594293362834,0.846889344255274,0.531433654215933
"GT_spanishjapanese_051from50gen_005from75gen_sim_975.txt",56,51.7568000151742,26.451641078749,2.23820450071314,2.05534399379324,2.87757117720491,4.94594293362834,0.835491848754263,0.51107566679149
"GT_spanishjapanese_051from50gen_047from20gen_sim_895.txt",98,36.7936871422921,20.1977062427026,1.84600287969524,1.75078948010953,2.18887112368045,3.58164265397029,0.68548124192376,0.54894488189216
"GT_spanishjapanese_051from50gen_sim_132.txt",51,52.6156426565823,26.4521924994596,2.10967662489176,2.02368621751994,2.5238300135246,3.39215436096654,0.591487557927898,0.502743883071252
"GT_spanishjapanese_051from50gen_sim_141.txt",51,50.2009925520668,26.0316233219258,2.03707568948792,1.92598248440794,2.3448917958676,3.39215436096654,0.505786403927074,0.518547980797924
"GT_spanishjapanese_051from50gen_sim_243.txt",51,54.0924964789419,27.5263427909138,2.0796569339904,1.98816499484874,2.30449700328301,3.58164265397029,0.589880539315461,0.508875437125179
"GT_spanishjapanese_051from75gen_007from50gen_sim_689.txt",58,75.0090541937335,41.630892930287,1.92418601553555,1.84951801537591,2.21571553640744,3.49666429212218,0.574562464662252,0.555011569973442
"GT_spanishjapanese_051from75gen_sim_194.txt",51,76.7236813710358,45.8148765206063,1.79743924442302,1.87376085898898,2.16545004489697,2.81575118106328,0.552785972804286,0.59714126983878
"GT_spanishjapanese_051from75gen_sim_263.txt",51,76.0907640762093,42.4636139368894,1.89550419147926,1.82447756301053,2.15363511147509,3.43160904286503,0.550886196405938,0.558065284958364
"GT_spanishjapanese_052from20gen_012from50gen_sim_944.txt",64,27.0283691212615,16.949162837253,1.63856001692996,1.59416397024842,2.02530669758391,3.51315397882442,0.546275066876599,0.627087885370047
"GT_spanishjapanese_052from20gen_017from50gen_sim_688.txt",69,30.3983177507146,18.2448753920875,1.63589107169231,1.49946286739568,1.90839979875917,3.43914004377969,0.622395071992732,0.600193587740843
"GT_spanishjapanese_052from20gen_026from75gen_sim_927.txt",78,40.8847929835211,25.4345524919894,1.62287409264835,1.59436036168552,1.93670484879699,3.35507463641524,0.528040574110749,0.62210300299774
"GT_spanishjapanese_052from20gen_041from50gen_026from75gen_sim_1255.txt",119,45.5832649248981,25.5493983315084,1.87435741922633,1.80218008044148,2.21680426632259,4.94594293362834,0.673368321678302,0.56049952484981
"GT_spanishjapanese_052from20gen_sim_076.txt",52,21.5856350177029,15.553746617203,1.43780182609021,1.39196043142209,1.776195235129,2.51541101335062,0.452017766249692,0.720560067120886
"GT_spanishjapanese_052from20gen_sim_079.txt",52,20.6561307019753,14.5590263545494,1.47677386501985,1.43002567230426,1.60797568063327,2.57126813168516,0.416635054588182,0.704828341987453
"GT_spanishjapanese_052from20gen_sim_131.txt",52,21.7177926075864,14.5797426295093,1.55853109003241,1.58513589047747,1.79906476829227,3.51315397882442,0.504282340709745,0.671327095388891
"GT_spanishjapanese_052from20gen_sim_269.txt",52,21.9679986921646,15.5794633715276,1.48743142650523,1.44545416229449,1.8663381463132,2.67180348994597,0.484994686772422,0.70918901579707
"GT_spanishjapanese_052from20gen_sim_349.txt",52,21.6799890037218,13.8721140631326,1.61199829736928,1.57271506707856,1.90151040181248,2.51541101335062,0.456034208726809,0.639857984279936
"GT_spanishjapanese_052from50gen_028from20gen_sim_872.txt",80,40.5222875320141,21.8640424135538,1.96972243289704,1.97094015069868,2.33623113878593,3.58164265397029,0.679195088810121,0.539555976356971
"GT_spanishjapanese_052from50gen_052from20gen_012from75gen_sim_1215.txt",116,40.2874568463945,23.0817463636322,1.79055598779249,1.70832744303002,2.13783430076002,3.43914004377969,0.603473256575867,0.572926368910225
"GT_spanishjapanese_052from50gen_sim_247.txt",52,53.8525774223889,26.2527224789707,2.22367137569204,2.05410111998948,2.65364057759214,4.94594293362834,0.737236365552412,0.487492404923525
"GT_spanishjapanese_052from50gen_sim_281.txt",52,52.3322651244025,25.3303038357744,2.20080459659041,2.0783079631881,2.6933658032505,4.94594293362834,0.748740785304672,0.484028424444463
"GT_spanishjapanese_052from50gen_sim_298.txt",52,49.8865040564038,26.0979693753473,2.00129557350888,1.97131989638621,2.22225093697759,3.25536768361862,0.503405795587151,0.523146888501945
"GT_spanishjapanese_052from50gen_sim_306.txt",52,51.6790401016126,24.7356659073661,2.18288109970963,2.1318572679448,2.6247952249188,3.45845923446706,0.581407235051274,0.478640196465148
"GT_spanishjapanese_052from75gen_006from20gen_004from50gen_sim_1001.txt",62,69.7480686995504,40.5850990604501,1.84318906789211,1.75379883301527,2.24486064748614,3.49666429212218,0.586406748305149,0.581881331155937
"GT_spanishjapanese_052from75gen_019from50gen_004from20gen_sim_1470.txt",75,68.9537115802265,41.1368004296467,1.83565729798971,1.86653702406828,2.20852065318115,4.94594293362834,0.667732315550774,0.596585731020217
"GT_spanishjapanese_052from75gen_020from50gen_sim_646.txt",72,74.6100470612453,39.1688797546295,2.10363124543632,2.0349896691319,2.67653621602885,3.49974972920927,0.687472157831423,0.524981303422539
"GT_spanishjapanese_052from75gen_sim_299.txt",52,77.9895339266466,45.5129077957728,1.79861950897143,1.90675088871974,2.15280830351158,2.75429924174085,0.472262771610144,0.583577122522365
"GT_spanishjapanese_052from75gen_sim_423.txt",52,77.954134427756,44.931147749974,1.89111087727286,1.98686024823814,2.29487213899085,3.3363868116988,0.583520317560554,0.576379278402661
"GT_spanishjapanese_052from75gen_sim_427.txt",52,74.9486320797776,48.2908825185489,1.71422910515641,1.73855420040376,2.05917902637118,3.35507463641524,0.5754264440155,0.644319731775046
"GT_spanishjapanese_052from75gen_sim_443.txt",52,82.5282064102597,50.4829869103869,1.83395340779191,1.72745376904899,2.22548622099602,3.39516585634488,0.648497595749545,0.61170585314103
"GT_spanishjapanese_053from20gen_007from75gen_004from50gen_sim_1015.txt",64,28.859362454848,19.6408492321239,1.50596519778771,1.51252090456325,1.73168009132906,2.59579149767702,0.434177596587466,0.680571140920145
"GT_spanishjapanese_053from20gen_053from75gen_013from50gen_sim_1305.txt",119,49.3195470679747,28.8817091300868,1.77458805732634,1.72489638119409,2.12042353508205,3.49974972920927,0.561628975629461,0.585603697663333
"GT_spanishjapanese_053from20gen_sim_413.txt",53,21.9172084965897,14.5104760671076,1.55042205682956,1.4979510714023,1.75813416471802,2.57126813168516,0.438322267512809,0.662058586035961
"GT_spanishjapanese_053from20gen_sim_438.txt",53,20.7494654140087,14.4048556973442,1.50399044941028,1.45762802110779,1.86614050291967,2.53008880167436,0.51093033754258,0.694227798640969
"GT_spanishjapanese_053from50gen_007from75gen_013from20gen_sim_1443.txt",73,47.360751217365,26.1681565127172,1.9215210826346,1.89160947573893,2.16194784588155,4.94594293362834,0.696707205865991,0.552528324405515
"GT_spanishjapanese_053from50gen_010from20gen_011from75gen_sim_1398.txt",74,51.0132668758921,27.7276220141631,2.01093035854925,1.96554929582694,2.31249056670281,4.94594293362834,0.654703150359338,0.543537470000116
"GT_spanishjapanese_053from50gen_029from20gen_010from75gen_sim_1483.txt",92,45.8422791840451,24.4391217238566,1.90690186047865,1.90653753344003,2.25840894496923,3.38842985453862,0.510432634784147,0.533113147052304
"GT_spanishjapanese_053from50gen_sim_171.txt",53,53.6749686264065,27.9581505485975,2.0725220123657,1.87141036857812,2.62831864657443,3.58164265397029,0.684522593832406,0.520878749705368
"GT_spanishjapanese_053from75gen_010from50gen_034from20gen_sim_1425.txt",97,55.2677982413329,32.3731576112453,1.75773404370864,1.64195918702648,2.00504048827438,3.49974972920927,0.568645480530362,0.585750810442718
"GT_spanishjapanese_053from75gen_sim_040.txt",53,74.7602569892001,42.2918641649815,1.84027880927236,1.76522701716849,2.18757356583581,2.91308842997377,0.482572570364225,0.565699823250889
"GT_spanishjapanese_054from20gen_005from50gen_sim_619.txt",59,25.3935425315864,15.2150578786576,1.70535733586249,1.58195890443919,1.85346031914857,3.51315397882442,0.568284852144987,0.599170354421088
"GT_spanishjapanese_054from20gen_sim_037.txt",54,21.3861092594577,14.5598299578711,1.50664940503797,1.58700364491284,1.68868183534987,2.52959883759193,0.407274630873744,0.680807798240921
"GT_spanishjapanese_054from20gen_sim_074.txt",54,22.2869955970314,14.4081828693394,1.6033671727017,1.5688868218791,1.92013069692711,3.51315397882442,0.547741717466004,0.646483856767958
"GT_spanishjapanese_054from20gen_sim_114.txt",54,22.4647997505972,14.6054149713523,1.5777725997725,1.58162364730274,1.80099365435,2.53134935310944,0.438928935568484,0.650146679850286
"GT_spanishjapanese_054from20gen_sim_146.txt",54,21.9505098196575,14.9019198886355,1.52603600137383,1.50867685632414,1.79997627012449,2.84017439170976,0.447221820173837,0.678887188091197
"GT_spanishjapanese_054from20gen_sim_347.txt",54,20.562166290098,14.6542643055006,1.47831654613714,1.42654995612082,1.68867457342232,3.51315397882442,0.549447547881654,0.712680954854333
"GT_spanishjapanese_054from50gen_006from20gen_032from75gen_sim_1114.txt",92,58.7140659228011,31.9211592762844,2.01466354786892,2.05399535996645,2.31390031613854,4.22218161781348,0.63141092573094,0.54367141458497
"GT_spanishjapanese_054from50gen_015from20gen_020from75gen_sim_1032.txt",89,54.2226438278142,29.0358779848065,1.99435740254524,1.89812925487171,2.30686575413455,3.50792332882673,0.61604610231956,0.53549358598247
"GT_spanishjapanese_054from50gen_019from20gen_004from75gen_sim_1317.txt",77,44.7175694105866,24.0550990578383,1.90760929931044,1.89705295099111,2.14532237706863,4.94594293362834,0.6624248092557,0.537933956941395
"GT_spanishjapanese_054from50gen_021from75gen_sim_505.txt",75,59.5586482063444,31.3089081821171,2.01175143598622,1.95105078076113,2.33414532138494,3.26613282664321,0.530909433983614,0.525681981122969
"GT_spanishjapanese_054from50gen_sim_008.txt",54,50.3799626956199,25.2336822101882,2.14347722008596,2.12279789412424,2.58437871851894,3.57285203953634,0.640772630491222,0.500867425461235
"GT_spanishjapanese_054from50gen_sim_011.txt",54,52.4102046614329,23.9183490645082,2.26416612696486,2.14956187265404,2.62580061040147,3.49974972920927,0.557872051197354,0.456368167592923
"GT_spanishjapanese_054from75gen_006from20gen_016from50gen_sim_1467.txt",76,70.1455177494024,39.2453054254701,1.92591081319128,1.97674207237595,2.18788170338101,3.50712655826249,0.570904469050197,0.559484150728996
"GT_spanishjapanese_054from75gen_019from20gen_047from50gen_sim_1435.txt",120,59.6464406892409,33.1005229358793,1.94244041868085,1.86810932072777,2.30543986073772,3.49666429212218,0.599988427801818,0.554945484649012
"GT_spanishjapanese_054from75gen_021from50gen_sim_909.txt",75,70.0519476662936,41.4102199524441,1.88657686993973,1.92598248440794,2.31261463967129,3.39516585634488,0.588251538417004,0.591135883183575
"GT_spanishjapanese_054from75gen_sim_031.txt",54,76.9858099432923,46.3071054447289,1.76321541585623,1.72658268922763,2.01671487622372,3.39516585634488,0.513180220037008,0.601501828438756
"GT_spanishjapanese_054from75gen_sim_334.txt",54,76.8167261897225,42.8640574123629,1.91947445269268,2.00371338624876,2.29877326412819,3.3363868116988,0.563641141189783,0.558004220415447
"GT_spanishjapanese_054from75gen_sim_458.txt",54,80.4503361813832,47.5744354591594,1.81170899159985,1.82872114863458,2.12714851909588,3.43160904286503,0.543280079169002,0.591351605441376
"GT_spanishjapanese_055from20gen_012from50gen_007from75gen_sim_1034.txt",74,31.997692558558,19.3436996718442,1.71852604861168,1.63423574574955,2.09093766255859,3.51315397882442,0.592323724477853,0.604534206222648
"GT_spanishjapanese_055from20gen_020from75gen_042from50gen_sim_1361.txt",117,41.6699981435712,22.2638727252845,1.90002370791305,1.89160947573893,2.22085007313944,3.51315397882442,0.596126327442696,0.534290225993671
"GT_spanishjapanese_055from20gen_021from75gen_sim_784.txt",76,36.6967530030866,22.9534776861862,1.57640049573455,1.56747030662323,1.87081128437384,2.60229476591582,0.451089123598016,0.625490698979705
"GT_spanishjapanese_055from20gen_056from50gen_004from75gen_sim_1252.txt",115,39.1992259948777,21.6400134790046,1.86273906044105,1.73276423657292,2.18812334758858,4.22218161781348,0.642609048313885,0.552052060462427
"GT_spanishjapanese_055from20gen_sim_312.txt",55,22.1057726013662,14.7478720363571,1.56065714624794,1.61160456803933,1.73206679159547,2.78766341929524,0.463383949780861,0.667150264426663
"GT_spanishjapanese_055from20gen_sim_382.txt",55,21.8323156421541,14.34105433696,1.57172204120973,1.55344008576273,1.76246961614768,2.78766341929524,0.468780673406801,0.656872801402252
"GT_spanishjapanese_055from50gen_005from20gen_010from75gen_sim_1300.txt",70,54.6764105480102,27.5834590031883,2.10845506715623,2.06644369485624,2.37314705418587,3.50792332882673,0.613822583504654,0.504485549192513
"GT_spanishjapanese_055from50gen_005from75gen_sim_950.txt",60,53.8358694085362,26.26243150228,2.14820401922482,2.07927069800448,2.48745174252196,3.30274564617087,0.527855653528546,0.487824043538448
"GT_spanishjapanese_055from50gen_012from20gen_025from75gen_sim_1344.txt",92,54.9949056112671,31.5306200725501,1.90038577209186,1.80869400391954,2.34269060081059,3.57285203953634,0.678558782354468,0.573337106811767
"GT_spanishjapanese_055from50gen_015from20gen_sim_596.txt",70,47.5162961901526,24.0170026698335,2.05879428890495,1.98473919547478,2.535894605295,3.58164265397029,0.660088180074164,0.505447701010225
"GT_spanishjapanese_055from50gen_020from75gen_sim_571.txt",75,56.7232267125123,30.9744216951731,2.02866363479571,1.86884283646263,2.26570242805432,4.94594293362834,0.726898000529606,0.546062406713202
"GT_spanishjapanese_055from50gen_sim_479.txt",55,48.5184119249171,24.1605108330605,2.12340238073319,2.09510988722066,2.59487817008527,3.57285203953634,0.5860035554933,0.497965821108267
"GT_spanishjapanese_055from75gen_007from50gen_sim_876.txt",62,76.6465876082027,43.1501682928948,1.8931967480666,1.88066702182419,2.2949747788884,3.49666429212218,0.594476122216099,0.562975725853147
"GT_spanishjapanese_055from75gen_019from50gen_sim_736.txt",74,74.3826716305317,40.6111486808416,1.96689878536137,1.89860128095281,2.31421135607888,3.39516585634488,0.572350120031278,0.545975934859699
"GT_spanishjapanese_055from75gen_023from20gen_sim_740.txt",78,60.8379264400526,36.8595990816736,1.69390725430752,1.62996657799364,2.12855193644425,3.43160904286503,0.606436777344026,0.605865473044905
"GT_spanishjapanese_055from75gen_sim_041.txt",55,77.363711205704,42.7486257711865,1.91607975203665,1.9151329774469,2.26167901348789,3.43160904286503,0.511514800985996,0.552566896093199
"GT_spanishjapanese_055from75gen_sim_121.txt",55,79.9433905992214,47.0130851158419,1.82747211510373,1.78035651973824,2.21844792875273,3.35507463641524,0.54849795559003,0.588079699440466
"GT_spanishjapanese_055from75gen_sim_241.txt",55,75.8481311615911,48.6657936164401,1.70017792632676,1.66354257141904,2.17697061186463,2.55984382924636,0.53127040646068,0.641621525423741
"GT_spanishjapanese_056from20gen_015from50gen_sim_664.txt",71,28.0840107823694,16.4224135531419,1.72125160560679,1.64177379031412,2.07278588895883,2.93782378210181,0.534160055714051,0.584760263781537
"GT_spanishjapanese_056from20gen_sim_428.txt",56,21.7131461339223,15.0154014446478,1.46950763157132,1.48025250690051,1.72989552204635,2.52959883759193,0.417075713095252,0.691535042965944
"GT_spanishjapanese_056from20gen_sim_470.txt",56,22.3192311019986,15.1949919246713,1.52103196400185,1.49904847068239,1.77333550185491,2.26184797185712,0.382971858577075,0.680802660953252
"GT_spanishjapanese_056from50gen_sim_055.txt",56,54.2439406029526,24.8762367254753,2.26677203747835,2.11712102292737,2.55663497874798,3.58164265397029,0.547479884519817,0.458599365181836
"GT_spanishjapanese_056from50gen_sim_073.txt",56,52.0423534661318,25.5094414767034,2.15513180474629,2.10426990858933,2.52278005389021,3.49974972920927,0.555219731397157,0.490166946298932
"GT_spanishjapanese_056from50gen_sim_180.txt",56,50.0618350280256,25.7014855166265,2.07955528852142,2.06609627080901,2.47083950798642,3.58164265397029,0.60943385959424,0.513394794702158
"GT_spanishjapanese_056from50gen_sim_239.txt",56,50.2950460704997,23.5503828359412,2.2403143612462,2.16948264809383,2.57041889627557,4.94594293362834,0.719329926053383,0.46824458223838
"GT_spanishjapanese_056from50gen_sim_338.txt",56,50.1142381215188,27.2296318451636,1.90747241465455,1.84280605462782,2.18271036271928,3.45845923446706,0.504900087785746,0.543351208475647
"GT_spanishjapanese_056from50gen_sim_429.txt",56,49.9538539543348,25.370250258851,2.11183081531203,2.08204496652191,2.29342284126473,4.22218161781348,0.64260423995016,0.507873732466031
"GT_spanishjapanese_056from75gen_004from50gen_sim_883.txt",60,79.2007031303064,49.1085630408619,1.77536097178788,1.81976857095864,2.19516270529797,2.91308842997377,0.59649434898414,0.620052109386771
"GT_spanishjapanese_056from75gen_048from20gen_sim_712.txt",104,50.0163457668916,30.8684257048057,1.69284660342763,1.66637177587718,2.06153143542534,3.35507463641524,0.542843018523617,0.617166752818619
"GT_spanishjapanese_056from75gen_sim_137.txt",56,78.5425837421947,42.9138314953342,1.92829123318508,1.88403534323174,2.31067676402783,3.49666429212218,0.594753966954053,0.546376620817478
"GT_spanishjapanese_057from20gen_010from75gen_004from50gen_sim_1423.txt",71,31.7144835626054,19.2633616703009,1.62674538019609,1.59667233798453,1.8967014326871,3.49666429212218,0.491437792962338,0.60739950667254
"GT_spanishjapanese_057from20gen_013from50gen_006from75gen_sim_1353.txt",76,30.9655468087697,18.3624603447576,1.68976794831249,1.63599423692935,2.00364812000354,3.17622300996894,0.502384719572764,0.592996482773467
"GT_spanishjapanese_057from50gen_sim_244.txt",57,49.8965482994797,23.83677587966,2.22003417741878,2.13614892859548,2.62831864657443,3.50792332882673,0.634237449418415,0.477723944682332
"GT_spanishjapanese_057from50gen_sim_331.txt",57,52.8431553050768,25.9294593499191,2.1412246198444,2.10209844738089,2.4699988325551,3.50792332882673,0.511080924556244,0.49068718929106
"GT_spanishjapanese_057from50gen_sim_368.txt",57,49.8271643916568,25.1124211629621,2.13367823884855,2.08768079725043,2.69124345259529,3.58164265397029,0.659120930779668,0.503990573607014
"GT_spanishjapanese_057from75gen_037from50gen_013from20gen_sim_1207.txt",107,61.9436793327477,34.9023469931418,1.89275634042978,1.9019737761079,2.20489636274939,3.38842985453862,0.594140981341355,0.563452919960634
"GT_spanishjapanese_057from75gen_sim_259.txt",57,80.1295457028887,50.1026564883772,1.74017793414332,1.7290100323744,2.15576716080869,2.77511137118506,0.535707384308466,0.625270691963639
"GT_spanishjapanese_057from75gen_sim_315.txt",57,75.8929794940893,45.7505230086754,1.76689108785699,1.73362250540592,2.03981335814948,3.49666429212218,0.566155583133933,0.602829448964229
"GT_spanishjapanese_057from75gen_sim_335.txt",57,73.2132269904962,45.7327576659163,1.67609304884424,1.6720660026586,2.17814933995501,2.48444844257348,0.480015016650841,0.624651576577179
"GT_spanishjapanese_058from20gen_008from75gen_004from50gen_sim_1350.txt",70,28.5790017021473,18.0568058977239,1.60746590277977,1.51680307384266,1.8002714885663,3.43160904286503,0.561324208887818,0.631820736284402
"GT_spanishjapanese_058from20gen_sim_139.txt",58,22.5170291111067,14.3179080926119,1.67782967722431,1.69967456304326,2.06177432059092,3.51315397882442,0.52511588352967,0.635870212804827
"GT_spanishjapanese_058from20gen_sim_172.txt",58,19.649147764777,14.798210823949,1.38708165884258,1.41402070698137,1.60917799048919,2.53008880167436,0.415323429729453,0.753122272838531
"GT_spanishjapanese_058from20gen_sim_220.txt",58,20.869571169388,14.854005238153,1.45974070613492,1.4478353564603,1.72257191922878,2.78766341929524,0.515312291398818,0.711754214669309
"GT_spanishjapanese_058from20gen_sim_258.txt",58,21.56897408358,13.8910120808703,1.59014364691991,1.58871083680877,1.83223696811937,2.57126813168516,0.444593576029339,0.644027482579492
"GT_spanishjapanese_058from50gen_010from20gen_sim_512.txt",68,46.4864829468372,23.5384139697818,2.03293904762214,1.90470922809396,2.35778459888814,3.58164265397029,0.622616862874073,0.506349641393624
"GT_spanishjapanese_058from50gen_sim_422.txt",58,51.2608405619135,25.660183654927,2.06639457940814,1.94963063826259,2.57714926384608,3.25536768361862,0.595247578521242,0.50058062594456
"GT_spanishjapanese_058from75gen_004from50gen_sim_887.txt",62,75.1483514896756,43.1311595594234,1.88321937954234,1.85774873557752,2.22437334730648,3.35507463641524,0.541143080942698,0.57394684919135
"GT_spanishjapanese_058from75gen_sim_027.txt",58,75.4636200674555,47.7795615075233,1.70901862402622,1.6770674605621,2.04869549678843,3.49666429212218,0.580782815817538,0.633146958293467
"GT_spanishjapanese_058from75gen_sim_198.txt",58,73.2694988759423,42.9758197928993,1.84921999763346,1.88503989017391,2.25798481326954,3.39516585634488,0.611244049710559,0.586544475562261
"GT_spanishjapanese_058from75gen_sim_340.txt",58,75.9980661329801,45.4216681982895,1.73775792971677,1.69577534977418,2.03741144772108,3.16378885461427,0.472654710404765,0.597668736975642
"GT_spanishjapanese_058from75gen_sim_452.txt",58,76.8576276286747,48.4340681522453,1.69084129727454,1.65488043736175,2.07530908502499,2.70597645357651,0.512475881533885,0.630179068058758
"GT_spanishjapanese_059from50gen_006from20gen_sim_919.txt",65,49.3222357338866,24.5269307099026,2.12282647526465,2.0789633856105,2.48177635785593,3.57285203953634,0.61119977807964,0.497279378052434
"GT_spanishjapanese_059from50gen_052from75gen_sim_956.txt",111,61.7753708152513,34.4632960368731,1.96965854219692,1.89812925487171,2.27516142836772,4.22218161781348,0.672126373114419,0.557880844454027
"GT_spanishjapanese_059from50gen_sim_057.txt",59,51.1911667528243,25.1723491595854,2.15116147006731,2.03980081438356,2.49312712718799,4.22218161781348,0.597696382316909,0.491732280319564
"GT_spanishjapanese_059from50gen_sim_448.txt",59,52.4997654961272,24.092100802623,2.31440222395169,2.12085901992823,2.65492137698241,4.94594293362834,0.681106614817456,0.458899207928847
"GT_spanishjapanese_059from75gen_031from50gen_sim_774.txt",90,66.408668385029,38.5546141596709,1.84153147672722,1.81757240735006,2.14103223723062,3.58164265397029,0.544192817057299,0.580565987803523
"GT_spanishjapanese_059from75gen_040from50gen_007from20gen_sim_1141.txt",106,66.0423902017428,37.1086062875956,1.94726957608059,1.88838086774428,2.34186800384565,3.57285203953634,0.656387675726897,0.561890721614379
"GT_spanishjapanese_059from75gen_sim_054.txt",59,79.366253588556,46.6448702984206,1.86380246747581,1.76648772059604,2.27547622118639,3.43160904286503,0.620194544572851,0.587716670365129
"GT_spanishjapanese_059from75gen_sim_108.txt",59,73.7256172045576,42.700338488669,1.85394447972704,1.92641261857852,2.25710338873473,3.3363868116988,0.533448923115071,0.579179125353316
"GT_spanishjapanese_060from20gen_005from50gen_016from75gen_sim_1117.txt",81,34.3402557560643,21.8820492665357,1.62288357896192,1.57437360020865,1.80840468176048,3.51315397882442,0.478296376368924,0.637212763410226
"GT_spanishjapanese_060from20gen_sim_151.txt",60,20.6222603116125,14.1271114301887,1.51914236159611,1.52603707986592,1.8048552401786,2.67180348994597,0.510068344832393,0.685041853643642
"GT_spanishjapanese_060from20gen_sim_270.txt",60,21.7792370269486,14.9403640520231,1.51389953975788,1.4951774906679,1.80007297496945,2.67180348994597,0.422009741434341,0.685991159081313
"GT_spanishjapanese_060from20gen_sim_305.txt",60,20.8722248897562,14.8816416320124,1.45540997548638,1.35837401949372,1.67584239485916,3.51315397882442,0.519674540183406,0.712987796491028
"GT_spanishjapanese_060from20gen_sim_363.txt",60,20.6018674596503,13.7779996562611,1.5393163821267,1.5031447484617,1.7351115703609,2.57126813168516,0.4853156339506,0.668774308117742
"GT_spanishjapanese_060from50gen_023from75gen_sim_827.txt",83,57.1999072809448,30.9609274774771,2.03395342376251,2.02185374860359,2.37310219912227,3.38649949602533,0.5918836511096,0.541275833287779
"GT_spanishjapanese_060from50gen_060from20gen_sim_903.txt",120,35.1984189569627,19.3817191164317,1.85267251550324,1.69165652394963,2.34278238211627,4.94594293362834,0.778228490185245,0.550641752975606
"GT_spanishjapanese_060from50gen_sim_219.txt",60,52.0627297615975,24.7297847828312,2.25219813328835,2.20512776492064,2.62951603753092,3.58164265397029,0.607481906012385,0.47499977231452
"GT_spanishjapanese_060from75gen_sim_020.txt",60,81.2854723720985,47.5397933176486,1.84181801272342,1.84352243280656,2.12375981095885,3.39516585634488,0.572400217079218,0.584849813014887
"GT_spanishjapanese_060from75gen_sim_251.txt",60,78.6282506791905,47.2430923590044,1.77696117180183,1.79094280290286,2.16557095063005,3.49666429212218,0.565711629973564,0.600841198308735
"GT_spanishjapanese_061from20gen_016from50gen_sim_739.txt",77,27.8260310689745,17.2792446833261,1.62564446179813,1.59758771758133,1.86594645770553,4.22218161781348,0.600300965439543,0.62097410300789
"GT_spanishjapanese_061from20gen_sim_109.txt",61,22.2127898241865,14.5313153601892,1.59384010149543,1.61160456803933,1.86693107649376,3.51315397882442,0.563091019935792,0.654186865999455
"GT_spanishjapanese_061from20gen_sim_287.txt",61,21.9238862823338,15.1547560493835,1.53366690740319,1.41123850232018,1.83422248826303,2.84017439170976,0.481126594617541,0.691244054736552
"GT_spanishjapanese_061from20gen_sim_376.txt",61,22.5117038929235,14.7630101452829,1.57818545955923,1.55344008576273,1.86693107649376,2.78766341929524,0.411323830346986,0.655792658587856
"GT_spanishjapanese_061from50gen_012from75gen_sim_752.txt",73,57.3974652941031,31.3011794358627,1.96496169163554,1.89812925487171,2.28108078572176,3.35819527277686,0.533275697510894,0.545340796418034
"GT_spanishjapanese_061from50gen_sim_482.txt",61,51.7246575908457,26.3773984943009,2.09436791072263,2.07985353278518,2.47726210060149,4.94594293362834,0.708846682897126,0.509957914133571
"GT_spanishjapanese_061from75gen_038from20gen_sim_991.txt",99,54.6213024293047,32.3446535067219,1.69599422995249,1.69919511177046,2.056611346912,3.43160904286503,0.559350623315958,0.592161886813025
"GT_spanishjapanese_061from75gen_sim_250.txt",61,82.0966009469003,51.1953816308536,1.76054429972099,1.77246912260536,2.06844661726876,3.39516585634488,0.542996114800132,0.623599284749518
"GT_spanishjapanese_061from75gen_sim_324.txt",61,79.505950673653,50.4042142339229,1.70681610458204,1.76209718682425,2.06008429514748,3.35507463641524,0.555032912333408,0.633967820104642
"GT_spanishjapanese_062from20gen_sim_472.txt",62,22.4222181582543,14.554746630697,1.59850330093706,1.61455227143627,1.86643789378113,2.78766341929524,0.472572593244979,0.649121622489384
"GT_spanishjapanese_062from50gen_sim_097.txt",62,52.1201463898651,26.402823074786,2.0991511954096,2.00756998936022,2.39514105345792,4.22218161781348,0.64388435228472,0.506576149600379
"GT_spanishjapanese_062from50gen_sim_116.txt",62,53.0734683370821,25.6227510610037,2.17468692413973,2.12595985134837,2.65785056272491,3.50792332882673,0.575933405937894,0.482778907499836
"GT_spanishjapanese_062from50gen_sim_385.txt",62,51.9370244278299,26.0320285105983,2.10353108405033,1.95289726811082,2.5087255316584,3.50792332882673,0.604461745404794,0.501222948318336
"GT_spanishjapanese_062from50gen_sim_487.txt",62,49.4071810408794,24.7824885807541,2.09233857593102,1.97997287247787,2.4461900612185,3.58164265397029,0.551813771958546,0.501596894594111
"GT_spanishjapanese_062from75gen_013from20gen_sim_669.txt",75,67.448716150452,41.702875470044,1.6979816538525,1.7290100323744,2.01269216699897,3.43160904286503,0.549973046387689,0.618290129896928
"GT_spanishjapanese_062from75gen_031from20gen_sim_538.txt",93,60.3916996398163,35.8063127781864,1.71230623941212,1.67797194502825,2.02034384572355,3.16378885461427,0.513702449654649,0.592901226356266
"GT_spanishjapanese_062from75gen_sim_111.txt",62,76.3746312805938,46.280679328537,1.79427881938229,1.75502986604625,2.27148506286948,3.39516585634488,0.615812238205075,0.605969266921967
"GT_spanishjapanese_062from75gen_sim_240.txt",62,77.4548401031873,46.2547342787025,1.77033187139453,1.74368267594943,2.17812507474616,2.81575118106328,0.535242997405453,0.597183264687924
"GT_spanishjapanese_062from75gen_sim_290.txt",62,81.8528559261025,48.8295030519839,1.81211445180985,1.8573423169685,2.2407934643334,3.16378885461427,0.578138596757014,0.59655222166063
"GT_spanishjapanese_063from20gen_014from75gen_sim_761.txt",77,32.195202572008,20.6357672222917,1.58513170564577,1.55374386727432,1.90719056961592,3.16378885461427,0.510851974147071,0.640957831407882
"GT_spanishjapanese_063from20gen_sim_161.txt",63,21.1189990710752,14.0587085891455,1.56435618043524,1.4979510714023,1.7770082256339,3.51315397882442,0.558011729741429,0.665690099319171
"GT_spanishjapanese_063from20gen_sim_189.txt",63,21.7626542275544,15.5259684670364,1.44612949467549,1.41539426930252,1.66563496934355,2.67180348994597,0.436678987862416,0.713422558879717
"GT_spanishjapanese_063from20gen_sim_199.txt",63,21.2700199924048,14.1395432133229,1.54907946053896,1.57502216705382,1.82358489248811,2.92030704795649,0.475760827526533,0.664763983220134
"GT_spanishjapanese_063from50gen_007from75gen_sim_770.txt",70,55.2208410720587,29.2266525986764,1.99074692874619,1.96158701053894,2.34453306256253,3.31107056785407,0.508838527785414,0.529268515858677
"GT_spanishjapanese_063from50gen_sim_136.txt",63,51.3320677760051,25.0188046242948,2.16729930681358,1.96574348478275,2.39420351792858,4.22218161781348,0.633335073073504,0.487391326869355
"GT_spanishjapanese_063from75gen_039from50gen_sim_933.txt",102,66.5479981818547,37.8746481130039,1.91019985841528,1.90924004073806,2.24488194428019,3.33270632467863,0.524784692937198,0.569132793589139
"GT_spanishjapanese_063from75gen_sim_314.txt",63,78.3912686432532,46.3276527276297,1.82591960368342,1.79256499532968,2.28871459404879,3.49666429212218,0.605006320478951,0.590979754881374
"GT_spanishjapanese_063from75gen_sim_500.txt",63,74.8048472810386,43.7371515005887,1.81713903797974,1.78035651973824,2.18347772798582,3.43160904286503,0.536505143026752,0.584683387378228
"GT_spanishjapanese_064from20gen_031from50gen_007from75gen_sim_1059.txt",102,34.9745414481316,20.6152587105597,1.68521369439036,1.68334817921745,1.99594435557971,3.49974972920927,0.583364234822944,0.589436140031536
"GT_spanishjapanese_064from20gen_sim_150.txt",64,21.7777361602763,14.7876677387239,1.52320273926746,1.57996032988886,1.76030189043285,2.52959883759193,0.42009829695496,0.679026857056763
"GT_spanishjapanese_064from20gen_sim_235.txt",64,21.4616794281178,14.456230446316,1.51721722977111,1.44797154103471,1.79491381569154,2.92030704795649,0.463702246195605,0.673583374252449
"GT_spanishjapanese_064from50gen_011from75gen_sim_532.txt",75,56.5462083532326,29.3227196478316,2.08117031354828,1.98788845406667,2.53623320587316,3.57285203953634,0.652887622926084,0.518562084033267
"GT_spanishjapanese_064from50gen_sim_406.txt",64,50.6053348088495,25.8522874656972,2.02266643046328,1.91586810545985,2.34858332192526,3.43914004377969,0.556545761893212,0.510860911470075
"GT_spanishjapanese_064from75gen_023from20gen_025from50gen_sim_1139.txt",112,61.1567592442657,34.8886935288903,1.83343012045241,1.80048483854508,2.25248366184618,3.29301972344296,0.551422517035438,0.570479763153271
"GT_spanishjapanese_064from75gen_sim_092.txt",64,78.6850768899863,49.1842888073293,1.73998007206705,1.77726281965644,2.1553862109828,2.70597645357651,0.542271255737684,0.625077724408866
"GT_spanishjapanese_065from20gen_013from50gen_sim_904.txt",78,28.5163119452049,17.2537414554236,1.67380804681739,1.63978688657158,2.01418388517775,2.95359751202271,0.51872452258482,0.605048138362957
"GT_spanishjapanese_065from20gen_sim_103.txt",65,21.4887835389922,14.4905852843032,1.53418278954545,1.55625554816366,1.76680506757734,2.92030704795649,0.443659525076074,0.674332507375743
"GT_spanishjapanese_065from50gen_033from20gen_sim_508.txt",98,41.4915154603021,22.0394834702192,1.92383527960301,1.86749166969115,2.18887112368045,4.94594293362834,0.619073648698812,0.531180488967822
"GT_spanishjapanese_065from50gen_sim_023.txt",65,50.7050780313083,26.0647051790049,2.0492545839082,1.89812925487171,2.22085007313944,3.58164265397029,0.597329673328577,0.514045263137372
"GT_spanishjapanese_065from50gen_sim_118.txt",65,52.0475786786243,24.7870058227402,2.22957694672766,2.13614892859548,2.4785015692528,3.57285203953634,0.646829986940003,0.476237443739532
"GT_spanishjapanese_065from50gen_sim_204.txt",65,54.0100241717171,27.1684773561447,2.12697748390072,2.00039387880759,2.68556008047573,3.38842985453862,0.625272836455192,0.503026572803715
"GT_spanishjapanese_065from75gen_011from50gen_sim_676.txt",76,72.9551848454103,43.2596274888344,1.80046637425211,1.75061760389027,2.10313641304082,2.93782378210181,0.53677543441114,0.592961659688755
"GT_spanishjapanese_065from75gen_sim_007.txt",65,76.7146636455941,47.4897120203377,1.75058551753065,1.76522701716849,2.04629312074387,3.35507463641524,0.544481616428609,0.619043475700166
"GT_spanishjapanese_065from75gen_sim_032.txt",65,74.3820669721054,43.8807714585729,1.80316731093916,1.80148443575976,2.16896931972032,3.3363868116988,0.529129104803546,0.58993751108085
"GT_spanishjapanese_065from75gen_sim_119.txt",65,75.980624856076,46.9054703142322,1.77635642469019,1.72675824992417,2.16194784588155,3.35507463641524,0.582942781671951,0.617334621860263
"GT_spanishjapanese_065from75gen_sim_300.txt",65,80.0177423162581,46.5008263643161,1.8576625554251,1.87376085898898,2.20645627031892,3.43160904286503,0.519707683140136,0.581131446829987
"GT_spanishjapanese_065from75gen_sim_322.txt",65,72.4479441669902,45.0059351256216,1.79944993509438,1.78248901730319,2.20645627031892,3.49666429212218,0.626415421933221,0.62121756032006
"GT_spanishjapanese_066from20gen_010from50gen_sim_562.txt",76,25.6631159250313,16.175813724394,1.63101593371337,1.57469788363124,2.02032199910016,3.51315397882442,0.626493018293625,0.630313706708405
"GT_spanishjapanese_066from20gen_014from75gen_sim_943.txt",80,31.3496794209053,20.3630249034329,1.57752119681819,1.48500941860077,1.84029471425682,3.51315397882442,0.510978113609634,0.649544916553563
"GT_spanishjapanese_066from20gen_sim_077.txt",66,21.7438945122061,15.0747987498051,1.50846445876022,1.4875941631323,1.74420810138356,3.51315397882442,0.478459690460327,0.693288809938934
"GT_spanishjapanese_066from20gen_sim_091.txt",66,20.8936725404577,14.7912935447853,1.48043636863593,1.4695625536575,1.75813932954399,3.51315397882442,0.515598709670413,0.707931720292063
"GT_spanishjapanese_066from20gen_sim_275.txt",66,22.6638518488826,14.974518672244,1.58754015593337,1.59111983602504,1.82038572487429,2.92030704795649,0.506774691612441,0.660722580260878
"GT_spanishjapanese_066from50gen_sim_372.txt",66,51.7991566712286,25.6932755510299,2.17711480946436,2.14270826933552,2.70352774618818,3.57285203953634,0.660631832336734,0.496017255919941
"GT_spanishjapanese_066from75gen_sim_063.txt",66,81.9487593322373,47.3828228041042,1.84002476365163,1.78943025773439,2.25764654231361,3.43160904286503,0.516657034464804,0.578200612067895
"GT_spanishjapanese_066from75gen_sim_117.txt",66,79.0197253104408,45.1160983894116,1.84451073491124,1.84707376096851,2.1782158858927,2.86490450025698,0.498493357468401,0.570947294642778
"GT_spanishjapanese_067from20gen_sim_003.txt",67,21.9643136915522,14.8787174665453,1.53551599420065,1.55485085759173,1.76938981257707,2.84017439170976,0.446804491945099,0.677404160015609
"GT_spanishjapanese_067from50gen_sim_093.txt",67,52.2408873575344,26.3023317883279,2.1110191102663,2.05265257792103,2.60879279676355,3.45845923446706,0.627920469540455,0.503481719372718
"GT_spanishjapanese_067from50gen_sim_418.txt",67,51.295662962281,26.2540778032013,2.1256690198741,2.03365541170706,2.3637169177467,4.94594293362834,0.730452669599628,0.511818666278016
"GT_spanishjapanese_067from75gen_sim_112.txt",67,79.4058686433747,46.0087355548981,1.8257570246005,1.80148443575976,2.10092393441743,3.43160904286503,0.522281090621929,0.579412282000606
"GT_spanishjapanese_067from75gen_sim_303.txt",67,76.9650157532298,44.8611891520367,1.85612589032142,1.88206958445873,2.21038609860075,3.16378885461427,0.5265808817599,0.582877671276954
"GT_spanishjapanese_067from75gen_sim_473.txt",67,77.7702309373983,46.1429018584475,1.82689905265577,1.88206958445873,2.18837154128319,3.43160904286503,0.575029011096562,0.593323451689254
"GT_spanishjapanese_068from20gen_005from75gen_007from50gen_sim_1083.txt",80,28.5159281051266,18.3337660976392,1.58480837232246,1.5558110415691,1.85931978807477,4.94594293362834,0.591714650069508,0.642930716827806
"GT_spanishjapanese_068from20gen_sim_049.txt",68,21.6206967140803,15.4392598477725,1.46899071372328,1.41878885733351,1.77261076916516,2.78766341929524,0.480198940165316,0.71409631483882
"GT_spanishjapanese_068from20gen_sim_157.txt",68,22.0514190831001,14.4580843468268,1.59528433824063,1.51387053338354,1.90670463289607,3.51315397882442,0.560247931802937,0.655653239020217
"GT_spanishjapanese_068from20gen_sim_272.txt",68,20.7799640577357,14.9804635579947,1.47280289586812,1.37285493318143,1.78987465201109,2.84017439170976,0.476637789759958,0.720909021611994
"GT_spanishjapanese_068from20gen_sim_439.txt",68,20.8320018750995,14.6520812463133,1.4964246583272,1.46778212741679,1.78539549297292,2.53008880167436,0.461096591557859,0.703344850589081
"GT_spanishjapanese_068from20gen_sim_459.txt",68,21.5643210552403,14.3944947716209,1.55970206449679,1.52150277719755,1.74137094006103,3.51315397882442,0.437145235394205,0.667514397265147
"GT_spanishjapanese_068from20gen_sim_488.txt",68,22.2477467594286,14.7253564498044,1.57335803988569,1.55425320602312,1.82581382629305,2.84017439170976,0.491994767986725,0.661880801190074
"GT_spanishjapanese_068from50gen_024from20gen_sim_554.txt",92,42.6794760005964,22.1495356507936,2.01369333013344,1.90639206403763,2.27361616153276,3.57285203953634,0.670019436166068,0.518973936101841
"GT_spanishjapanese_068from50gen_sim_201.txt",68,51.4616222171158,26.8140898299345,2.02565019533993,2.01595795271023,2.32020036165982,3.58164265397029,0.538599130629991,0.521050224899756
"GT_spanishjapanese_068from50gen_sim_400.txt",68,50.6409887596425,24.7081106806613,2.17898191417748,2.05680701893033,2.72626779340955,4.22218161781348,0.658446292078843,0.487907351057728
"GT_spanishjapanese_068from50gen_sim_434.txt",68,51.3859068667933,25.7443408288096,2.10093993576282,2.01361579638641,2.480914110626,3.50792332882673,0.558703040998408,0.501000028967984
"GT_spanishjapanese_068from50gen_sim_456.txt",68,50.3731226428137,26.0016285933368,2.06989509284574,1.99212762579121,2.35778459888814,4.94594293362834,0.686687752635971,0.516180598485217
"GT_spanishjapanese_068from75gen_012from50gen_sim_824.txt",80,74.2701289892086,42.8645565103866,1.90227511924605,1.86657672141572,2.27804822325362,3.3363868116988,0.560074668315388,0.57714396209834
"GT_spanishjapanese_068from75gen_035from20gen_012from50gen_sim_1281.txt",115,57.570929327437,36.0916913197742,1.70494261594933,1.69032558288194,2.05811524744919,3.43160904286503,0.555709334638383,0.626908263274704
"GT_spanishjapanese_068from75gen_sim_242.txt",68,80.1721937946438,49.295150024916,1.80367991871408,1.76876707583052,2.22654015460622,3.35507463641524,0.593922019632247,0.614865924103094
"GT_spanishjapanese_068from75gen_sim_358.txt",68,75.9210952187602,45.5226272662276,1.77668205594532,1.78926292179507,2.15352911779023,3.16378885461427,0.551587556321261,0.599604459538656
"GT_spanishjapanese_069from20gen_010from75gen_sim_717.txt",79,28.2727836826082,17.9102165743183,1.56571672160186,1.54598301312412,1.86978468555602,3.39516585634488,0.518363085582761,0.633479065074714
"GT_spanishjapanese_069from20gen_sim_185.txt",69,21.8576003800895,14.7429264789078,1.53370975079177,1.48816005488527,1.77197455757681,2.78766341929524,0.417750156255049,0.674498857264198
"GT_spanishjapanese_069from20gen_sim_186.txt",69,21.1236417976722,14.8163233011658,1.46146659544974,1.44350412464068,1.68375059275365,2.3950651477266,0.394098082795018,0.701409512766808
"GT_spanishjapanese_069from20gen_sim_351.txt",69,21.4760670502415,14.1244639201958,1.57269629305232,1.55344008576273,1.74295891224141,2.84017439170976,0.421996305938918,0.657683917970306
"GT_spanishjapanese_069from50gen_008from20gen_sim_704.txt",77,49.6282166355972,24.8030754300267,2.07496378474532,2.02185374860359,2.44070450101205,4.94594293362834,0.630530033489365,0.499777689215534
"GT_spanishjapanese_069from75gen_005from50gen_sim_968.txt",74,72.3464752641356,42.3511041564235,1.84450384308846,1.84086354234108,2.15967155988152,3.49666429212218,0.584504441106052,0.585392778318507
"GT_spanishjapanese_069from75gen_006from20gen_sim_912.txt",75,73.6330439341968,43.7948237401767,1.82780620243968,1.9151329774469,2.25069183508982,3.35507463641524,0.554263608699618,0.594771333632691
"GT_spanishjapanese_069from75gen_sim_395.txt",69,76.8146881840137,46.084077490148,1.80664430637555,1.78035651973824,2.20063892682988,3.49666429212218,0.553279404667241,0.599938352672228
"GT_spanishjapanese_070from20gen_sim_053.txt",70,22.6610552827244,14.9587401931992,1.56189659149106,1.56035513136394,1.81946243654678,2.55451707766914,0.406058000807768,0.660107837281651
"GT_spanishjapanese_070from20gen_sim_212.txt",70,21.3218045761701,14.450960675741,1.55587386964415,1.49305556314379,1.79707775728835,3.51315397882442,0.545186695868341,0.677755047614114
"GT_spanishjapanese_070from20gen_sim_245.txt",70,21.0659048267094,13.9331548986104,1.55097970092578,1.56885905679067,1.85845839011697,2.92030704795649,0.491609010035645,0.661407853744055
"GT_spanishjapanese_070from50gen_010from20gen_sim_969.txt",80,48.9224555234208,24.6173417898446,2.0613457701178,1.93005102070331,2.4900254640354,4.94594293362834,0.661427949939875,0.503191050540369
"GT_spanishjapanese_070from50gen_sim_205.txt",70,52.9448629626436,25.6833448231553,2.18880782241119,2.11982391975006,2.63461414982078,3.58164265397029,0.589110387027708,0.485096067606724
"GT_spanishjapanese_070from50gen_sim_374.txt",70,52.9401814881402,25.5135805462188,2.17621090105524,2.00272232868299,2.52437071051241,3.58164265397029,0.572698620873409,0.481932245584281
"GT_spanishjapanese_070from75gen_sim_238.txt",70,74.8270341861694,41.996291164321,1.89766786465421,1.85841226127664,2.28437044686637,3.39516585634488,0.578932196011359,0.561244897931333
"GT_spanishjapanese_071from20gen_sim_033.txt",71,21.5121684568971,14.7080780333047,1.51155007946819,1.49547322473973,1.81607554766254,2.92030704795649,0.49397823465789,0.683709690298055
"GT_spanishjapanese_071from20gen_sim_370.txt",71,22.4165076629063,14.9589682293087,1.54811076508119,1.56056701303782,1.74724270232915,2.57126813168516,0.398557744034766,0.667319301215779
"GT_spanishjapanese_071from20gen_sim_477.txt",71,20.0706359480093,15.0951179952528,1.39108640676253,1.41118039394289,1.64533801323675,2.78766341929524,0.47964426891947,0.752099636222538
"GT_spanishjapanese_071from50gen_005from20gen_sim_977.txt",76,50.7745928583833,25.993959370702,2.0540999188607,2.00975158518204,2.35280358096684,3.50712655826249,0.536290770018784,0.511948159647532
"GT_spanishjapanese_071from50gen_sim_174.txt",71,50.4964060034741,24.0378307100494,2.18555944069462,2.18961889977231,2.50154935881799,3.50792332882673,0.525670841956833,0.476030525982298
"GT_spanishjapanese_071from50gen_sim_214.txt",71,51.5095642363321,25.0987831420223,2.17124090413087,2.09510988722066,2.68840176653551,3.50712655826249,0.617322053874039,0.487264520951217
"GT_spanishjapanese_071from75gen_011from50gen_019from20gen_sim_1229.txt",101,63.348703512718,35.7883322866592,1.86667434581859,1.80218008044148,2.20951249277205,3.51315397882442,0.57298050705797,0.564941826780626
"GT_spanishjapanese_071from75gen_sim_047.txt",71,77.3901275724543,46.6539358916329,1.77338842782375,1.81271918738728,2.18719191437097,3.35507463641524,0.520053909385467,0.602840922415517
"GT_spanishjapanese_071from75gen_sim_176.txt",71,79.5461129226677,47.216429065042,1.80007438792239,1.73188034576319,2.28514660551888,3.39516585634488,0.544479580689898,0.593573052538021
"GT_spanishjapanese_071from75gen_sim_257.txt",71,78.4046886650595,46.4265864909483,1.81812908487199,1.80148443575976,2.22867945728789,3.49666429212218,0.609745599719034,0.592140435494618
"GT_spanishjapanese_072from20gen_sim_202.txt",72,22.2079417517633,14.5459470504152,1.57904500527852,1.56825344600208,1.8227037162833,2.57126813168516,0.441793850940811,0.654988526762516
"GT_spanishjapanese_072from20gen_sim_261.txt",72,21.6664053072529,14.340591223642,1.58116837051979,1.4917081554137,1.8756917513973,2.78766341929524,0.496087529960805,0.661881425196151
"GT_spanishjapanese_072from20gen_sim_389.txt",72,20.8889020878117,14.3664706489049,1.50186255616621,1.4460215033809,1.67064593652669,2.92030704795649,0.455820096893439,0.687756139049903
"GT_spanishjapanese_072from20gen_sim_432.txt",72,22.1002395773655,14.4552808157355,1.58285720124986,1.57963604646628,1.83432007491866,2.92030704795649,0.471396676651742,0.65407801418317
"GT_spanishjapanese_072from50gen_042from20gen_sim_628.txt",114,41.8259660328496,22.4349806491446,1.90094399795957,1.87163234188055,2.19321456289955,4.22218161781348,0.660367679904154,0.536388821994557
"GT_spanishjapanese_072from50gen_sim_124.txt",72,51.8156697147566,25.8736488471956,2.13172298571163,2.04820028843774,2.50677340859971,3.50792332882673,0.627548003611963,0.499340237994203
"GT_spanishjapanese_072from75gen_007from20gen_009from50gen_sim_1484.txt",88,74.4280771349016,45.3137123081352,1.74254322168931,1.70643609991178,2.05214329038933,3.43914004377969,0.548360772633494,0.60882551387165
"GT_spanishjapanese_072from75gen_sim_069.txt",72,74.3636360958847,45.805045673534,1.71038188538727,1.7567977603366,2.05404056134453,2.86490450025698,0.500254294467323,0.615960274111298
"GT_spanishjapanese_072from75gen_sim_223.txt",72,76.6292968994522,46.7791181918568,1.77593458269266,1.76577637482586,2.18788170338101,3.35507463641524,0.54631048426751,0.61045996876674
"GT_spanishjapanese_073from20gen_023from50gen_sim_858.txt",96,29.8686277289757,17.0478047140899,1.74909880787902,1.65973363917177,2.12449353767725,3.38842985453862,0.551949160169163,0.570759556440946
"GT_spanishjapanese_073from20gen_sim_182.txt",73,21.7213007731777,14.3367611728364,1.5723778661028,1.4950269094146,1.86693107649376,2.92030704795649,0.46449065021216,0.660032349008307
"GT_spanishjapanese_073from20gen_sim_390.txt",73,21.816474276846,14.9619641752249,1.51298717968189,1.54598301312412,1.77197455757681,2.84017439170976,0.444361593587455,0.685810364468658
"GT_spanishjapanese_073from50gen_009from75gen_sim_929.txt",82,54.9954584466962,27.5076945658583,2.14438800490678,2.00649955844975,2.47544628358989,4.94594293362834,0.663248184550495,0.500181203008242
"GT_spanishjapanese_073from50gen_sim_268.txt",73,54.5265961722793,26.1430262382758,2.18094546148534,2.08190474721706,2.46719389136325,4.22218161781348,0.594984581952908,0.479454579480364
"GT_spanishjapanese_073from50gen_sim_486.txt",73,52.6785275710687,24.9634083115487,2.22882019807698,2.0745468282719,2.60894023250946,4.94594293362834,0.683047978535602,0.473882043834093
"GT_spanishjapanese_073from50gen_sim_492.txt",73,53.7002552330078,27.4797349383981,2.07486875188619,2.02185374860359,2.3063850328756,3.50792332882673,0.614327003600016,0.511724475408215
"GT_spanishjapanese_073from75gen_sim_089.txt",73,79.2973988584343,48.3838018088756,1.79422267081005,1.68767876972426,2.06317533984571,3.49666429212218,0.5882518818006,0.610156228393479
"GT_spanishjapanese_073from75gen_sim_102.txt",73,76.917787613103,48.6255519188891,1.76418349110963,1.76648772059604,2.24958515172972,3.3363868116988,0.594661560158657,0.632175643993765
"GT_spanishjapanese_073from75gen_sim_107.txt",73,77.9699620942125,46.9835716963896,1.79115609171279,1.76648772059604,2.16194784588155,3.49666429212218,0.569497866368823,0.602585539795679
"GT_spanishjapanese_073from75gen_sim_128.txt",73,72.5335761072388,43.9684498452834,1.78651618148163,1.82366472579249,2.17814933995501,3.49666429212218,0.599955606417415,0.606180643572259
"GT_spanishjapanese_073from75gen_sim_178.txt",73,77.4420309865502,45.9985232228465,1.81168770029887,1.79581018526619,2.20063892682988,2.81575118106328,0.482705732413168,0.593973616611829
"GT_spanishjapanese_073from75gen_sim_304.txt",73,79.0126860203521,46.9810177048887,1.80174547534627,1.76876280574919,2.15576716080869,3.35507463641524,0.565852809303581,0.594600944116586
"GT_spanishjapanese_073from75gen_sim_308.txt",73,78.4309111928041,44.9331142467768,1.84700811444575,1.79256499532968,2.21299843435543,3.39516585634488,0.527934081169654,0.572900576614739
"GT_spanishjapanese_074from50gen_sim_169.txt",74,51.0842120958722,24.4526061813135,2.23169316169877,2.0837671650178,2.74039663756445,4.94594293362834,0.731807730666641,0.478672473902937
"GT_spanishjapanese_074from50gen_sim_256.txt",74,50.7035437267701,24.8403458244483,2.1405581062732,2.05825025752642,2.57680432811626,3.50792332882673,0.621506898697956,0.489913406414101
"GT_spanishjapanese_074from75gen_sim_262.txt",74,75.9658149382984,51.0507512797827,1.63973068116113,1.59386479695671,1.98596308422239,3.39516585634488,0.515489019737502,0.672022689695984
"GT_spanishjapanese_074from75gen_sim_409.txt",74,81.8788492149596,49.5654098710774,1.7642774236182,1.76884806988692,2.06816696244132,3.49666429212218,0.539057073238907,0.605350592323928
"GT_spanishjapanese_075from20gen_sim_067.txt",75,21.726222699162,14.1025877411158,1.59734477009727,1.55365555445451,1.90057579108256,2.67180348994597,0.4445134548743,0.649104445645757
"GT_spanishjapanese_075from20gen_sim_229.txt",75,21.4282478815952,14.7366070284569,1.5037447230367,1.41264714466023,1.74069538686085,3.51315397882442,0.46624786192,0.687718711762442
"GT_spanishjapanese_075from50gen_sim_024.txt",75,51.5521573560128,26.0037184639971,2.07924300375362,2.0291609806553,2.35120824626172,3.38649949602533,0.557736991253164,0.504415717938218
"GT_spanishjapanese_075from75gen_sim_164.txt",75,81.6274428964298,43.8750544491778,1.98612457727778,1.95387130535508,2.30474594464102,3.43160904286503,0.546707426959201,0.537503722918862
"GT_spanishjapanese_075from75gen_sim_496.txt",75,74.4030373063366,47.0044396749786,1.67854960686115,1.74483271492401,1.98418876367899,2.77511137118506,0.463599039859726,0.63175431241401
"GT_spanishjapanese_076from20gen_sim_467.txt",76,22.1640456829215,15.6335861323732,1.48257622131011,1.52899093975836,1.74820324963185,2.53008880167436,0.418654557349734,0.705357963795377
"GT_spanishjapanese_076from50gen_sim_043.txt",76,51.8405801286383,25.0276503433746,2.2163110367143,2.07225697880677,2.683034415283,3.57285203953634,0.628457524903907,0.482781062273425
"GT_spanishjapanese_076from50gen_sim_407.txt",76,51.4669930351011,25.2701755197582,2.15689738646042,1.99944448023548,2.54568291941475,3.50792332882673,0.589645729986028,0.490997706093373
"GT_spanishjapanese_076from75gen_009from50gen_sim_633.txt",85,72.1210402233217,42.5038006207389,1.81221664330612,1.74575855363521,2.18880611601663,3.43160904286503,0.573996106290493,0.589339816635014
"GT_spanishjapanese_076from75gen_sim_085.txt",76,76.7593272589102,47.1077558161858,1.75023007514704,1.71743189360609,2.2072203259322,2.7959334912223,0.529938690052169,0.613707252244287
"GT_spanishjapanese_076from75gen_sim_344.txt",76,77.6756214593885,49.7206208444046,1.70552941216446,1.74847268740944,2.05404056134453,2.99557586349322,0.540581345301491,0.64010586475192
"GT_spanishjapanese_077from20gen_sim_010.txt",77,22.3753820685652,14.5033804541664,1.59809274790111,1.58537328823104,1.92232167155747,3.51315397882442,0.527410435993583,0.648184706286733
"GT_spanishjapanese_077from20gen_sim_147.txt",77,21.0184842201386,14.8001949676399,1.47509266116289,1.53857923827073,1.79292680468761,2.57126813168516,0.446234386641945,0.704151394202787
"GT_spanishjapanese_077from20gen_sim_319.txt",77,21.2348560029178,14.5351460513117,1.50804056604397,1.51940264124598,1.74644561554374,2.78766341929524,0.420390342648901,0.684494684085188
"GT_spanishjapanese_077from20gen_sim_360.txt",77,21.3899857372026,14.8601218903865,1.51682356263742,1.5848984927239,1.82377794732303,3.51315397882442,0.523469627519169,0.694723319265286
"GT_spanishjapanese_077from50gen_sim_056.txt",77,52.1187121636731,26.4345706726455,2.12800524589267,2.12085901992823,2.53966042426561,4.94594293362834,0.678528244916855,0.507199229897136
"GT_spanishjapanese_078from20gen_sim_285.txt",78,21.4629743675601,15.3314899207624,1.43304601300829,1.43507729474636,1.71358645767537,2.34062466378317,0.403296791315285,0.714322705614137
"GT_spanishjapanese_078from20gen_sim_426.txt",78,20.5135590946038,14.2658740114277,1.4909906976995,1.55411630318118,1.75554366210191,2.92030704795649,0.481241114099879,0.695436318273041
"GT_spanishjapanese_078from50gen_025from20gen_sim_674.txt",103,44.8842219456374,23.4962469155821,2.02950314579178,1.92928511341263,2.49546102272011,4.94594293362834,0.739735347592202,0.523485668171772
"GT_spanishjapanese_078from50gen_sim_115.txt",78,52.237871297552,24.9885860961374,2.19373880215349,2.18280468962368,2.56440393860848,4.22218161781348,0.630286487952314,0.478361492829598
"GT_spanishjapanese_078from50gen_sim_232.txt",78,52.8888609491488,25.4676949742048,2.21999455967554,2.12518199258751,2.69398809524709,4.94594293362834,0.717379443307817,0.481532302211826
"GT_spanishjapanese_078from50gen_sim_283.txt",78,50.7797479488042,25.388542462455,2.0959884307549,2.00975158518204,2.47057339628035,3.49974972920927,0.586172334932783,0.499973778681445
"GT_spanishjapanese_078from50gen_sim_339.txt",78,49.9708036688176,24.2359297868186,2.1859475458624,2.11224576072029,2.54731293281129,3.50712655826249,0.629191034071722,0.485001801200609
"GT_spanishjapanese_079from20gen_sim_125.txt",79,21.5708531538943,14.0524792878572,1.60184401093101,1.59758771758133,1.92425233771216,2.53134935310944,0.448136886568412,0.651456814786217
"GT_spanishjapanese_079from20gen_sim_444.txt",79,21.1619034937088,14.229089090436,1.57343588183158,1.49946286739568,1.89990295863667,3.51315397882442,0.506898281288658,0.672391738988231
"GT_spanishjapanese_079from20gen_sim_460.txt",79,21.8613288666489,15.4193874745854,1.47549101917919,1.43712581609259,1.74710888489865,2.34963013746548,0.400643567164299,0.705327090070396
"GT_spanishjapanese_079from50gen_sim_167.txt",79,52.7670230608559,25.2967571534718,2.21734230525364,2.12085901992823,2.67741029021554,4.94594293362834,0.676206556329938,0.479404667651939
"GT_spanishjapanese_079from50gen_sim_345.txt",79,49.5702311849968,24.214497232921,2.16624243555484,2.03083445480131,2.56791634575907,3.50792332882673,0.649770619313347,0.488488688756607
"GT_spanishjapanese_079from75gen_012from50gen_sim_755.txt",91,77.4272475288721,45.3290722130392,1.8524803235549,1.79547551338756,2.15199238857888,3.43160904286503,0.579002198290685,0.585440832003441
"GT_spanishjapanese_079from75gen_014from50gen_015from20gen_sim_1397.txt",108,69.9084297201489,40.666411836056,1.85908651497192,1.790920477749,2.25265085676157,3.51315397882442,0.579633014503327,0.581709702232593
"GT_spanishjapanese_079from75gen_sim_001.txt",79,79.5893048360118,47.246063805464,1.837006970525,1.83296473425863,2.20420634483797,3.43160904286503,0.579294613838361,0.593623275172603
"GT_spanishjapanese_079from75gen_sim_361.txt",79,76.1638611820595,45.792371581498,1.85610150616043,1.88779808178541,2.23640508088534,3.49666429212218,0.639617474760113,0.601234901576713
"GT_spanishjapanese_080from20gen_sim_142.txt",80,22.6301179996959,14.8738936128498,1.57771626357195,1.62577612553702,1.83619692019267,2.92030704795649,0.494508016549108,0.657260983484472
"GT_spanishjapanese_080from20gen_sim_226.txt",80,21.681661113647,14.6396928921475,1.54355486592502,1.50390064645839,1.74561274701574,3.51315397882442,0.454246464674162,0.67521085286832
"GT_spanishjapanese_080from50gen_sim_134.txt",80,52.5106445904327,25.9119084260657,2.17592242426636,2.06329042123595,2.63503068826403,4.22218161781348,0.685080860557313,0.493460109434398
"GT_spanishjapanese_080from50gen_sim_333.txt",80,48.8251967495934,23.9839947898182,2.14295068893965,2.03398004026083,2.54703493264831,3.38649949602533,0.554256849026735,0.491221672138331
"GT_spanishjapanese_080from50gen_sim_433.txt",80,50.6570474060444,24.8353022016245,2.19673988457243,2.08353588627106,2.59907868138513,4.94594293362834,0.698815214868648,0.490263516595346
"GT_spanishjapanese_080from50gen_sim_451.txt",80,51.6720110022405,24.2433132898771,2.26712667950204,2.13608186295249,2.6974020673143,4.22218161781348,0.611828968273751,0.469176887441557
"GT_spanishjapanese_081from50gen_sim_106.txt",81,50.5372961355613,25.801052477221,2.06797885191552,1.99458600840428,2.34651959817944,4.94594293362834,0.63984633741135,0.510534881169983
"GT_spanishjapanese_081from75gen_sim_179.txt",81,79.9225848345899,48.9593851945155,1.80075885162996,1.79581018526619,2.20777376284606,3.39516585634488,0.572060476422961,0.612585107148914
"GT_spanishjapanese_083from20gen_027from50gen_sim_550.txt",110,29.774055965921,17.1724333267207,1.73288125725215,1.7217296272814,2.07532082843381,3.30274564617087,0.507377046932512,0.5767582806446
"GT_spanishjapanese_083from20gen_037from75gen_sim_793.txt",120,39.8303946837576,24.8027747833542,1.63684459873027,1.60160919986519,1.99742857220974,2.99557586349322,0.478110342052846,0.622709741650351
"GT_spanishjapanese_084from50gen_012from20gen_sim_695.txt",96,47.842756203401,25.4424216149496,1.94877277736506,1.88880402084738,2.29014828261318,3.45845923446706,0.586252200776166,0.531792556155888
"GT_spanishjapanese_086from75gen_sim_297.txt",86,79.1747036314064,45.5910943066002,1.82793903700838,1.81859837519891,2.18054637721465,3.16378885461427,0.516920704997841,0.575829049122143
"GT_spanishjapanese_087from20gen_007from50gen_010from75gen_sim_1026.txt",104,31.5099176673356,18.6929220539956,1.71966828438318,1.63758259967598,2.07721833299655,3.35819527277686,0.527062209627258,0.593239317580744
"GT_spanishjapanese_087from20gen_sim_273.txt",87,21.904525520415,15.2318453068671,1.50367940369564,1.47507788530629,1.76246961614768,2.84017439170976,0.472094194386675,0.695374355069734
"GT_spanishjapanese_087from50gen_sim_019.txt",87,52.1075647790336,24.9044483136102,2.20562830657051,2.0766366487919,2.55440944103101,4.94594293362834,0.65683612046587,0.477943047602004
"GT_spanishjapanese_087from50gen_sim_320.txt",87,52.0745449056187,24.7790155243107,2.27277229261884,2.1629748167126,2.7332406080382,4.94594293362834,0.742949518437353,0.475837389826851
"GT_spanishjapanese_087from50gen_sim_327.txt",87,50.0233930292875,24.6033075392179,2.14487694109032,1.98966924317813,2.58408252710328,4.94594293362834,0.660040039846315,0.49183604008655
"GT_spanishjapanese_087from75gen_sim_493.txt",87,79.0940120231921,48.180231021458,1.80823993300722,1.79872124975741,2.20852065318115,3.39516585634488,0.611304730959927,0.609151436234269
"GT_spanishjapanese_088from50gen_sim_469.txt",88,52.0521115445034,25.0594562458947,2.21249500544404,2.07944352303506,2.57707323640315,4.94594293362834,0.706779616558586,0.481430157246732
"GT_spanishjapanese_090from20gen_sim_133.txt",90,22.2288167775298,15.328291065497,1.50034367196256,1.57573672467243,1.78463659023339,2.53134935310944,0.412222164310974,0.689568465065211
"GT_spanishjapanese_091from50gen_sim_294.txt",91,51.9413138487653,24.6978891222882,2.22529345717405,2.13101611248577,2.54939868004812,4.94594293362834,0.659417355100079,0.475496041440147
"GT_spanishjapanese_091from50gen_sim_354.txt",91,52.9693595621739,26.1323466760113,2.14349825593651,2.0291609806553,2.51912854661096,4.94594293362834,0.653963888464921,0.493348360108788
"GT_spanishjapanese_091from75gen_sim_052.txt",91,73.8128499643899,46.889551349928,1.73690418596627,1.77447695785637,2.15923629006617,3.39516585634488,0.62712496002648,0.635249165593109
"GT_spanishjapanese_092from20gen_sim_005.txt",92,20.8332359462581,14.5853905893583,1.48810124225002,1.4293286992491,1.75836754922874,2.84017439170976,0.473457585212178,0.700102020971834
"GT_spanishjapanese_092from50gen_sim_170.txt",92,51.0379883438092,25.8182593744139,2.12451172746165,2.1098461322381,2.55615533871177,4.94594293362834,0.671469212097761,0.505863577547245
"GT_spanishjapanese_092from50gen_sim_377.txt",92,51.3101802029019,26.5428450866601,2.04042644046037,1.98623525938394,2.32913532871355,3.45845923446706,0.550684942010588,0.517301731970119
"GT_spanishjapanese_092from75gen_021from50gen_sim_537.txt",113,75.6134981558144,44.4102819259179,1.81445236014389,1.77246912260536,2.11517866114113,3.3363868116988,0.483041420073098,0.587332725096292
"GT_spanishjapanese_093from50gen_sim_379.txt",93,52.0175155573267,25.5387337497901,2.16152544108433,2.07640913579339,2.55014038104468,3.50792332882673,0.578529507772014,0.490964119992328
"GT_spanishjapanese_094from20gen_009from50gen_010from75gen_sim_1222.txt",113,29.3965266387478,17.7994811356218,1.64689106889875,1.58537328823104,1.92928511341263,3.51315397882442,0.519343465709615,0.605496062659326
"GT_spanishjapanese_094from50gen_sim_478.txt",94,52.8498744211215,25.0618809520701,2.2198149600044,2.10454384079677,2.5918967094885,3.50792332882673,0.581151271685833,0.474208902605341
"GT_spanishjapanese_094from75gen_sim_105.txt",94,77.2358978004423,45.6796257305888,1.79340800609035,1.73275142558456,2.26855405921066,3.49666429212218,0.576235682520177,0.591429983096892
"GT_spanishjapanese_096from50gen_sim_252.txt",96,49.6195201289566,25.0495381447047,2.0967365223229,2.00311772672979,2.44035562658725,3.57285203953634,0.600634470878776,0.504832333718731
"GT_spanishjapanese_099from50gen_sim_025.txt",99,50.670625517834,25.5767074538388,2.12162061459775,2.00293696008263,2.47448512460959,4.94594293362834,0.673469254953375,0.504763996742784
"GT_spanishjapanese_100from50gen_sim_096.txt",100,49.7272908829032,25.392398049134,2.08413284122774,1.93456429161391,2.40046843542885,3.57285203953634,0.607495778391308,0.510633046729361
"GT_spanishjapanese_101from20gen_sim_264.txt",101,20.9592835495698,14.9338068868864,1.45029375876223,1.41118039394289,1.68372154504346,2.84017439170976,0.450967514184483,0.712515141634834
"GT_spanishjapanese_101from50gen_sim_221.txt",101,52.2749285406836,25.694074463907,2.16957875641818,2.07640913579339,2.66329954170939,4.22218161781348,0.631455808851602,0.491518117407091
"GT_spanishjapanese_101from50gen_sim_364.txt",101,49.0642074494757,24.3989616892096,2.14220278019793,2.08768079725043,2.51365994483873,4.94594293362834,0.658996421166362,0.497286371421259
"GT_spanishjapanese_102from20gen_sim_083.txt",102,21.668284867144,14.9847196417507,1.51197662456665,1.46722217834817,1.84230088409652,2.92030704795649,0.449967795871453,0.691550795719524
"GT_spanishjapanese_102from75gen_018from50gen_sim_694.txt",120,72.1577862524973,42.6309547563917,1.86113284029192,1.81819195658989,2.22693301679995,3.43160904286503,0.605967252141353,0.590801865888954
"GT_spanishjapanese_104from75gen_sim_095.txt",104,81.0937365518706,46.0567195270089,1.85239963002079,1.83385983617659,2.2067856434507,3.3363868116988,0.494189774974008,0.567944227080341
"GT_spanishjapanese_105from50gen_sim_464.txt",105,52.1558974249505,24.9358960570805,2.20084529286418,2.12718293437648,2.60894023250946,3.58164265397029,0.57220661738727,0.478103096451593
"GT_spanishjapanese_105from75gen_sim_175.txt",105,77.6783544718401,45.1221698563701,1.83721927342861,1.83475493809455,2.20951249277205,3.39516585634488,0.582836647368871,0.580884728611595
"GT_spanishjapanese_107from75gen_011from20gen_sim_699.txt",118,72.3615977057705,42.5143131365663,1.79813042666242,1.72658268922763,2.20711038934464,3.39516585634488,0.567621412637473,0.587525904409045
"GT_spanishjapanese_108from20gen_sim_415.txt",108,21.062811884254,14.4122947837938,1.52037893996279,1.54228112569742,1.81053197151461,2.51541101335062,0.430150768787448,0.684253121710119
"GT_spanishjapanese_109from50gen_sim_497.txt",109,52.1160530960793,26.2974855778521,2.10945785733713,2.0291609806553,2.56915845779641,3.58164265397029,0.597183217770752,0.504594726875633
"GT_spanishjapanese_110from50gen_sim_061.txt",110,52.7021730573568,25.3515819927537,2.20558501630319,2.14404349855762,2.67918277527087,4.22218161781348,0.614859570630385,0.481034851545174
"GT_spanishjapanese_110from50gen_sim_144.txt",110,53.0516120194681,26.7378352742851,2.1081600536944,1.9954915731879,2.42498172843126,3.57285203953634,0.61694818848592,0.503996660166957
"GT_spanishjapanese_110from50gen_sim_230.txt",110,50.4217095410959,24.9217014327158,2.16801766048086,2.06630248665322,2.5815588473042,4.94594293362834,0.692781683478121,0.494265300790794
"GT_spanishjapanese_110from75gen_sim_014.txt",110,76.8602699343344,45.0647182289313,1.78725552878823,1.82407114440151,2.20500193444666,2.81575118106328,0.489023270968568,0.586320061943998
"GT_spanishjapanese_110from75gen_sim_337.txt",110,78.5081414658089,47.1989189380635,1.80323416832467,1.78497623562197,2.25537329780212,3.49666429212218,0.553262103448546,0.601197761873132
"GT_spanishjapanese_111from20gen_sim_064.txt",111,22.1787523216256,14.7557307110669,1.57071498830774,1.57437360020865,1.81607554766254,2.92030704795649,0.456591982389332,0.665309323855842
"GT_spanishjapanese_111from20gen_sim_446.txt",111,21.1774268236412,14.6447520910221,1.51941833928807,1.55485085759173,1.7804159126812,3.51315397882442,0.509596204397296,0.691526511364147
"GT_spanishjapanese_112from20gen_sim_412.txt",112,21.3510082136094,14.8132814564347,1.49525280265948,1.4982925726857,1.74675272536056,2.78766341929524,0.479864997316128,0.693797749887636
"GT_spanishjapanese_112from50gen_sim_087.txt",112,51.7669107083098,24.7021535828254,2.21504750786312,2.09488962231566,2.58776044347847,4.94594293362834,0.656459745857626,0.477180369561056
"GT_spanishjapanese_114from50gen_sim_094.txt",114,52.5666976664012,25.8816556599649,2.13387416353783,2.07652289229264,2.40870474376951,3.45845923446706,0.561566206743415,0.492358409581196
"GT_spanishjapanese_115from20gen_sim_190.txt",115,21.0962069983678,15.2323892857748,1.43562797911812,1.38988664895015,1.7217296272814,2.78766341929524,0.47660114131752,0.722043981031911
"GT_spanishjapanese_115from75gen_sim_196.txt",115,79.6740705574998,45.2194758467881,1.85007470083598,1.83296473425863,2.19410624633284,2.91308842997377,0.493109576456482,0.567555737147304
"GT_spanishjapanese_116from75gen_sim_065.txt",116,79.7792640271482,45.9031721470841,1.86706123975734,1.89266486780951,2.21665590426388,3.49666429212218,0.566420947479712,0.575377232503219
"GT_spanishjapanese_117from20gen_sim_403.txt",117,22.2019398978743,15.2830603989176,1.51457459697153,1.4950269094146,1.76680506757734,2.92030704795649,0.465662789529125,0.688365992756373
"GT_spanishjapanese_118from20gen_sim_449.txt",118,21.48427666185,14.8930365535019,1.50392285459285,1.44958285345107,1.74275757711227,2.84017439170976,0.467945729734741,0.693206328884589
"GT_spanishjapanese_118from75gen_sim_430.txt",118,77.2301321973828,46.3020993036483,1.81399923928294,1.82920983194352,2.17585433489634,3.49666429212218,0.553195500359488,0.599534119471796
"GT_spanishjapanese_119from20gen_sim_302.txt",119,21.7135202618569,15.070256664898,1.50060642846898,1.4950269094146,1.76505436114741,2.84017439170976,0.4918316745215,0.694049443994171
"GT_spanishjapanese_119from75gen_sim_072.txt",119,77.8466625884779,46.3684862757404,1.83464720133613,1.87376085898898,2.21857040338064,3.49666429212218,0.607569838377273,0.59563871762697
"GT_spanishjapanese_120from20gen_sim_017.txt",120,21.6131063754548,14.8737871673056,1.5238501145073,1.4709638930249,1.79894721402879,3.51315397882442,0.504196468846573,0.688183683961194
"GT_spanishjapanese_120from20gen_sim_393.txt",120,21.7352144625684,14.7685287075954,1.52702150654926,1.5000296664439,1.75619982351391,2.78766341929524,0.436142997093264,0.679474717538642
"GT_spanishjapanese_120from75gen_sim_442.txt",120,76.6524008176572,46.0651876192108,1.79221011238302,1.76691391740243,2.14332289229158,3.49666429212218,0.516036992287929,0.600962098092556
