"filename","n_individuals","mean_date","mean_individual_sd","mean_date_to_sd_ratio","median_date_to_sd_ratio","upperquartile_date_to_sd_ratio","max_date_to_sd_ratio","sd_of_ratios","cv_using_individual_sds"
"GT_spanishjapanese_001from20gen_006from75gen_009from50gen_sim_1169.txt",16,61.8048125,11.4424375,5.89836177582136,6.11877104923006,7.02542706680699,8.25458574418318,1.60711738445402,0.18513829323566
"GT_spanishjapanese_001from20gen_007from50gen_007from75gen_sim_1394.txt",15,55.8192,10.6926666666667,5.52612901210668,4.97125542543608,6.66879338841957,9.83995229576625,2.01182808047238,0.191558937904281
"GT_spanishjapanese_001from20gen_009from50gen_011from75gen_sim_1471.txt",21,66.4387142857143,11.9914761904762,6.19274570141925,6.0783452738618,6.60348953140578,11.8467201261996,2.47277610592123,0.180489287298785
"GT_spanishjapanese_001from20gen_014from50gen_sim_844.txt",15,55.2121333333333,9.78693333333333,6.16112094500391,5.92071973827699,6.63696777978788,11.7755392755393,2.13694531458357,0.177260553839615
"GT_spanishjapanese_001from50gen_009from75gen_005from20gen_sim_1472.txt",15,60.2482,11.7964666666667,5.44580817919667,6.08440133933726,6.69676455720782,7.52813770925943,1.64621971162708,0.195797827431636
"GT_spanishjapanese_001from50gen_012from75gen_009from20gen_sim_1450.txt",22,56.3333181818182,9.37004545454545,6.18940262093992,6.01537924882604,7.20842683645797,12.0015192240271,2.26775191005392,0.16633221256918
"GT_spanishjapanese_002from20gen_007from75gen_015from50gen_sim_1500.txt",24,61.799,10.4249583333333,6.50448533419761,6.28422546970907,8.28136861364122,12.0015192240271,2.19501928587554,0.168691375804355
"GT_spanishjapanese_002from20gen_014from75gen_002from50gen_sim_1114.txt",18,71.3729444444444,11.6923333333333,6.32995605726451,5.83687071165794,7.21418066214898,9.83995229576625,1.7395306414635,0.163820246233984
"GT_spanishjapanese_002from20gen_016from75gen_004from50gen_sim_1253.txt",22,66.3649545454546,11.6191818181818,5.82022558852843,5.553798962769,7.08702731847592,8.3747959897412,1.33176068443002,0.175080084025728
"GT_spanishjapanese_002from20gen_018from50gen_sim_538.txt",20,49.23175,8.82455,5.94529190912098,5.77285199102548,6.73849531068053,11.8262169086251,2.30426490885069,0.179245100976504
"GT_spanishjapanese_002from20gen_022from50gen_sim_971.txt",24,48.349625,7.52979166666667,7.14658576467226,6.52279081767346,9.13270119892667,11.8262169086251,2.47183958983415,0.155736299230173
"GT_spanishjapanese_002from20gen_027from75gen_023from50gen_sim_1243.txt",52,65.4462692307692,11.7925961538462,6.05969562616267,5.81334217296689,7.04671752837542,11.7755392755393,1.91203872807129,0.180187446778126
"GT_spanishjapanese_002from20gen_028from50gen_029from75gen_sim_1354.txt",59,64.6883728813559,11.740593220339,5.9418349873043,5.83900657414171,6.64880644220439,10.2322111706197,1.57346347688845,0.181494644205571
"GT_spanishjapanese_002from20gen_029from75gen_sim_991.txt",31,75.622064516129,12.719064516129,6.29165458893211,6.05780735865989,7.15873989125796,10.0355921469284,1.80257977316934,0.168192505686171
"GT_spanishjapanese_002from50gen_008from20gen_021from75gen_sim_1283.txt",31,66.5196129032258,12.5926451612903,5.68388555682302,5.64059225204516,6.84008677548794,8.56528189910979,1.6955764410374,0.189307252578429
"GT_spanishjapanese_002from50gen_013from20gen_sim_847.txt",15,29.3971333333333,4.9386,5.92828441501212,5.84244372990354,6.97251653916412,8.60425280567041,1.62162414986016,0.167995972396401
"GT_spanishjapanese_002from50gen_013from75gen_sim_919.txt",15,75.6434666666667,13.8545333333333,5.92875235656883,6.0699639477242,6.80384166100904,8.86535162950257,1.73161687518948,0.18315571646637
"GT_spanishjapanese_002from50gen_020from75gen_sim_506.txt",22,74.3508636363636,13.8150909090909,5.78023585008668,5.67051696265945,6.9278500109806,8.52925853567774,1.4735182129297,0.185809420811276
"GT_spanishjapanese_002from50gen_021from75gen_sim_861.txt",23,72.9776086956522,13.5406086956522,6.08445278580007,5.24291433146517,6.89611437280332,11.8467201261996,2.58044895086087,0.18554470251447
"GT_spanishjapanese_002from50gen_026from75gen_sim_650.txt",28,78.1399642857143,13.4720714285714,6.06160908474531,5.61641472854516,7.25550960075199,11.131637005442,1.77788424470864,0.172409490479309
"GT_spanishjapanese_002from50gen_027from75gen_sim_584.txt",29,77.8168275862069,14.0164137931034,6.19033970701701,5.61026023312551,7.69020172910663,12.0015192240271,2.30733024377125,0.180120601518686
"GT_spanishjapanese_002from75gen_005from50gen_014from20gen_sim_1096.txt",21,35.6989523809524,6.41285714285714,6.32129387081644,6.52441890833116,7.445463093559,10.5448888888889,1.9487905730695,0.179637124205326
"GT_spanishjapanese_002from75gen_006from20gen_016from50gen_sim_1412.txt",24,50.2415,7.64870833333333,6.82347995970142,6.62871255414846,8.00321687048491,11.0180338333865,1.9557806846686,0.152238853006645
"GT_spanishjapanese_002from75gen_013from50gen_020from20gen_sim_1320.txt",35,38.0552285714286,6.29165714285714,6.10520177898099,6.07829079437912,7.19516045645737,9.77053140096618,1.72858172232343,0.165329637451734
"GT_spanishjapanese_002from75gen_022from20gen_sim_751.txt",24,23.6472916666667,5.02729166666667,4.98376300332458,4.57431067707999,6.03710220870404,8.85736149372513,1.92951639970799,0.212594817940744
"GT_spanishjapanese_003from20gen_008from50gen_013from75gen_sim_1313.txt",24,64.5477916666667,10.332625,6.6642101505541,7.02097904253783,7.86591483471713,9.41156032849021,1.76969216526225,0.160077126315321
"GT_spanishjapanese_003from20gen_029from75gen_011from50gen_sim_1468.txt",43,72.7170697674419,11.8894651162791,6.68260039097157,6.12156458118375,7.88648876752426,12.0015192240271,2.09116763383174,0.163503083310467
"GT_spanishjapanese_003from20gen_030from50gen_023from75gen_sim_1232.txt",56,61.0725,10.5141607142857,6.33384899073694,6.24040825175279,6.9927560251777,13.6106315311222,2.09754015852753,0.172158675578791
"GT_spanishjapanese_003from20gen_040from50gen_036from75gen_sim_1177.txt",79,63.7912784810127,11.9751898734177,6.14543729071965,6.14551288100406,7.15046239144619,13.3470899470899,2.06419267027682,0.187724562958589
"GT_spanishjapanese_003from50gen_002from75gen_026from20gen_sim_1046.txt",31,28.778064516129,5.11629032258065,5.768685433024,6.18514259429623,6.69212201000799,10.6051045728465,1.95695502601814,0.177784378783123
"GT_spanishjapanese_003from50gen_010from20gen_003from75gen_sim_1160.txt",16,40.79425,6.90275,5.71048531467969,5.43427113172213,7.05106073746273,9.63313096270598,2.2018555602014,0.169208895861549
"GT_spanishjapanese_003from50gen_017from20gen_sim_974.txt",20,27.3624,5.58455,5.5342047415283,5.14492894411037,6.91873368949494,9.49039780521262,1.95546696678803,0.204095766453235
"GT_spanishjapanese_003from50gen_017from75gen_002from20gen_sim_1470.txt",22,69.4397272727273,11.7480454545455,6.6233485937161,7.11990137632623,7.31971465994918,9.65002888503755,1.94792213027325,0.169183346708787
"GT_spanishjapanese_003from75gen_012from20gen_003from50gen_sim_1026.txt",18,38.4822777777778,7.4445,5.60311430899588,5.32306806420155,7.2922112964779,8.54789505796217,2.00942803090954,0.193452686012753
"GT_spanishjapanese_003from75gen_016from20gen_020from50gen_sim_1311.txt",39,42.2274871794872,8.09817948717949,5.90548335617873,5.91002570694087,7.4309384676734,10.9164753664136,2.01897697279472,0.191775074201274
"GT_spanishjapanese_003from75gen_021from20gen_041from50gen_sim_1107.txt",65,43.4604,7.50078461538462,6.13235613019196,6.22514071294559,6.9196915776987,10.4146841673503,1.62699356234167,0.172588945692737
"GT_spanishjapanese_003from75gen_025from20gen_005from50gen_sim_1085.txt",33,32.7950606060606,5.96057575757576,5.73894860093933,5.76031781063783,6.65013131018383,9.41156032849021,1.5116626910308,0.181752240960159
"GT_spanishjapanese_004from20gen_005from75gen_006from50gen_sim_1383.txt",15,55.6084,9.0832,6.49082895443976,6.16235211432587,7.6875412911398,11.7755392755393,2.06834305831402,0.163342228871897
"GT_spanishjapanese_004from20gen_010from75gen_008from50gen_sim_1364.txt",22,62.7355909090909,11.3562272727273,5.71413252524623,5.3305429878388,6.68381683101746,8.63278463648834,1.57516865678065,0.181017299879799
"GT_spanishjapanese_004from20gen_013from50gen_005from75gen_sim_1014.txt",22,56.5458181818182,8.68527272727273,6.88282371855651,6.44111394177937,8.16640572298923,12.0015192240271,2.35608794463331,0.153597082976958
"GT_spanishjapanese_004from20gen_014from50gen_sim_813.txt",18,42.3606666666667,9.961,6.98171786605668,7.51946289977262,9.04675587329221,11.6125806451613,3.07198489288119,0.235147385152893
"GT_spanishjapanese_004from20gen_016from50gen_005from75gen_sim_1362.txt",25,54.60188,9.21076,6.16053057476022,5.89178425125171,6.50994694960212,8.97928885630498,1.30634563382018,0.168689429741247
"GT_spanishjapanese_004from20gen_019from75gen_sim_733.txt",23,70.1724782608696,12.3341739130435,6.14381866098593,6.06345015202432,7.62549337803443,9.77053140096618,1.96661477468198,0.175769393054505
"GT_spanishjapanese_004from20gen_022from75gen_051from50gen_sim_1338.txt",77,59.2548441558442,9.79044155844156,6.5371910193911,6.15346130283847,7.52813770925943,13.6106315311222,2.02226351214219,0.165226011441226
"GT_spanishjapanese_004from20gen_039from50gen_029from75gen_sim_1093.txt",72,62.5779444444444,11.0731111111111,6.25737113840338,6.31870837129778,7.37941948470021,12.8627423234753,2.01222523880977,0.176949102585842
"GT_spanishjapanese_004from20gen_047from75gen_sim_529.txt",51,73.6157058823529,13.2375294117647,5.92812611618292,5.61026023312551,6.83316086128905,11.8285859613428,1.70176791846261,0.179819363994416
"GT_spanishjapanese_004from20gen_052from75gen_sim_576.txt",56,72.9012857142857,13.0026785714286,5.82475186941277,5.46668207639781,7.24547492509855,9.87967865619865,1.90425139487197,0.178360072034787
"GT_spanishjapanese_004from50gen_007from75gen_029from20gen_sim_1003.txt",40,32.47575,6.378225,5.52039804334877,5.80104187762259,6.48479440620827,10.0597510373444,1.92533490641003,0.19639962125586
"GT_spanishjapanese_004from50gen_011from75gen_007from20gen_sim_1393.txt",22,56.6976818181818,10.3929090909091,5.57527551146224,5.67677511317483,6.12828729281768,9.06689888331114,1.32488626538923,0.183303951019322
"GT_spanishjapanese_004from50gen_013from75gen_036from20gen_sim_1492.txt",53,36.7127547169811,7.13069811320755,5.48539825951449,5.6884239888424,6.48860215053764,9.77053140096618,2.01524233825771,0.194229448816308
"GT_spanishjapanese_004from50gen_014from75gen_sim_750.txt",18,79.4097777777778,13.5262777777778,6.64158364851812,6.61405354353582,8.38654181365879,11.2544002903284,2.45595538620969,0.170335167233814
"GT_spanishjapanese_004from50gen_015from20gen_042from75gen_sim_1168.txt",61,64.516262295082,10.977131147541,6.25324257129287,6.20362353695687,7.23581057112451,12.0015192240271,2.18190745932653,0.170145181339461
"GT_spanishjapanese_004from50gen_017from20gen_sim_755.txt",21,17.6124285714286,7.25380952380952,5.16204138963026,5.43907875185736,6.44146023468057,8.46450381679389,2.25939503542394,0.411857427520068
"GT_spanishjapanese_004from50gen_031from20gen_021from75gen_sim_1166.txt",56,48.6112142857143,8.54926785714286,6.02110153688469,5.74121761208381,7.2989595163652,13.7001146788991,2.10891908083439,0.175870279785529
"GT_spanishjapanese_004from50gen_038from20gen_029from75gen_sim_1489.txt",71,46.2378591549296,8.87718309859155,5.89606330648685,5.86409448818898,7.32273556902204,11.131637005442,2.05200798648554,0.191989492178838
"GT_spanishjapanese_004from50gen_057from75gen_016from20gen_sim_1183.txt",77,66.3567792207792,12.0803636363636,5.96313148467955,5.68875502008032,7.16418755052547,12.0015192240271,1.84370903338743,0.182051687532489
"GT_spanishjapanese_004from75gen_002from50gen_013from20gen_sim_1327.txt",19,34.7376842105263,7.35789473684211,5.37036379126646,5.38974488507199,6.16437243742516,10.5448888888889,1.9813084337143,0.211813046956437
"GT_spanishjapanese_004from75gen_003from50gen_018from20gen_sim_1289.txt",25,35.85468,5.6204,6.17322565508617,6.13312693498452,7.18898847631242,8.56528189910979,1.3329890234156,0.156754989864642
"GT_spanishjapanese_004from75gen_004from20gen_007from50gen_sim_1078.txt",15,53.7630666666667,8.82573333333333,6.28263652933505,6.14735643814824,7.82125743892039,8.65742425864469,1.62179434447464,0.164159782552087
"GT_spanishjapanese_004from75gen_010from50gen_057from20gen_sim_1142.txt",71,28.2054788732394,4.94702816901408,6.23853898660947,5.9502430654847,7.46178750414532,13.7001146788991,2.30579150827848,0.175392454467692
"GT_spanishjapanese_004from75gen_019from50gen_sim_643.txt",23,62.2803043478261,10.9086086956522,6.34513388409116,5.82965144820815,7.63738604983368,11.7236090716267,2.46217393688474,0.175153426269872
"GT_spanishjapanese_004from75gen_020from20gen_054from50gen_sim_1246.txt",78,45.6199615384615,7.66175641025641,6.26724026461488,6.22367274551083,7.17077244809785,13.6106315311222,2.08409565902917,0.167947454401006
"GT_spanishjapanese_004from75gen_023from50gen_005from20gen_sim_1325.txt",32,50.0950625,9.07075,6.14903276110427,6.28109396268396,7.10448601456716,10.4146841673503,1.97144284128665,0.181070739256988
"GT_spanishjapanese_004from75gen_058from20gen_sim_705.txt",62,24.6954677419355,4.83996774193548,5.53068800969321,5.75352303156988,6.89571651950286,10.6051045728465,1.96770793006395,0.195986072930974
"GT_spanishjapanese_004from75gen_058from20gen_sim_811.txt",62,24.5126129032258,4.43974193548387,5.71948047086084,5.82899787364375,6.9549817071583,9.70473295701259,2.01046591487468,0.18112071336547
"GT_spanishjapanese_005from50gen_005from75gen_053from20gen_sim_1030.txt",63,27.8179523809524,5.63177777777778,5.35914698655365,5.29211058664869,6.76598065756374,11.7755392755393,2.00358554604191,0.20245119772489
"GT_spanishjapanese_005from50gen_009from75gen_003from20gen_sim_1340.txt",17,62.494,11.7183529411765,5.57508612203281,5.50629434653239,6.46003227541689,8.12568541017095,1.30149781322072,0.187511648177049
"GT_spanishjapanese_005from50gen_013from20gen_sim_866.txt",18,30.8822222222222,5.38944444444444,5.70178542529306,6.12507412840519,6.68345849693709,8.54789505796217,1.74399591097475,0.174516082607757
"GT_spanishjapanese_005from50gen_017from75gen_057from20gen_sim_1245.txt",79,34.8222784810127,7.10744303797468,5.60685119295597,5.7344262295082,6.99343150002601,8.86721991701245,1.89600915307814,0.204106202925524
"GT_spanishjapanese_005from50gen_018from20gen_006from75gen_sim_1265.txt",29,39.5230689655172,7.19851724137931,5.83065981329155,5.08169177288528,7.86034155597723,12.8627423234753,2.71417328726284,0.182134571777809
"GT_spanishjapanese_005from50gen_020from20gen_sim_985.txt",25,28.78952,4.65012,6.46010919920993,6.45089408528198,7.52300538423886,13.3470899470899,2.34919319861985,0.161521275797582
"GT_spanishjapanese_005from50gen_028from20gen_sim_617.txt",33,26.7579696969697,4.61639393939394,6.02111082760692,5.92071973827699,7.48770088553624,12.0425273390036,2.81170386079452,0.172524073824508
"GT_spanishjapanese_005from50gen_043from75gen_028from20gen_sim_1184.txt",76,57.4601710526316,9.99302631578947,5.94307798567241,5.70076228230928,6.91415891832263,10.0355921469284,1.49997934362856,0.173912227073536
"GT_spanishjapanese_005from50gen_053from20gen_015from75gen_sim_1179.txt",73,36.1301095890411,6.4051095890411,5.9295338055186,5.84244372990354,7.13079229950663,10.0597510373444,1.72067508501556,0.177278996988813
"GT_spanishjapanese_005from75gen_006from20gen_005from50gen_sim_1430.txt",16,54.7518125,8.5846875,7.06943579865672,6.70109284895678,8.26306393731336,11.6125806451613,2.17536882641767,0.156792754577759
"GT_spanishjapanese_005from75gen_011from50gen_sim_766.txt",16,63.5428125,10.3983125,6.65475981224507,6.9964084325635,7.63062196250167,10.243879472693,1.75734791882891,0.163642622837949
"GT_spanishjapanese_005from75gen_012from20gen_038from50gen_sim_1324.txt",55,49.2150545454545,8.47310909090909,6.1863789529475,5.74962311557789,7.04911828980104,11.6125806451613,1.87032865996067,0.172164984254633
"GT_spanishjapanese_005from75gen_013from50gen_008from20gen_sim_1322.txt",26,47.2976153846154,7.94607692307692,6.09340769977129,6.00780696722982,6.6306728069622,11.0180338333865,1.989940279559,0.16800163937359
"GT_spanishjapanese_005from75gen_014from20gen_sim_817.txt",19,35.3976842105263,6.35210526315789,5.6429303170865,4.99093264248705,6.59319743211386,11.131637005442,2.10770535256914,0.179449740988111
"GT_spanishjapanese_005from75gen_021from50gen_sim_665.txt",26,60.5480769230769,9.44142307692308,6.60894506829575,6.56632844547908,7.41319910793451,9.37803590285111,1.26731349790334,0.155932666349055
"GT_spanishjapanese_005from75gen_028from20gen_003from50gen_sim_1013.txt",36,31.87025,5.54108333333333,6.1141597191557,6.07765241415612,7.47827779688744,10.6051045728465,2.04624518301524,0.173863817614651
"GT_spanishjapanese_005from75gen_031from20gen_sim_823.txt",36,29.9214444444444,5.41605555555556,5.97666529793807,5.96503361290893,6.49905130970241,10.5448888888889,1.99373596793147,0.181009161025352
"GT_spanishjapanese_005from75gen_046from20gen_013from50gen_sim_1045.txt",64,31.938640625,5.891546875,5.94357498280814,6.10780278373158,7.00624971522465,9.85142558200366,1.81821920559052,0.184464547009818
"GT_spanishjapanese_005from75gen_054from50gen_sim_981.txt",59,56.1038813559322,9.48983050847458,6.49816678122959,6.12156458118375,7.61470567903965,12.8627423234753,2.23541788579321,0.169147486397056
"GT_spanishjapanese_005from75gen_056from50gen_sim_804.txt",61,57.3005409836066,9.47124590163934,6.66656506730071,6.70909090909091,7.85322119961917,13.6106315311222,2.17931643155719,0.165290689041645
"GT_spanishjapanese_005from75gen_064from50gen_006from20gen_sim_1363.txt",75,52.9830666666667,9.39653333333333,6.4923115484739,6.453414232826,7.82618459649105,11.8262169086251,2.2781922484617,0.177349744446653
"GT_spanishjapanese_006from20gen_006from50gen_013from75gen_sim_1082.txt",25,57.07024,11.2814,5.56933127552337,5.19326107049828,6.74302229562345,9.23907380607815,1.59196266103235,0.19767570628755
"GT_spanishjapanese_006from20gen_008from50gen_001from75gen_sim_1284.txt",15,42.9992666666667,7.93166666666667,5.83606747990492,6.14890771288453,7.57780675135197,9.02912150137518,2.09338875866389,0.184460510179243
"GT_spanishjapanese_006from20gen_010from75gen_004from50gen_sim_1278.txt",20,57.5927,11.2253,5.66766635436482,5.27995505203973,7.42515736101476,9.65002888503755,2.23184798141707,0.194908382485975
"GT_spanishjapanese_006from20gen_013from50gen_sim_915.txt",19,44.7872105263158,8.06326315789474,5.94607196544469,6.06500566251416,7.54468972225183,9.71200250705108,2.37721346430828,0.180034948886959
"GT_spanishjapanese_006from20gen_013from75gen_sim_749.txt",19,60.9577894736842,11.1073157894737,5.53572527603657,5.65598685561717,6.19250135211314,8.67356861430128,1.40449647735924,0.182213231243708
"GT_spanishjapanese_006from20gen_018from75gen_009from50gen_sim_1071.txt",33,59.2368484848485,10.2996060606061,6.00472340098728,5.68751835535977,7.26136974518869,10.081799016163,2.11388315960335,0.173871607353326
"GT_spanishjapanese_006from20gen_030from75gen_004from50gen_sim_1440.txt",40,69.2484,12.015325,6.38698204247968,5.91027979900031,7.30701124988093,12.0425273390036,2.02828435461795,0.173510507101969
"GT_spanishjapanese_006from20gen_031from75gen_sim_992.txt",37,70.9768108108108,12.3225675675676,5.89510768935857,5.67740737990942,7.18173076923077,8.57956150130063,1.61794906766216,0.173613993455038
"GT_spanishjapanese_006from20gen_050from50gen_009from75gen_sim_1140.txt",65,52.8021384615385,8.65589230769231,6.26876637718059,6.16,7.11704263611669,11.2544002903284,1.54738191476301,0.163930714927338
"GT_spanishjapanese_006from50gen_005from20gen_007from75gen_sim_1131.txt",18,54.5375,12.201,4.85160776463159,4.68459296634466,6.80982272601958,10.081799016163,2.41923821575553,0.22371762548705
"GT_spanishjapanese_006from50gen_010from20gen_sim_524.txt",16,32.59,6.546125,5.1193983089109,5.10950397556284,6.24420190067243,9.02912150137518,2.12227673733045,0.200862994783676
"GT_spanishjapanese_006from50gen_010from75gen_035from20gen_sim_1369.txt",51,34.950568627451,6.76986274509804,5.47924251343719,5.34326807830603,6.9491501301788,9.70473295701259,2.02871231028758,0.193698214677424
"GT_spanishjapanese_006from50gen_012from20gen_sim_623.txt",18,31.6921666666667,5.60222222222222,6.27957410468672,5.61832026536524,7.68138867728812,9.70473295701259,1.68993166902726,0.17676993438617
"GT_spanishjapanese_006from50gen_016from20gen_sim_619.txt",22,28.2275909090909,5.44259090909091,5.40319965584488,4.63268267175188,6.4348829479873,11.2544002903284,2.48309908832711,0.192811031115591
"GT_spanishjapanese_006from50gen_018from20gen_008from75gen_sim_1135.txt",32,44.9263125,7.4353125,6.18444143568644,5.73640942140434,7.55741358618483,9.77053140096618,1.81404461941052,0.165500173200282
"GT_spanishjapanese_006from50gen_033from20gen_sim_871.txt",39,24.7258461538462,5.15623076923077,5.26454175199789,5.5757793764988,6.95273826507071,9.63313096270598,2.23245359313531,0.208536069388619
"GT_spanishjapanese_006from50gen_060from20gen_sim_893.txt",66,24.9396060606061,4.60269696969697,5.74666095843453,5.62342251138466,7.21806854540127,13.7001146788991,1.99281341396437,0.184553715825017
"GT_spanishjapanese_006from50gen_071from20gen_sim_689.txt",77,23.571025974026,4.4625974025974,5.67726811827982,5.38982725527831,6.8782587309395,13.7001146788991,2.0185712116524,0.189325547709079
"GT_spanishjapanese_006from50gen_077from75gen_sim_829.txt",83,78.6397951807229,14.2331927710843,6.0695821980007,5.81031202435312,7.39560167279909,12.0015192240271,2.09053528154181,0.180992241121367
"GT_spanishjapanese_006from75gen_009from20gen_sim_888.txt",15,45.5864666666667,8.53966666666667,5.69827117325053,5.76937038427838,8.14865622385612,10.0588044885628,2.96693995650034,0.187328987989125
"GT_spanishjapanese_006from75gen_014from50gen_057from20gen_sim_1390.txt",77,32.3564415584416,5.93237662337662,5.72273685904808,5.73550724637681,6.59143327841845,10.6051045728465,1.73752752457319,0.183344531649492
"GT_spanishjapanese_006from75gen_021from50gen_002from20gen_sim_1262.txt",29,59.2029310344828,9.08468965517241,6.97860836242732,7.18654615498592,8.38330727130571,13.6106315311222,2.52227442078802,0.153449998107037
"GT_spanishjapanese_006from75gen_027from50gen_008from20gen_sim_1050.txt",41,54.8629268292683,9.27285365853658,6.41089040153149,6.26078697421981,7.99895977808599,11.6125806451613,2.10799139633398,0.16901857400706
"GT_spanishjapanese_006from75gen_033from50gen_sim_679.txt",39,58.3039230769231,9.97312820512821,6.34337361291949,6.05527944010549,7.34930026884515,9.89684372594303,1.70315629934966,0.17105415345671
"GT_spanishjapanese_006from75gen_048from20gen_026from50gen_sim_1269.txt",80,36.714275,6.5675125,5.88640265273956,5.74881470353485,7.0252524263656,11.2544002903284,1.88619287769092,0.17888171562696
"GT_spanishjapanese_006from75gen_055from50gen_sim_963.txt",61,58.4211803278689,9.24127868852459,6.63878703328024,6.52369094090726,7.35610425240055,10.0588044885628,1.62569373576242,0.158183703866664
"GT_spanishjapanese_006from75gen_063from50gen_sim_955.txt",69,53.7969130434783,10.2535362318841,6.27937364030406,6.15517072693474,7.13079229950663,13.6106315311222,2.25676839153355,0.190597111466177
"GT_spanishjapanese_006from75gen_068from50gen_sim_653.txt",74,55.2333918918919,9.56194594594595,6.81178681720325,6.52944636636733,7.94028153470556,13.3470899470899,2.31686079213683,0.173118934369656
"GT_spanishjapanese_006from75gen_071from20gen_sim_836.txt",77,26.3328181818182,4.84423376623377,5.61702294081103,5.73550724637681,6.89670932358318,8.51900972590628,1.60844737901147,0.183961843080606
"GT_spanishjapanese_006from75gen_073from20gen_sim_805.txt",79,24.6243037974684,4.79816455696203,5.57001140536317,5.54946911196911,6.68072317881079,10.5448888888889,1.80512686951807,0.194854831081776
"GT_spanishjapanese_007from20gen_001from75gen_012from50gen_sim_1180.txt",20,44.716,7.3286,6.36134756220629,6.16080170920344,7.64621197915505,9.63152955896153,2.00958316903494,0.163892119151981
"GT_spanishjapanese_007from20gen_002from50gen_007from75gen_sim_1433.txt",16,50.89975,8.0851875,6.35250786143082,6.42013188446463,7.27886352708216,10.0355921469284,1.76094286721536,0.158845328316937
"GT_spanishjapanese_007from20gen_006from75gen_016from50gen_sim_1126.txt",29,43.861724137931,9.88241379310345,5.93919084329136,5.86409448818898,7.40161104718067,10.4146841673503,2.51069093644894,0.225308375065842
"GT_spanishjapanese_007from20gen_007from50gen_027from75gen_sim_1443.txt",41,68.895243902439,12.2744634146341,5.90872763904945,5.9502430654847,6.56134167140421,10.0588044885628,1.90025883582918,0.178161259317345
"GT_spanishjapanese_007from20gen_011from50gen_sim_989.txt",18,42.7607777777778,6.59516666666667,6.51086287379468,6.34892674800853,8.07035888824327,9.71200250705108,2.15875153347404,0.154234020272992
"GT_spanishjapanese_007from20gen_028from75gen_025from50gen_sim_1308.txt",60,60.9600833333333,11.1905833333333,6.47313976338589,6.44111394177937,8.14724704299306,13.3470899470899,2.80206928419183,0.183572310295945
"GT_spanishjapanese_007from20gen_049from50gen_008from75gen_sim_1423.txt",64,53.886375,9.737984375,5.96836641557657,5.92414936506488,6.82012245668188,10.9164753664136,1.74156092247934,0.180713294872776
"GT_spanishjapanese_007from20gen_061from75gen_sim_698.txt",68,71.3184411764706,14.0628676470588,5.30139807011398,5.31041060697871,6.40613808699359,8.3747959897412,1.48008197622669,0.197184170252146
"GT_spanishjapanese_007from50gen_003from20gen_012from75gen_sim_1009.txt",22,65.2247272727273,10.8681818181818,6.68087647173474,7.12321964731693,7.64779038733572,10.4146841673503,1.98350851325702,0.166626711565051
"GT_spanishjapanese_007from50gen_003from20gen_018from75gen_sim_1467.txt",28,66.9740714285714,12.6369285714286,5.76773240444863,5.69263988157746,7.16857335520179,9.45778671180702,1.95228870472594,0.18868389366034
"GT_spanishjapanese_007from50gen_008from20gen_sim_608.txt",15,40.6377333333333,6.23213333333333,6.82209167252269,6.98119394348539,7.35536583029777,11.2544002903284,1.5537580112965,0.153358290980796
"GT_spanishjapanese_007from50gen_008from20gen_sim_673.txt",15,36.009,7.31606666666667,4.88118237951509,4.5044076542679,6.60787082926471,8.08553811659193,2.07181476514075,0.203173280753886
"GT_spanishjapanese_007from50gen_009from75gen_008from20gen_sim_1374.txt",24,53.073625,8.690625,6.76099179499201,6.23216297892776,8.11727133396795,9.71200250705108,1.72066388487574,0.163746587876747
"GT_spanishjapanese_007from50gen_012from75gen_013from20gen_sim_1426.txt",32,51.36675,8.36165625,6.60602588377811,6.51671260753637,7.56349916832743,10.2322111706197,1.50401294130776,0.162783439676444
"GT_spanishjapanese_007from50gen_013from75gen_005from20gen_sim_1047.txt",25,59.51072,12.04564,5.5402920521144,5.20285969615728,6.4132802124834,11.6125806451613,2.00200303230305,0.202411263046389
"GT_spanishjapanese_007from50gen_013from75gen_019from20gen_sim_1234.txt",39,48.9642051282051,8.08751282051282,6.37074621215582,6.28313090418354,6.89949807064379,11.7236090716267,1.94890442675865,0.165171941407747
"GT_spanishjapanese_007from50gen_016from75gen_sim_761.txt",23,67.4303913043478,11.7078695652174,6.04209502859945,6.23935723707879,6.76383313656041,8.48095715359559,1.22411925506718,0.173628972615238
"GT_spanishjapanese_007from50gen_017from75gen_005from20gen_sim_1163.txt",29,60.832275862069,10.6748620689655,6.14803107989583,6.14890771288453,7.22844790315607,11.7755392755393,2.02558905880938,0.175480235083916
"GT_spanishjapanese_007from50gen_019from20gen_sim_713.txt",26,31.9233076923077,5.7995,5.96726769014141,5.71960804348329,6.91848296898831,11.7755392755393,2.24376378697483,0.181669771061896
"GT_spanishjapanese_007from50gen_019from75gen_018from20gen_sim_1331.txt",44,51.7295454545455,9.20036363636364,5.99699562002826,5.77839543753279,7.38843549210354,11.8467201261996,2.07842174671838,0.177855103027108
"GT_spanishjapanese_007from50gen_027from75gen_008from20gen_sim_1156.txt",42,61.7155238095238,11.6088571428571,5.88326631925246,5.49791902091777,7.22246137961552,10.0465838509317,1.95891036405325,0.188102707816047
"GT_spanishjapanese_007from50gen_028from75gen_sim_748.txt",35,72.2778571428571,12.9184857142857,6.2565078353163,6.41808991345638,7.27625158757446,11.6125806451613,1.96003211066077,0.178733656820405
"GT_spanishjapanese_007from50gen_034from20gen_sim_762.txt",41,28.1806341463415,5.01612195121951,5.96727250451119,6.0699639477242,6.8178021978022,10.6051045728465,2.23869453566977,0.177998902550272
"GT_spanishjapanese_007from50gen_035from75gen_008from20gen_sim_1387.txt",50,67.37122,12.2079,6.01541717423028,5.66559282841131,6.99707694830036,13.6106315311222,2.15461805446314,0.181203487186368
"GT_spanishjapanese_007from50gen_040from20gen_012from75gen_sim_1434.txt",59,36.4361016949153,6.52081355932203,5.91051564798688,5.68875502008032,6.96584543731553,9.49039780521262,1.77538516333134,0.178965730580119
"GT_spanishjapanese_007from50gen_041from75gen_sim_703.txt",48,75.1183958333333,12.8675,6.3983617665816,6.15925792692327,7.33262199637226,12.0015192240271,2.14894327409605,0.171296256492875
"GT_spanishjapanese_007from50gen_046from20gen_sim_607.txt",53,24.9292075471698,4.88401886792453,5.38091988735265,4.82918069584736,6.20200530816868,10.6051045728465,2.16009728757264,0.195915528348955
"GT_spanishjapanese_007from50gen_046from75gen_sim_978.txt",53,77.1816603773585,13.8909811320755,5.92144340871158,6.05527944010549,7.02448355011477,9.50614466292135,1.52043036949435,0.17997774424856
"GT_spanishjapanese_007from50gen_055from20gen_sim_859.txt",62,24.9033870967742,4.40916129032258,6.11576579938863,6.38496590362521,7.75662194037267,11.6125806451613,2.39090397179486,0.177050666770293
"GT_spanishjapanese_007from75gen_004from50gen_005from20gen_sim_1466.txt",16,53.5183125,8.8193125,6.47359475058726,6.29720274342732,7.67228369405425,11.8285859613428,2.13178011062219,0.16479055650344
"GT_spanishjapanese_007from75gen_013from50gen_006from20gen_sim_1222.txt",26,52.0398461538462,9.4175,6.24686769959453,6.21089531669694,7.40536923713374,10.2073810733029,1.97713499065745,0.180967099175484
"GT_spanishjapanese_007from75gen_014from50gen_sim_739.txt",21,62.7060952380952,9.80433333333333,6.5891593033368,6.09775051124744,7.26136974518869,9.02912150137518,1.38470684189837,0.156353753109746
"GT_spanishjapanese_007from75gen_024from50gen_sim_783.txt",31,61.4771290322581,11.1642903225806,6.23180408563712,5.80720506730008,7.76198044438539,10.9164753664136,2.09536235887763,0.18160071067604
"GT_spanishjapanese_007from75gen_032from20gen_sim_772.txt",39,31.8573076923077,5.19502564102564,6.28409892788884,6.32927553444181,7.46970538451934,11.8285859613428,1.74317830663386,0.163071709988853
"GT_spanishjapanese_007from75gen_048from20gen_sim_742.txt",55,27.1583636363636,5.09463636363636,5.77163594938749,5.7344262295082,7.08100888511164,13.7001146788991,2.18658128835785,0.187589960567982
"GT_spanishjapanese_008from20gen_003from50gen_020from75gen_sim_1487.txt",31,63.136,11.2123870967742,6.054075849832,5.83900657414171,7.09356928443436,9.45778671180702,1.852565105623,0.17759102725504
"GT_spanishjapanese_008from20gen_004from50gen_004from75gen_sim_1427.txt",16,46.968,8.4986875,6.22960670729941,6.06208007641828,7.39695816285678,10.6051045728465,2.12463562967619,0.1809463358031
"GT_spanishjapanese_008from20gen_008from75gen_sim_714.txt",16,46.510125,7.6975,6.02417115707963,5.53705266081912,6.99190637450817,11.131637005442,2.04657745290239,0.165501597770378
"GT_spanishjapanese_008from20gen_015from75gen_sim_745.txt",23,65.9542173913044,11.0369565217391,6.15854886287402,5.91786342321219,6.98754747534821,13.7001146788991,2.21428339904893,0.167342695558909
"GT_spanishjapanese_008from20gen_017from50gen_006from75gen_sim_1346.txt",31,48.9886451612903,9.23829032258065,5.49579613160068,5.57446118943445,6.34653589869846,8.63278463648834,1.2992396147741,0.188580237158315
"GT_spanishjapanese_008from20gen_017from75gen_sim_876.txt",25,61.64384,10.5994,6.12242703947856,6.41808991345638,7.52813770925943,9.87967865619865,2.14672033523311,0.171945809994965
"GT_spanishjapanese_008from20gen_049from75gen_sim_723.txt",57,69.8074035087719,12.3631578947368,6.12233402935539,5.63466225626741,7.28444726005702,12.8627423234753,2.08794696762678,0.177103820989178
"GT_spanishjapanese_008from20gen_053from50gen_sim_864.txt",61,49.790262295082,8.02413114754098,6.41195402409461,6.16235211432587,7.36226704110289,13.6106315311222,1.80639172871717,0.161158643832522
"GT_spanishjapanese_008from20gen_055from75gen_sim_674.txt",63,71.8596825396825,13.4662857142857,5.60947297410368,5.34326807830603,6.63918345198995,9.45778671180702,1.79845843622493,0.187396955265553
"GT_spanishjapanese_008from20gen_062from75gen_sim_789.txt",70,73.3442142857143,13.0741857142857,6.10843019555791,5.76512056490354,7.21836045289535,12.0015192240271,1.91323396044251,0.178257901343859
"GT_spanishjapanese_008from50gen_009from20gen_sim_683.txt",17,39.2161764705882,5.32188235294118,7.79256272977353,7.82132352941176,9.71200250705108,11.4126544917912,2.25413689149092,0.135706303671204
"GT_spanishjapanese_008from50gen_027from75gen_sim_966.txt",35,72.1935714285714,13.1714285714286,5.96077707018705,6.0560805769709,6.93138831496495,10.243879472693,1.87966900743961,0.182446003304608
"GT_spanishjapanese_008from50gen_029from75gen_021from20gen_sim_1099.txt",58,54.4152068965517,9.61562068965517,5.86313449378669,5.55688820880614,7.17172667967494,12.0015192240271,2.08006160322736,0.176708336475415
"GT_spanishjapanese_008from50gen_039from20gen_032from75gen_sim_1149.txt",79,47.3849113924051,8.39239240506329,5.96028519016859,5.80550774526678,7.01180687163553,12.0425273390036,2.1731147364991,0.177111070981309
"GT_spanishjapanese_008from50gen_041from20gen_004from75gen_sim_1351.txt",53,29.3056037735849,5.52120754716981,5.61017784195958,5.5757793764988,6.86668372569089,11.6125806451613,2.17712092225996,0.188401084987931
"GT_spanishjapanese_008from75gen_010from50gen_sim_760.txt",18,64.4483888888889,12.7126111111111,5.5991084904975,5.84000907638343,6.32229371913084,9.89684372594303,1.6063836944652,0.197252581954036
"GT_spanishjapanese_008from75gen_017from50gen_056from20gen_sim_1002.txt",81,34.1959506172839,6.25081481481481,5.92755887262006,5.94768574343753,6.99416594641314,11.4126544917912,2.06748925779704,0.182794006365637
"GT_spanishjapanese_008from75gen_020from20gen_sim_569.txt",28,37.9384642857143,6.0615,6.75108152615019,6.91881459771297,8.53015611301155,11.8285859613428,2.47373291336864,0.159771886240594
"GT_spanishjapanese_008from75gen_027from50gen_022from20gen_sim_1334.txt",57,44.7247368421053,8.32749122807018,5.89686139779287,6.02059925093633,6.97842135150483,12.0425273390036,2.01070753942697,0.186194303556649
"GT_spanishjapanese_008from75gen_030from20gen_sim_503.txt",38,33.8815526315789,6.14023684210526,5.78336840072797,5.84601315942059,6.8343467844426,12.0425273390036,2.10450449191418,0.181226548525475
"GT_spanishjapanese_009from20gen_002from75gen_006from50gen_sim_1112.txt",17,39.2327058823529,6.13658823529412,6.75238479578104,6.4359325125399,7.39621848739496,9.85142558200366,1.39252230246765,0.156415115839726
"GT_spanishjapanese_009from20gen_002from75gen_009from50gen_sim_1475.txt",20,39.1591,6.11565,6.39562847225868,6.52873756900764,6.98758485259302,11.8467201261996,1.91615374410561,0.15617442688928
"GT_spanishjapanese_009from20gen_007from50gen_005from75gen_sim_1004.txt",21,44.7527142857143,7.86547619047619,5.96825595960424,5.92071973827699,6.56887298747764,9.49039780521262,1.48383550196249,0.175754170803154
"GT_spanishjapanese_009from20gen_008from75gen_001from50gen_sim_1145.txt",18,47.0776111111111,8.35527777777778,5.55545265372037,5.54488660526274,6.39615296490212,8.12213255961556,1.34244934465962,0.177478796833125
"GT_spanishjapanese_009from20gen_008from75gen_010from50gen_sim_1123.txt",27,48.8808518518519,8.13944444444444,6.46822127988848,6.4221935483871,7.37900647306123,10.5448888888889,1.69840515799602,0.166516010586589
"GT_spanishjapanese_009from20gen_015from50gen_sim_935.txt",24,42.6904166666667,6.68633333333333,6.55243286870925,6.19799565627834,7.47672960416122,9.84266489450075,1.68006573815119,0.156623754355486
"GT_spanishjapanese_009from20gen_016from75gen_010from50gen_sim_1352.txt",35,56.5435142857143,10.3513428571429,6.05373732294664,5.74800899465942,6.96584543731553,13.6106315311222,2.04920720535472,0.183068615170213
"GT_spanishjapanese_009from20gen_019from75gen_003from50gen_sim_1367.txt",31,60.7332580645161,10.3185161290323,6.23726885998272,6.1864406779661,7.3065001277561,10.0588044885628,1.97222192784095,0.169898939359898
"GT_spanishjapanese_009from20gen_022from50gen_011from75gen_sim_1494.txt",42,52.5723333333333,9.21928571428571,6.04398962756232,6.32839064130688,7.61961042992644,13.7001146788991,2.29022802513076,0.175363829789161
"GT_spanishjapanese_009from20gen_034from75gen_013from50gen_sim_1020.txt",56,62.2568571428571,12.5711964285714,5.4124819922645,5.18596520677152,6.56370973150224,10.9916115912557,1.79900243720779,0.201924687584615
"GT_spanishjapanese_009from20gen_036from50gen_sim_663.txt",45,47.8720222222222,7.52951111111111,6.52568276516559,6.82649407876618,7.4308768154922,9.85142558200366,1.66805817455453,0.157284166441916
"GT_spanishjapanese_009from20gen_058from75gen_021from50gen_sim_1378.txt",88,67.8127386363636,12.2510454545455,5.87111755838978,5.53714044597016,7.14228648097176,10.081799016163,1.66120298195372,0.180659942378083
"GT_spanishjapanese_009from50gen_008from20gen_016from75gen_sim_1482.txt",33,57.8411212121212,10.4458484848485,5.94295747841272,5.74215192906782,6.60561423012785,11.7755392755393,1.96343894120739,0.180595539400772
"GT_spanishjapanese_009from50gen_008from20gen_049from75gen_sim_1019.txt",66,70.4106818181818,12.9614848484848,5.93784101878483,5.44069569948334,7.27046799492729,12.8627423234753,1.96149307133103,0.184084069544372
"GT_spanishjapanese_009from50gen_009from75gen_001from20gen_sim_1196.txt",19,60.2803684210526,12.1490526315789,5.57795101281374,5.6537782769132,6.20068965517241,8.24557351809084,1.51411285301012,0.201542441590917
"GT_spanishjapanese_009from50gen_012from75gen_006from20gen_sim_1329.txt",27,50.4512222222222,10.7691851851852,6.08879034687839,6.18407427245135,7.25569132430849,10.0355921469284,2.38873540530839,0.213457369531113
"GT_spanishjapanese_009from50gen_017from20gen_sim_738.txt",26,32.4273846153846,5.77411538461538,5.83870871995037,6.25564849256069,7.43600006197396,11.7236090716267,2.46881380396258,0.178062938257313
"GT_spanishjapanese_009from50gen_019from20gen_sim_792.txt",28,32.1237857142857,5.45182142857143,6.30519508587181,6.00149288795495,7.40483542874925,11.2544002903284,2.11330025126903,0.169712918553898
"GT_spanishjapanese_009from50gen_029from20gen_002from75gen_sim_1495.txt",40,32.177125,5.34955,6.17402147353777,6.09797889278152,7.19462790006473,10.0355921469284,1.76356119366662,0.166253200060602
"GT_spanishjapanese_009from50gen_032from20gen_sim_707.txt",41,27.6865853658537,5.02543902439024,5.72071153262767,5.76031781063783,6.73307692307692,11.7755392755393,2.17557375478623,0.181511694489715
"GT_spanishjapanese_009from50gen_056from20gen_sim_770.txt",65,25.3136153846154,4.43589230769231,5.81553595394668,6.11155644622579,6.78327832783278,9.00822004426178,1.633698443332,0.175237406442869
"GT_spanishjapanese_009from75gen_003from20gen_018from50gen_sim_1153.txt",30,61.3990666666667,10.5012,6.25351524697064,6.01629021711139,7.42200355760981,11.8262169086251,2.14799158293437,0.171031915794594
"GT_spanishjapanese_009from75gen_003from50gen_020from20gen_sim_1447.txt",32,42.5661875,7.39196875,5.83618276546119,5.96748173652437,6.98829308803567,9.68106755629691,1.87013589885941,0.173658229316403
"GT_spanishjapanese_009from75gen_014from20gen_sim_965.txt",23,42.6218695652174,8.57169565217391,5.17242184191194,5.05255579553636,6.47004712345184,7.6182404560114,1.42449477575493,0.20111026896786
"GT_spanishjapanese_009from75gen_014from50gen_029from20gen_sim_1034.txt",52,39.7067884615385,6.92313461538462,6.03970383893362,5.93442786183675,7.12803879606991,13.3470899470899,2.27209966086592,0.17435644844686
"GT_spanishjapanese_009from75gen_022from20gen_002from50gen_sim_1164.txt",33,40.052303030303,7.06984848484849,5.76209410014042,6.04133724870115,6.9678517397882,9.23907380607815,1.75503768722779,0.176515404856982
"GT_spanishjapanese_009from75gen_023from50gen_013from20gen_sim_1092.txt",45,48.4109777777778,8.81384444444445,6.1171115696334,6.08440133933726,7.52813770925943,11.0180338333865,2.07639870034622,0.182062929711994
"GT_spanishjapanese_009from75gen_024from20gen_022from50gen_sim_1121.txt",55,41.6576181818182,8.23414545454546,6.43715264294642,6.59143327841845,7.93233507647361,11.8285859613428,2.30710406141228,0.197662415998122
"GT_spanishjapanese_009from75gen_029from50gen_035from20gen_sim_1300.txt",73,42.0124520547945,7.18783561643836,6.18403851953633,6.12156458118375,7.40161104718067,10.0597510373444,1.76350790197381,0.17108821944179
"GT_spanishjapanese_009from75gen_031from20gen_003from50gen_sim_1021.txt",43,35.0868139534884,6.35823255813953,5.56067205840161,5.9502430654847,6.98067222627778,9.41156032849021,1.80503252084068,0.18121430365744
"GT_spanishjapanese_009from75gen_039from50gen_025from20gen_sim_1001.txt",73,47.5803561643836,8.05709589041096,6.16264738841678,5.91002570694087,7.57052913596785,11.6125806451613,2.11687992899051,0.169336603168224
"GT_spanishjapanese_009from75gen_040from20gen_sim_906.txt",49,30.6525714285714,6.33436734693878,5.43258793212565,5.49939807383628,6.22367236723672,9.63313096270598,1.78022608394943,0.20665043915482
"GT_spanishjapanese_009from75gen_043from50gen_sim_641.txt",52,57.6657884615385,11.1336538461538,6.25206606037536,6.10943583030437,7.69965613662559,11.6125806451613,2.10772181878842,0.193072082133754
"GT_spanishjapanese_009from75gen_056from20gen_sim_944.txt",65,29.7338307692308,5.76013846153846,5.43461259478017,5.34962320164421,6.95816733067729,9.49039780521262,1.91093838710341,0.193723388898116
"GT_spanishjapanese_010from20gen_001from50gen_005from75gen_sim_1161.txt",16,38.5184375,6.677,6.56480409615649,6.23297096523678,8.13885519079688,12.0425273390036,2.40496555430487,0.173345556916736
"GT_spanishjapanese_010from20gen_002from75gen_006from50gen_sim_1211.txt",18,42.0047222222222,6.64983333333333,6.8524772229889,7.18078883849352,7.98427869993062,11.7236090716267,2.13626279344886,0.158311565498588
"GT_spanishjapanese_010from20gen_008from75gen_002from50gen_sim_1129.txt",20,48.82535,8.23085,6.05917383407889,5.4199678289031,7.20398521326281,12.0015192240271,2.17816917049784,0.168577388590148
"GT_spanishjapanese_010from20gen_010from50gen_sim_946.txt",20,34.96415,6.80085,5.37776129559631,5.6544064245413,6.76917248113265,7.52300538423886,1.51770744211398,0.194509233028688
"GT_spanishjapanese_010from20gen_017from75gen_026from50gen_sim_1105.txt",53,56.5337358490566,9.57756603773585,6.09585045896729,6.08440133933726,6.9196915776987,9.84266489450075,1.66045281273977,0.169413287374244
"GT_spanishjapanese_010from20gen_027from75gen_065from50gen_sim_1493.txt",102,57.1451960784314,10.3426176470588,6.00076410815337,5.86539541269671,7.27046799492729,11.8262169086251,1.90115182225631,0.180988400719872
"GT_spanishjapanese_010from20gen_048from50gen_sim_648.txt",58,44.7659137931035,8.90368965517241,6.17386140173835,6.1806229598178,7.38472528752465,13.3470899470899,2.38840383603634,0.198894402029253
"GT_spanishjapanese_010from20gen_055from75gen_016from50gen_sim_1336.txt",81,65.3935061728395,12.2297530864198,6.26221602654834,6.28313090418354,7.69020172910663,11.0180338333865,2.19445594815425,0.18701785241635
"GT_spanishjapanese_010from20gen_058from75gen_sim_868.txt",68,71.1604264705882,12.4616176470588,6.0659584718381,5.64552995977531,7.22210731707998,12.8627423234753,2.00684069263158,0.175120052887955
"GT_spanishjapanese_010from20gen_063from50gen_sim_559.txt",73,51.8393150684931,8.1267397260274,6.66961132611733,6.16,7.84880668257756,13.3470899470899,2.06815299542272,0.156767883898348
"GT_spanishjapanese_010from50gen_005from75gen_sim_709.txt",15,62.7912666666667,12.5812666666667,5.50095555469219,5.40855636658556,6.25451370742087,9.00822004426178,1.79895572033778,0.200366505320804
"GT_spanishjapanese_010from50gen_009from75gen_sim_624.txt",19,63.0768947368421,11.1277368421053,6.41786969372898,5.74962311557789,7.08874011681274,13.6106315311222,2.59798177286834,0.176415419442101
"GT_spanishjapanese_010from50gen_012from20gen_006from75gen_sim_1275.txt",28,45.4525357142857,8.14342857142857,5.86274167005837,5.74953352221672,6.59074390959181,9.63313096270598,1.64208700120348,0.179163350150982
"GT_spanishjapanese_010from50gen_012from20gen_sim_593.txt",22,36.3778636363636,6.79590909090909,5.978745306145,5.55567947783048,7.24538669062748,11.7755392755393,2.20259898458436,0.186814408862533
"GT_spanishjapanese_010from50gen_013from20gen_sim_788.txt",23,36.117652173913,6.66165217391304,5.56473117542421,5.76259848372231,6.74341436414011,8.27467988434531,1.6761246629792,0.184443112244284
"GT_spanishjapanese_010from50gen_013from75gen_sim_858.txt",23,62.542652173913,12.2061304347826,5.59806120297093,5.73367952522255,6.73175379830169,9.37803590285111,1.80891870618814,0.195164899640663
"GT_spanishjapanese_010from50gen_016from20gen_045from75gen_sim_1271.txt",71,60.5524507042254,11.4863521126761,5.6258860465012,5.49349551190321,6.88734166076256,9.66846424384525,1.77379378085014,0.18969260499104
"GT_spanishjapanese_010from50gen_021from20gen_002from75gen_sim_1189.txt",33,28.5396060606061,7.51524242424242,5.57974604581869,5.56240301485258,6.43732416380119,10.9916115912557,2.24411200493856,0.263326775018661
"GT_spanishjapanese_010from50gen_023from75gen_sim_997.txt",33,71.7673636363636,12.7309696969697,5.95800065295646,5.74800899465942,6.80322345656529,9.65002888503755,1.45399592749633,0.177392188481048
"GT_spanishjapanese_010from50gen_033from20gen_016from75gen_sim_1094.txt",59,42.5692203389831,8.38937288135593,5.60065506874786,5.23240760075172,6.99906420438091,12.0425273390036,1.99084508078167,0.197076028514276
"GT_spanishjapanese_010from50gen_035from75gen_sim_874.txt",45,72.5420444444444,13.8830666666667,5.65498237060393,5.49303057553957,6.7026109449519,9.1163936445375,1.59205427206412,0.191379589216001
"GT_spanishjapanese_010from50gen_040from20gen_020from75gen_sim_1205.txt",70,41.3259714285714,7.72044285714286,5.62868450509513,5.59783904102748,7.34599343503369,12.0015192240271,2.17620776419231,0.18681818213244
"GT_spanishjapanese_010from50gen_056from75gen_sim_842.txt",66,74.8396818181818,13.6944090909091,6.0660457506326,6.1556299136052,7.25999457910005,11.8467201261996,2.0175855469554,0.18298326179658
"GT_spanishjapanese_010from75gen_003from50gen_024from20gen_sim_1242.txt",37,40.3368648648649,7.34505405405405,5.81308394132849,5.8887299771167,7.12345132743363,8.61699507389163,1.64817136598152,0.182092834400026
"GT_spanishjapanese_010from75gen_006from20gen_006from50gen_sim_1098.txt",22,56.3893181818182,10.5578181818182,5.41624808890673,5.24185458629693,6.36689817727486,7.90329731227487,1.26363316267991,0.187230818215894
"GT_spanishjapanese_010from75gen_013from50gen_005from20gen_sim_1417.txt",28,55.4393571428571,9.20164285714286,6.39966949974869,6.21894263994471,7.63662464544388,10.9916115912557,2.19804447084624,0.165976723601464
"GT_spanishjapanese_010from75gen_013from50gen_sim_897.txt",23,68.1959565217391,11.136652173913,6.37680617609304,6.04474164133739,6.63521629024756,9.71200250705108,1.47350708752547,0.163303702183031
"GT_spanishjapanese_010from75gen_022from20gen_003from50gen_sim_1416.txt",35,40.9404571428571,6.6838,6.55206561602951,6.20362353695687,7.9323215003699,9.70473295701259,1.90498441666209,0.163256604015867
"GT_spanishjapanese_010from75gen_028from20gen_005from50gen_sim_1083.txt",43,37.3614651162791,6.98395348837209,6.07539437254333,5.79656160458453,7.48692635877261,13.7001146788991,2.48661660968947,0.186929325887947
"GT_spanishjapanese_010from75gen_052from50gen_024from20gen_sim_1041.txt",86,47.8143604651163,8.89383720930233,5.9988133644518,5.68192968741434,7.24507953683043,13.6106315311222,2.26596626033444,0.186007658008747
"GT_spanishjapanese_010from75gen_070from20gen_sim_917.txt",80,29.469025,5.4201,5.73323572783234,5.62557901746645,7.03466950797367,9.51835578988479,1.86656482521024,0.183925324981061
"GT_spanishjapanese_011from20gen_008from75gen_002from50gen_sim_1441.txt",21,48.5509523809524,8.39438095238095,6.1369991748591,6.43732416380119,7.78757225433526,9.63152955896153,2.27740076287731,0.172898378728287
"GT_spanishjapanese_011from20gen_016from50gen_036from75gen_sim_1491.txt",63,59.146380952381,11.068126984127,5.86488677675952,5.642305570877,6.85597857463026,9.77053140096618,1.89771703789585,0.18713109417528
"GT_spanishjapanese_011from20gen_031from75gen_015from50gen_sim_1290.txt",57,61.8430701754386,10.3230175438596,6.17235300881776,5.83900657414171,7.16743151161174,11.8285859613428,1.84989501155859,0.166922785601927
"GT_spanishjapanese_011from20gen_037from50gen_sim_632.txt",48,46.5431041666667,7.99266666666667,6.15204954369246,5.83631209533159,7.47082547636595,13.6106315311222,2.27947179281993,0.171726119470795
"GT_spanishjapanese_011from50gen_005from75gen_014from20gen_sim_1310.txt",30,45.0486,6.97056666666667,6.76114954161634,6.55951810651203,7.93146919984078,13.3470899470899,2.12765202487479,0.154734368363649
"GT_spanishjapanese_011from50gen_018from20gen_sim_840.txt",29,34.7784827586207,5.99486206896552,6.1725805865007,5.99103321785205,7.72581116632564,11.7236090716267,2.03390343697293,0.172372731455042
"GT_spanishjapanese_011from50gen_031from75gen_sim_793.txt",42,73.954380952381,12.6971666666667,6.08177833237545,5.78166548671535,6.47019115589005,9.89684372594303,1.46555218010559,0.171689175180066
"GT_spanishjapanese_011from50gen_032from75gen_sim_730.txt",43,72.5107209302326,13.2858139534884,5.96201256851126,5.16907071738575,7.00844693239356,12.8627423234753,2.18587525813518,0.183225511800821
"GT_spanishjapanese_011from50gen_048from75gen_sim_719.txt",59,74.9505254237288,13.0145423728814,6.14600221825954,5.73367952522255,7.07613516118885,12.8627423234753,1.92053668889433,0.173641776349189
"GT_spanishjapanese_011from50gen_056from75gen_sim_757.txt",67,75.2534776119403,13.7306119402985,6.05742978818703,5.59095174262735,7.63929473311311,12.8627423234753,2.07081755185981,0.182458171715375
"GT_spanishjapanese_011from50gen_073from20gen_sim_630.txt",84,25.1899404761905,4.44391666666667,5.92583278202025,6.09724035090047,7.36175491659997,10.4146841673503,2.02687804646569,0.176416322653365
"GT_spanishjapanese_011from75gen_004from50gen_017from20gen_sim_1226.txt",32,45.56121875,7.7105,6.07278146392753,6.50197825109513,7.07078723912832,10.0588044885628,2.00084664209288,0.169233839909078
"GT_spanishjapanese_011from75gen_009from20gen_001from50gen_sim_1214.txt",21,52.1295238095238,10.8724285714286,5.36415617125956,4.78937319295183,6.34802481227555,8.52925853567774,1.64200288497971,0.208565660625548
"GT_spanishjapanese_011from75gen_009from20gen_002from50gen_sim_1268.txt",22,51.0924545454545,9.57727272727273,6.11201927009344,6.0606287553421,7.6596693074179,10.5448888888889,2.04778045631613,0.187449845823169
"GT_spanishjapanese_011from75gen_021from20gen_002from50gen_sim_1370.txt",34,44.2228529411765,7.96620588235294,6.07935808679434,6.10437037147198,7.45042063456638,9.49039780521262,1.92315511659082,0.180137764810183
"GT_spanishjapanese_011from75gen_023from50gen_025from20gen_sim_1373.txt",59,43.0617288135593,7.70396610169492,5.94954581632602,6.05780735865989,7.05807419053625,9.66846424384525,1.78442333373223,0.178905174361441
"GT_spanishjapanese_011from75gen_031from20gen_sim_638.txt",42,35.7384047619048,6.68883333333333,5.82591020655206,5.93092253991272,6.86169982233229,12.0425273390036,2.04164896432997,0.187160937313668
"GT_spanishjapanese_011from75gen_037from20gen_sim_687.txt",48,35.4884791666667,5.98633333333333,5.94938726362997,6.14944779495589,7.05273643559887,10.0597510373444,1.86933390180453,0.168683851038512
"GT_spanishjapanese_011from75gen_042from50gen_sim_649.txt",53,60.1822830188679,9.78941509433962,6.72353162470709,6.72048530097994,7.80557398805574,11.7236090716267,2.13917807270761,0.162662740648614
"GT_spanishjapanese_011from75gen_043from50gen_003from20gen_sim_1100.txt",57,58.2829298245614,9.14564912280702,6.76809362388111,6.39834227206241,7.79713261648746,13.3470899470899,2.068555341981,0.156918143105306
"GT_spanishjapanese_011from75gen_049from20gen_sim_634.txt",60,32.7930166666667,6.0279,5.57658319602238,5.57667737873996,6.9039802999531,9.49039780521262,2.01139999782262,0.183816574768713
"GT_spanishjapanese_011from75gen_052from50gen_sim_726.txt",63,60.1177936507937,9.83568253968254,6.50308083625491,6.15517072693474,7.65188102744741,13.3470899470899,1.97109307600795,0.163606844868843
"GT_spanishjapanese_012from20gen_002from75gen_013from50gen_sim_1359.txt",27,40.9897037037037,7.49907407407407,5.63886967706569,5.64578236357834,6.97062676261791,9.00822004426178,1.6324230419881,0.182950189839906
"GT_spanishjapanese_012from20gen_003from75gen_004from50gen_sim_1483.txt",19,39.2377894736842,6.73505263157895,5.91490664977961,6.11106853164719,6.60697924148766,8.61699507389163,1.54869808192612,0.171647096381308
"GT_spanishjapanese_012from20gen_003from75gen_sim_911.txt",15,36.3152,6.43646666666667,6.12404068389207,5.59517426273458,7.54586052902783,8.60425280567041,1.71242376624245,0.177238915568871
"GT_spanishjapanese_012from20gen_011from75gen_009from50gen_sim_1199.txt",32,50.09175,8.0884375,6.38854108883682,6.09120942983494,7.13476914222077,12.8627423234753,2.05830777036321,0.161472448057814
"GT_spanishjapanese_012from20gen_018from50gen_sim_837.txt",30,39.1817,7.43983333333333,5.55415914776975,5.90936214700949,6.56926747958946,8.8031464300121,1.70426892609334,0.189880309770463
"GT_spanishjapanese_012from20gen_020from75gen_009from50gen_sim_1158.txt",41,53.024,10.0658536585366,5.99323875118977,5.74962311557789,7.45805647840532,11.2544002903284,2.10265932885212,0.189835803759365
"GT_spanishjapanese_012from20gen_021from75gen_005from50gen_sim_1382.txt",38,55.1651315789474,10.5836842105263,5.90709822419036,6.26571313410538,7.50595937854662,9.51835578988479,2.09765413435001,0.191854599229586
"GT_spanishjapanese_012from20gen_038from75gen_sim_785.txt",50,62.42092,12.31464,5.72433770124646,5.40256738231126,7.38465403402958,9.87967865619865,2.0077436031422,0.197283859321522
"GT_spanishjapanese_012from20gen_048from50gen_sim_722.txt",60,49.0638833333333,7.54861666666667,6.86456991341689,6.49948299163854,8.20886465821918,11.7236090716267,2.0679288410495,0.153852817058576
"GT_spanishjapanese_012from20gen_068from50gen_005from75gen_sim_1381.txt",85,51.2995058823529,8.39578823529412,6.53562338223037,6.15562021769587,7.57052913596785,11.6125806451613,1.8195834471019,0.163662165763321
"GT_spanishjapanese_012from50gen_002from75gen_005from20gen_sim_1146.txt",19,38.5828947368421,10.4663157894737,5.97950086771691,5.32933255269321,6.8423743977263,13.6106315311222,3.05577146523973,0.271268287692255
"GT_spanishjapanese_012from50gen_003from75gen_007from20gen_sim_1299.txt",22,47.3970909090909,9.73672727272727,5.08545642981361,4.53780782350089,6.04568039125573,10.081799016163,2.00509724997458,0.205428795016188
"GT_spanishjapanese_012from50gen_008from20gen_sim_737.txt",20,42.9449,7.3603,5.96015655804681,6.12021101720086,6.89167739978106,7.4308768154922,1.01907385209668,0.171389385002643
"GT_spanishjapanese_012from50gen_010from75gen_sim_775.txt",22,70.6469090909091,12.4056363636364,6.4869996902226,5.47234479377336,7.44142365731435,13.3470899470899,2.82173935297613,0.17560055384267
"GT_spanishjapanese_012from50gen_011from20gen_sim_975.txt",23,38.074,6.58639130434783,5.98129939828735,6.16235211432587,8.14975054377131,9.63152955896153,2.32040059714704,0.172989213225504
"GT_spanishjapanese_012from50gen_012from75gen_027from20gen_sim_1273.txt",51,43.3747647058824,7.87605882352941,5.84887040736268,5.91002570694087,7.24534473054654,10.5448888888889,1.76187845090084,0.181581591898786
"GT_spanishjapanese_012from50gen_018from75gen_004from20gen_sim_1024.txt",34,64.5052352941176,11.2610294117647,6.18215501182715,6.00786206147662,7.35682529118202,10.4146841673503,1.77230474604496,0.174575433457749
"GT_spanishjapanese_012from50gen_021from20gen_sim_544.txt",33,34.1977878787879,6.09690909090909,5.79615447265577,6.11155644622579,6.53262566344052,8.85736149372513,1.50885760494234,0.178283727372052
"GT_spanishjapanese_012from50gen_026from20gen_sim_580.txt",38,31.1862631578947,5.25921052631579,6.04975116849185,6.11877104923006,6.86496959755769,9.98009950248756,1.74179081269884,0.168638688761415
"GT_spanishjapanese_012from50gen_034from20gen_004from75gen_sim_1293.txt",50,34.08808,5.61066,6.36540289912733,6.63574196621477,7.72093021234654,13.3470899470899,2.00095246415195,0.164593019026006
"GT_spanishjapanese_012from50gen_039from20gen_sim_941.txt",51,25.8082549019608,6.32619607843137,5.80108373102192,5.54946911196911,7.31722578493571,11.7755392755393,2.44868474972095,0.245122969470932
"GT_spanishjapanese_012from50gen_097from20gen_sim_657.txt",109,24.8465779816514,4.69644036697248,5.67015918445097,5.73731159643187,6.67038739330269,12.0425273390036,1.93112620690809,0.189017593104398
"GT_spanishjapanese_012from75gen_002from20gen_002from50gen_sim_1062.txt",16,71.933,11.978,6.36802320517653,6.45310792089582,7.72985296747436,8.38330727130571,1.57456757873488,0.166516063559145
"GT_spanishjapanese_012from75gen_007from20gen_010from50gen_sim_1260.txt",29,57.0924137931034,10.1068965517241,6.3050049772114,6.15925130408101,7.56337030918102,13.6106315311222,2.54324465347167,0.177026961731736
"GT_spanishjapanese_012from75gen_007from50gen_001from20gen_sim_1307.txt",20,62.9535,12.13715,5.75580765841542,5.31820559984921,7.28639691263002,8.24557351809084,1.71183828510268,0.192795476025956
"GT_spanishjapanese_012from75gen_010from50gen_015from20gen_sim_1073.txt",37,48.6195135135135,9.72664864864865,5.57179971345424,5.66818932840898,6.7486829872947,8.86535162950257,1.71399335328471,0.200056478268652
"GT_spanishjapanese_012from75gen_011from20gen_086from50gen_sim_1162.txt",109,52.9531926605505,8.97177064220183,6.28691378518838,6.20148423005566,7.46839666357739,13.6106315311222,1.87788830591373,0.169428323230937
"GT_spanishjapanese_012from75gen_025from50gen_sim_661.txt",37,62.7337297297297,10.0262702702703,6.72485368226319,6.41646191646192,7.66716397667164,13.6106315311222,1.90732992989346,0.159822639487012
"GT_spanishjapanese_012from75gen_030from50gen_012from20gen_sim_1309.txt",54,48.5001666666667,10.1586296296296,5.83892488040184,5.83419707782787,6.79799927771759,11.7236090716267,2.22560526939143,0.20945556124473
"GT_spanishjapanese_012from75gen_063from20gen_sim_596.txt",75,29.2298533333333,5.54476,5.40687043841981,5.75489469785162,6.75869551883246,9.37804878048781,1.90581932016787,0.189695101674589
"GT_spanishjapanese_013from20gen_001from50gen_004from75gen_sim_1392.txt",18,36.4989444444444,6.33933333333333,5.90546125020686,6.15451822916667,6.92806446622701,8.25100806451613,1.47552297636871,0.17368538816191
"GT_spanishjapanese_013from20gen_002from50gen_001from75gen_sim_1448.txt",16,27.374125,5.7148125,6.0513884280221,5.54958578663501,8.07323718187318,12.0425273390036,2.90580146523437,0.208766946888713
"GT_spanishjapanese_013from20gen_004from75gen_032from50gen_sim_1037.txt",49,49.5799183673469,8.38048979591837,6.20944259763241,5.91002570694087,7.46839666357739,10.2073810733029,1.68473570120567,0.169029923240812
"GT_spanishjapanese_013from20gen_006from50gen_sim_513.txt",19,33.7513684210526,5.62305263157895,5.92317934860464,6.16,6.98694549856214,7.94710327455919,1.33929695896905,0.166602211840144
"GT_spanishjapanese_013from20gen_009from50gen_045from75gen_sim_1291.txt",67,67.4972388059702,11.4834179104478,6.12668295826029,6.11106853164719,7.36590569182053,11.8467201261996,1.76708678201674,0.170131669288849
"GT_spanishjapanese_013from20gen_015from50gen_sim_921.txt",28,38.548,6.18332142857143,6.82041567160645,6.61713205713206,7.92580347288025,13.3470899470899,2.28045428502727,0.160405764983175
"GT_spanishjapanese_013from20gen_017from75gen_038from50gen_sim_1337.txt",68,54.9089117647059,9.47363235294118,6.22005609945449,6.11590328835014,7.28770742084769,13.3470899470899,2.0442223755478,0.172533602442119
"GT_spanishjapanese_013from20gen_019from50gen_038from75gen_sim_1486.txt",70,60.8079857142857,11.5343285714286,5.86699011522787,5.78963728189302,6.96862893787556,13.7001146788991,1.95317210068124,0.18968443759384
"GT_spanishjapanese_013from20gen_022from50gen_005from75gen_sim_1023.txt",40,46.208625,7.673375,6.35013384722479,5.91226719372569,7.35577054663406,13.7001146788991,2.23618552717427,0.166059366622573
"GT_spanishjapanese_013from20gen_022from50gen_017from75gen_sim_1104.txt",52,49.2847692307692,9.88669230769231,6.23581663555533,6.37169462859189,7.477717725622,13.6106315311222,2.65852910719158,0.200603400644918
"GT_spanishjapanese_013from20gen_022from75gen_sim_534.txt",35,58.3689142857143,10.9022,5.75923443685615,5.8194792786337,7.14579363456848,8.85736149372513,1.85847066427645,0.186780928400244
"GT_spanishjapanese_013from20gen_045from50gen_sim_779.txt",58,45.900224137931,7.71060344827586,6.27468456492532,6.07441273038319,7.15395811436259,11.8262169086251,1.84635523684795,0.167986182923756
"GT_spanishjapanese_013from20gen_058from75gen_031from50gen_sim_1186.txt",102,63.6974509803922,11.3565588235294,6.04122728826037,5.73281041708349,7.11739361480142,11.8262169086251,1.845657477753,0.178289062572147
"GT_spanishjapanese_013from20gen_064from50gen_sim_515.txt",77,51.3037532467532,7.63445454545455,7.04413033180974,6.70909090909091,7.79713261648746,13.3470899470899,1.94982163775904,0.148808889453672
"GT_spanishjapanese_013from50gen_001from20gen_002from75gen_sim_1259.txt",16,55.6666875,9.0539375,6.4437080667859,6.00958695392614,6.48783801805681,10.9164753664136,1.64627745593287,0.162645522962005
"GT_spanishjapanese_013from50gen_001from75gen_003from20gen_sim_1076.txt",17,46.1413529411765,8.45129411764706,6.01399152639708,6.05527944010549,7.64329311568488,9.4473791973792,2.08051773265079,0.183160951704672
"GT_spanishjapanese_013from50gen_001from75gen_004from20gen_sim_1349.txt",18,44.7396666666667,7.50088888888889,6.76494666836723,6.34630624296666,7.78686502155266,10.4146841673503,2.14028272602262,0.167656342743327
"GT_spanishjapanese_013from50gen_003from20gen_sim_694.txt",16,52.409375,7.7138125,7.10748103284357,6.15539547231531,8.37790412695181,11.8262169086251,2.08023280027633,0.147183829229026
"GT_spanishjapanese_013from50gen_008from20gen_035from75gen_sim_1435.txt",56,65.7849464285714,12.6947321428571,5.73132954998333,5.12194477675554,7.17023758789687,10.243879472693,1.97586433132439,0.192973207884891
"GT_spanishjapanese_013from50gen_012from20gen_sim_870.txt",25,36.73664,6.686,5.99626292789599,5.9502430654847,7.77464788732394,10.081799016163,2.03573196212399,0.181998135920977
"GT_spanishjapanese_013from50gen_026from20gen_006from75gen_sim_1463.txt",45,37.7508666666667,6.30402222222222,6.10719162340902,6.03123814341722,7.35028823329942,10.2322111706197,1.91348286007266,0.166990132382538
"GT_spanishjapanese_013from50gen_026from20gen_sim_812.txt",39,33.2875384615385,5.47392307692308,6.3556041510928,6.43732416380119,7.21807455183928,11.6125806451613,1.9352912724247,0.164443612532294
"GT_spanishjapanese_013from50gen_029from20gen_sim_869.txt",42,30.1488571428571,5.39054761904762,5.77207943458751,5.870595308392,6.85173757426353,11.8262169086251,1.87694275109325,0.178797743261215
"GT_spanishjapanese_013from50gen_035from75gen_sim_795.txt",48,72.1220208333333,13.8509375,5.78836451245424,5.48761376909573,6.68403588812485,11.8467201261996,2.02435630493739,0.192048660588811
"GT_spanishjapanese_013from75gen_001from50gen_003from20gen_sim_1119.txt",17,65.2101764705882,11.9721176470588,5.9951056131425,5.76031781063783,7.21482665769101,8.30906576134792,1.59954176622627,0.183592780989615
"GT_spanishjapanese_013from75gen_002from50gen_003from20gen_sim_1452.txt",18,68.6772777777778,12.5935555555556,5.53263209031312,5.26228541893015,6.67757542145991,7.79706774519717,1.38883895703825,0.183372957738731
"GT_spanishjapanese_013from75gen_004from20gen_018from50gen_sim_1097.txt",35,60.4506285714286,11.3662571428571,5.9805249429017,5.97477307556289,7.06981423806409,11.7755392755393,2.10294529418375,0.188025458319706
"GT_spanishjapanese_013from75gen_005from50gen_013from20gen_sim_1375.txt",31,49.6172903225806,8.9861935483871,5.72503448918382,5.65598685561717,6.4587783495166,11.8467201261996,1.79198497059012,0.181110122902006
"GT_spanishjapanese_013from75gen_009from20gen_013from50gen_sim_1065.txt",35,56.9295428571429,8.75311428571429,6.65933021427117,6.80282048024393,7.63155236009016,11.7236090716267,2.01847245703606,0.153753461672423
"GT_spanishjapanese_013from75gen_016from50gen_sim_776.txt",29,65.3049310344828,11.8596551724138,5.98650426235178,5.642305570877,7.16911614615227,10.2073810733029,1.89561460454142,0.181604282931584
"GT_spanishjapanese_013from75gen_031from50gen_sim_980.txt",44,59.2874772727273,9.88363636363636,6.58331090490622,6.48901727588245,7.67698564191334,10.243879472693,1.91120302271275,0.166706981276515
"GT_spanishjapanese_013from75gen_047from50gen_sim_810.txt",60,59.78535,10.1659833333333,6.42548373001251,6.05694396781539,7.46859334441098,11.8262169086251,2.12422026374833,0.170041378587452
"GT_spanishjapanese_014from20gen_002from50gen_002from75gen_sim_1464.txt",18,31.0049444444444,6.16577777777778,5.48620810246555,5.21382238774813,6.39456854925792,9.23907380607815,1.4797945510718,0.198864338842013
"GT_spanishjapanese_014from20gen_002from50gen_sim_610.txt",16,28.5435625,4.496375,6.76251240552272,6.90690648552246,7.92301665937911,10.0597510373444,2.04943205813902,0.157526762820864
"GT_spanishjapanese_014from20gen_002from75gen_017from50gen_sim_1200.txt",33,42.9720909090909,7.11127272727273,6.13099047835888,6.26078697421981,6.70909090909091,10.9916115912557,1.57559155791603,0.165485843877527
"GT_spanishjapanese_014from20gen_003from75gen_017from50gen_sim_1171.txt",34,41.2971176470588,6.89985294117647,6.29886322398858,6.39619200471721,7.16555873595225,9.70473295701259,1.67835147022845,0.167078317672078
"GT_spanishjapanese_014from20gen_018from50gen_026from75gen_sim_1193.txt",58,55.7800862068965,9.81660344827586,6.08382491806723,5.63648143169263,6.80886855101514,12.8627423234753,2.1470388265233,0.175987599084459
"GT_spanishjapanese_014from20gen_019from75gen_sim_938.txt",33,50.4746363636364,10.1027272727273,5.33829130053201,5.46181556195965,6.73576845028303,8.58413438197883,1.84644187622595,0.200154533059809
"GT_spanishjapanese_014from20gen_020from75gen_033from50gen_sim_1277.txt",67,54.8267462686567,8.50480597014925,6.74749560458871,6.65013131018383,7.53814846720836,11.8262169086251,1.75741396852877,0.155121479003602
"GT_spanishjapanese_014from20gen_033from75gen_016from50gen_sim_1353.txt",63,59.110619047619,11.202253968254,5.68280342120095,5.65598685561717,6.70237942240683,10.9164753664136,1.91725315297045,0.189513392834366
"GT_spanishjapanese_014from20gen_048from50gen_004from75gen_sim_1191.txt",66,46.5903787878788,9.07759090909091,6.06055772913202,6.05983797778492,7.14892626235535,11.6125806451613,2.29303666402695,0.194838315232856
"GT_spanishjapanese_014from20gen_062from50gen_sim_856.txt",76,49.40025,8.15993421052632,6.28316121751965,6.36777367385148,7.64926083093157,11.7755392755393,1.98620872832832,0.165180018532828
"GT_spanishjapanese_014from50gen_001from20gen_sim_564.txt",15,52.6978,8.7992,6.11019753068962,6.19889380530973,6.6176341221953,7.99895977808599,1.10758511122907,0.166974712416837
"GT_spanishjapanese_014from50gen_003from75gen_021from20gen_sim_1436.txt",38,39.9863157894737,6.27423684210526,6.51808776513978,6.33114758771855,7.35087052996897,10.9916115912557,1.88747503812414,0.156909600652855
"GT_spanishjapanese_014from50gen_004from75gen_sim_558.txt",18,55.5201111111111,10.4263888888889,5.58799691320184,5.57153341704538,5.86736806649787,8.75890678379697,1.28912259920251,0.187794813090752
"GT_spanishjapanese_014from50gen_006from20gen_019from75gen_sim_1360.txt",39,59.7756153846154,10.2019487179487,6.29037899685614,5.8485161085542,7.65447737194051,13.6106315311222,2.10545396916949,0.170670743451257
"GT_spanishjapanese_014from50gen_010from75gen_010from20gen_sim_1256.txt",34,52.4335588235294,8.65255882352941,6.01411139332845,6.03798989237731,7.41208640138019,9.87967865619865,1.71987292186151,0.165019484041709
"GT_spanishjapanese_014from50gen_016from20gen_sim_780.txt",30,34.6253333333333,6.03736666666667,5.78270671874626,5.84711886119174,7.03876553002391,9.89684372594303,1.87242131476496,0.174362701682776
"GT_spanishjapanese_014from50gen_017from75gen_sim_854.txt",31,61.1534193548387,11.1962580645161,5.99669452276531,6.07605016922158,7.32335715057995,9.98009950248756,2.03697484733373,0.183084742973252
"GT_spanishjapanese_014from50gen_018from75gen_023from20gen_sim_1147.txt",55,47.8901272727273,9.06881818181818,5.94289281612902,5.73731159643187,6.96818156278956,11.8262169086251,2.29468448624841,0.189367176457323
"GT_spanishjapanese_014from50gen_029from75gen_sim_831.txt",43,69.0050697674419,13.1182093023256,5.85130592965684,5.89546471425666,6.95136208415758,10.243879472693,1.82445598639064,0.190105007451424
"GT_spanishjapanese_014from50gen_032from75gen_026from20gen_sim_1109.txt",72,51.3053055555556,8.64665277777778,6.20701929557651,5.98542115821052,7.24068918557382,11.8285859613428,1.77395744108951,0.168533306334465
"GT_spanishjapanese_014from75gen_001from20gen_001from50gen_sim_1167.txt",16,70.334625,11.0144375,6.56076588005721,6.84107994575829,7.32086304475786,10.0355921469284,1.47634367710815,0.156600500820186
"GT_spanishjapanese_014from75gen_001from50gen_001from20gen_sim_1428.txt",16,73.1636875,12.33325,6.25190394163356,5.33116089978791,7.15670541958042,11.8467201261996,2.09119804314531,0.168570645103146
"GT_spanishjapanese_014from75gen_002from50gen_009from20gen_sim_1151.txt",25,52.8514,9.55664,5.69277204249982,6.06345015202432,6.81921904199862,9.07419003539341,1.89203293240043,0.180820943248429
"GT_spanishjapanese_014from75gen_005from20gen_005from50gen_sim_1477.txt",24,66.1746666666667,11.4165416666667,6.20095510921179,5.93548140188085,7.01061403030046,11.6125806451613,2.13595691087235,0.172521332433358
"GT_spanishjapanese_014from75gen_008from50gen_057from20gen_sim_1239.txt",79,33.5031265822785,6.15207594936709,5.79806530965386,6.0021023125438,7.01690987420454,9.49039780521262,1.84730254230479,0.183626920140081
"GT_spanishjapanese_014from75gen_009from20gen_sim_790.txt",23,55.3716086956522,9.89121739130435,5.72745675669886,5.3476296239565,6.88069539362129,9.1381181619256,1.53321489212265,0.178633375917811
"GT_spanishjapanese_014from75gen_010from50gen_007from20gen_sim_1272.txt",31,54.7669032258065,10.5666129032258,5.81733497570108,5.78516003879728,7.23847002269446,12.0425273390036,2.79338689240119,0.192937929312146
"GT_spanishjapanese_014from75gen_031from50gen_sim_920.txt",45,61.4151333333333,10.2475111111111,6.41877675843077,6.15517072693474,7.6182404560114,10.9916115912557,1.84178534765226,0.16685644978563
"GT_spanishjapanese_014from75gen_034from20gen_sim_616.txt",48,37.936875,7.1186875,5.65170449235446,5.72396004661932,6.95103156239803,11.8467201261996,1.95935848209907,0.187645595479332
"GT_spanishjapanese_014from75gen_038from50gen_007from20gen_sim_1343.txt",59,57.6437457627119,9.14827118644068,6.801382571627,6.38308227114716,8.31819073423,11.0180338333865,1.89093083362364,0.158703621102264
"GT_spanishjapanese_014from75gen_044from20gen_sim_573.txt",58,34.9631724137931,7.07518965517241,5.15122620809717,5.42598286578827,6.44042621696073,8.67027027027027,1.73346067915516,0.202361203709914
"GT_spanishjapanese_014from75gen_061from50gen_sim_646.txt",75,59.12064,9.84748,6.50507140158926,6.19889380530973,7.53787053983056,13.3470899470899,2.06651975478335,0.166565855850004
"GT_spanishjapanese_015from20gen_001from50gen_sim_667.txt",16,24.0850625,4.8364375,5.34058906850756,5.07219852301575,6.55584700879433,8.73015252248729,1.89996893231526,0.200806516487138
"GT_spanishjapanese_015from20gen_002from50gen_003from75gen_sim_1063.txt",20,31.4057,5.43475,5.93077711482596,6.0586827250276,7.3685562241085,8.85736149372513,1.97139355956638,0.173049796692957
"GT_spanishjapanese_015from20gen_005from50gen_037from75gen_sim_1165.txt",57,62.8336666666667,11.1684385964912,6.14050858746663,6.22514071294559,7.38402235713597,13.7001146788991,2.02444291525517,0.177746090415826
"GT_spanishjapanese_015from20gen_005from75gen_002from50gen_sim_1457.txt",22,38.9841818181818,6.4715,6.23399551010099,6.12167127843492,7.44258110042939,9.87967865619865,1.66876444976707,0.166003227416248
"GT_spanishjapanese_015from20gen_021from50gen_sim_961.txt",36,39.0961388888889,6.51544444444444,6.1373095006548,5.81427567623805,7.6198631120142,9.71200250705108,1.79287407550556,0.166651864598735
"GT_spanishjapanese_015from20gen_031from50gen_sim_586.txt",46,43.6131304347826,7.20034782608696,6.20050344950006,6.0442143056881,7.01595804513797,10.0465838509317,1.58324699938347,0.165095872603185
"GT_spanishjapanese_015from20gen_036from50gen_019from75gen_sim_1057.txt",70,55.44,9.70014285714286,6.09855438896361,6.20186571233535,7.32807390897409,10.243879472693,1.83344491084686,0.174966501752216
"GT_spanishjapanese_015from20gen_041from50gen_sim_782.txt",56,45.4923928571429,7.85898214285714,6.07422128445463,6.12887525562372,6.88502693743034,10.2073810733029,1.67898847032103,0.172753764954423
"GT_spanishjapanese_015from20gen_046from50gen_032from75gen_sim_1139.txt",93,56.5850752688172,10.8092150537634,6.01254179785189,5.8887299771167,7.16418755052547,12.0015192240271,1.88385510913414,0.191025902190858
"GT_spanishjapanese_015from20gen_sim_051.txt",15,21.6193333333333,4.7306,5.50555666425586,4.99093264248705,6.84845802895989,8.67027027027027,2.03499243882682,0.21881340775232
"GT_spanishjapanese_015from20gen_sim_462.txt",15,22.6032,4.32446666666667,6.01786916098887,5.65598685561717,7.78469494486419,12.0425273390036,2.67756810668218,0.191320992897761
"GT_spanishjapanese_015from50gen_001from75gen_004from20gen_sim_1018.txt",20,52.96875,8.5873,6.22924703598669,6.19989253016589,6.84683234825086,10.081799016163,1.53957475966695,0.1621201179941
"GT_spanishjapanese_015from50gen_002from20gen_001from75gen_sim_1154.txt",18,55.8581666666667,8.96416666666667,6.8126739815336,6.38704324803906,8.26367482304398,13.3470899470899,2.54462251308322,0.160480860751487
"GT_spanishjapanese_015from50gen_002from75gen_001from20gen_sim_1033.txt",18,51.2631111111111,9.40905555555556,5.87340010066036,5.41067390549253,6.59939058214689,11.2544002903284,1.87845581542905,0.183544372388202
"GT_spanishjapanese_015from50gen_003from75gen_sim_887.txt",18,55.5333333333333,9.58372222222222,6.28171261502406,5.93328958768847,7.36607596436384,11.8262169086251,2.02368346904633,0.172576030412165
"GT_spanishjapanese_015from50gen_004from75gen_014from20gen_sim_1266.txt",33,42.0201515151515,8.01321212121212,5.85658273229271,5.89546471425666,6.74955153856768,10.0597510373444,1.7762397263301,0.190699267667389
"GT_spanishjapanese_015from50gen_005from75gen_010from20gen_sim_1068.txt",30,46.2079666666667,8.6419,5.64333302195314,5.20863399269583,6.86001952900278,9.63313096270598,1.83462798233742,0.187021862752383
"GT_spanishjapanese_015from50gen_007from75gen_005from20gen_sim_1236.txt",27,56.5882222222222,8.91111111111111,6.84154586505251,6.63527556132863,8.25412598213215,11.2544002903284,2.03313116033305,0.157472893849132
"GT_spanishjapanese_015from50gen_007from75gen_sim_644.txt",22,65.7265454545455,10.5814090909091,6.42113346550785,6.46226733153877,7.43760580649654,8.52925853567774,1.37049219383287,0.160991407927059
"GT_spanishjapanese_015from50gen_009from75gen_001from20gen_sim_1442.txt",25,64.69212,10.52476,6.55847048594766,6.23935723707879,8.10741103493307,9.68106755629691,1.85621712051348,0.162689984498885
"GT_spanishjapanese_015from50gen_015from75gen_023from20gen_sim_1420.txt",53,45.6312264150943,8.17803773584906,6.41643180026678,6.69412335300299,7.47811191473163,13.7001146788991,2.11761929080573,0.179220204634777
"GT_spanishjapanese_015from50gen_024from75gen_sim_523.txt",39,70.3537948717949,10.9651538461538,6.73182386661597,6.34504698512138,7.54122726309677,12.0015192240271,1.79103739876668,0.155857318942575
"GT_spanishjapanese_015from50gen_031from75gen_012from20gen_sim_1008.txt",58,58.7073103448276,10.8535862068966,5.82376871977006,5.71615103888052,7.07214459517007,10.4146841673503,1.89218563731373,0.184876229947278
"GT_spanishjapanese_015from50gen_058from75gen_sim_904.txt",73,73.5025342465753,11.9341643835616,6.55724749000614,6.34504698512138,8.00432859696998,12.0015192240271,1.89878327212983,0.162363985213444
"GT_spanishjapanese_015from50gen_sim_068.txt",15,51.0950666666667,10.5043333333333,5.19288249796867,4.79197112421868,5.56406024881668,11.0180338333865,1.95827595002698,0.205584100748148
"GT_spanishjapanese_015from50gen_sim_257.txt",15,52.7060666666667,9.126,6.08490671851525,6.14735643814824,6.45022365609185,10.243879472693,1.70271877584612,0.173148948065435
"GT_spanishjapanese_015from75gen_002from20gen_sim_807.txt",17,70.1853529411765,13.3102352941176,5.66267175131505,5.51161483701761,7.29518290474466,8.44513660229599,1.64863778193162,0.189644060139915
"GT_spanishjapanese_015from75gen_004from20gen_011from50gen_sim_1456.txt",30,65.7769666666667,10.2910333333333,6.68256714578928,6.15281942681755,7.4854253629976,11.8285859613428,1.94475268516401,0.156453449510442
"GT_spanishjapanese_015from75gen_004from20gen_sim_926.txt",19,72.184052631579,13.6837368421053,5.65687346120797,5.2866670901353,6.33631563808805,11.131637005442,1.84384239561438,0.189567312214318
"GT_spanishjapanese_015from75gen_005from50gen_sim_631.txt",20,69.5262,14.0554,5.49362929972312,5.40596635459545,6.50809392460052,8.82378472222222,1.51948742544717,0.202159761356151
"GT_spanishjapanese_015from75gen_007from50gen_056from20gen_sim_1342.txt",78,35.8870512820513,6.39417948717949,5.62346412764587,5.72153988030135,6.59019880106063,12.0425273390036,1.83614597752584,0.178175114943966
"GT_spanishjapanese_015from75gen_010from20gen_sim_747.txt",25,54.97976,9.97732,5.88110670857486,5.75489469785162,6.71246109262638,9.1381181619256,1.62478358116711,0.181472600098655
"GT_spanishjapanese_015from75gen_014from20gen_sim_706.txt",29,50.9366896551724,9.60003448275862,5.71217809023147,5.77979274611399,7.14836363636364,8.86535162950257,1.96263551136497,0.188469932925525
"GT_spanishjapanese_015from75gen_014from50gen_003from20gen_sim_1431.txt",32,62.723375,11.281375,5.97928141153874,5.98506476255675,6.72595705376395,12.0015192240271,2.19485565615598,0.179859183278961
"GT_spanishjapanese_015from75gen_015from20gen_036from50gen_sim_1022.txt",66,51.4392727272727,9.18143939393939,5.90299860024983,5.81058497489098,6.90281378856558,10.081799016163,1.65204264708907,0.178490847695665
"GT_spanishjapanese_015from75gen_019from50gen_sim_540.txt",34,61.6361176470588,9.79017647058824,6.71675900687968,6.66506721189348,8.1228728390397,11.7755392755393,1.95902736846155,0.158838305271737
"GT_spanishjapanese_015from75gen_021from20gen_sim_660.txt",36,44.3489444444444,9.04241666666667,5.42510782287336,4.49976087165198,6.62021399688001,12.8627423234753,2.26231471314267,0.203892488985708
"GT_spanishjapanese_015from75gen_024from20gen_sim_668.txt",39,43.6513846153846,7.71769230769231,6.00707708324991,6.12000950570342,6.95267408646238,12.0425273390036,1.9043421781671,0.176802921045768
"GT_spanishjapanese_015from75gen_047from50gen_sim_791.txt",62,61.3788387096774,10.5502096774194,6.19802556498939,6.0316944616295,7.15609776864338,11.4126544917912,1.73266143432024,0.171886759332837
"GT_spanishjapanese_015from75gen_sim_148.txt",15,73.9091333333333,13.6423333333333,5.62305670415303,5.18084126496776,6.1725988830432,9.65002888503755,1.52374675037388,0.184582509874738
"GT_spanishjapanese_016from20gen_002from50gen_sim_909.txt",18,26.5637222222222,4.44544444444444,6.55035971634389,6.29098803822845,7.38423237974937,13.7001146788991,2.4041992328393,0.16735020819957
"GT_spanishjapanese_016from20gen_003from50gen_014from75gen_sim_1043.txt",33,49.734696969697,9.05366666666667,5.45339097713502,5.31469217561933,6.64352298296368,9.17901182073306,1.61943665774613,0.182039244597851
"GT_spanishjapanese_016from20gen_004from50gen_002from75gen_sim_1052.txt",22,33.0725909090909,6.47272727272727,5.18726984254249,5.46923841284682,6.06045613371428,8.25100806451613,1.62422384879577,0.195712736583576
"GT_spanishjapanese_016from20gen_012from50gen_029from75gen_sim_1424.txt",57,59.0534561403509,10.5824385964912,6.03396620120778,6.08247863247863,7.12415575752522,12.0425273390036,1.91000379168583,0.179201003432216
"GT_spanishjapanese_016from20gen_028from75gen_sim_702.txt",44,55.7193181818182,10.8556818181818,5.9836950115034,5.94222630219631,7.16976589005059,12.0015192240271,2.10166532008397,0.194827972997777
"GT_spanishjapanese_016from20gen_037from75gen_sim_905.txt",53,64.285320754717,10.6739622641509,6.37598820662171,6.07713654350172,7.75535846267554,12.0015192240271,1.93107144265032,0.166040429429882
"GT_spanishjapanese_016from20gen_045from75gen_sim_882.txt",61,62.6586393442623,10.9366721311475,6.03826169863727,5.86409448818898,7.30170098478066,10.0355921469284,1.95460127154944,0.174543722072526
"GT_spanishjapanese_016from20gen_sim_140.txt",16,20.02525,4.3250625,4.89956029853523,4.6181591770601,5.89808120814919,8.01218397806884,1.73885271189714,0.215980449682276
"GT_spanishjapanese_016from20gen_sim_184.txt",16,20.1319375,3.9480625,5.59611613242607,5.53657752323634,7.08580682200775,9.4710547184774,2.03427130372351,0.196109415698315
"GT_spanishjapanese_016from20gen_sim_258.txt",16,21.580625,4.217125,5.91837077552933,6.28144807730214,7.39455383889972,9.57108350586611,2.44209873243205,0.195412551768079
"GT_spanishjapanese_016from20gen_sim_293.txt",16,22.3924375,3.6980625,6.83201707598543,6.5179667688986,7.78113419338403,13.7001146788991,2.75905122946856,0.16514783171774
"GT_spanishjapanese_016from20gen_sim_302.txt",16,21.52975,4.1805,5.87478003242978,5.79648023984797,7.45856649967306,13.7001146788991,2.91274451457976,0.194173178973281
"GT_spanishjapanese_016from20gen_sim_308.txt",16,18.2693125,4.1369375,4.94734809373553,4.75943192011562,6.8620780915016,8.09453096704093,2.10832638850522,0.226441881707371
"GT_spanishjapanese_016from50gen_008from20gen_009from75gen_sim_1233.txt",33,47.9905151515152,10.9843636363636,6.07010882973326,5.44603715816575,8.12218922358931,11.8262169086251,2.94421270273121,0.228886137222822
"GT_spanishjapanese_016from50gen_028from20gen_010from75gen_sim_1345.txt",54,41.2414259259259,7.57105555555556,5.83413346793083,6.04957230368052,7.3245063318161,9.37803590285111,1.8750760120657,0.183578898778961
"GT_spanishjapanese_016from50gen_036from75gen_sim_595.txt",52,69.524,12.6690192307692,6.14347599857927,5.55284854601231,7.69035917384564,13.3470899470899,2.17679663374704,0.182225119825804
"GT_spanishjapanese_016from50gen_037from20gen_010from75gen_sim_1287.txt",63,41.1486825396825,7.24369841269841,5.80844999952994,5.73731159643187,6.84384818899183,10.5448888888889,1.74656874882941,0.176037189178847
"GT_spanishjapanese_016from50gen_045from20gen_sim_583.txt",61,27.2899344262295,5.47973770491803,6.40103145075841,6.43732416380119,7.49489395129615,13.3470899470899,2.36665455014134,0.200797027187109
"GT_spanishjapanese_016from50gen_051from75gen_011from20gen_sim_1132.txt",78,67.441858974359,12.182,6.01421610487479,5.72503858727183,7.01449369916919,12.0015192240271,2.05609029488172,0.180629659165112
"GT_spanishjapanese_016from50gen_058from75gen_sim_990.txt",74,73.5608918918919,13.0904054054054,6.04539517134714,5.75950887157724,7.44001963304732,10.0588044885628,1.88886341574906,0.177953326403976
"GT_spanishjapanese_016from50gen_064from75gen_sim_686.txt",80,75.705025,13.43575,6.15188310730966,5.99466037216394,7.28348502081545,11.8285859613428,1.86376613854266,0.177475009089555
"GT_spanishjapanese_016from50gen_sim_070.txt",16,56.3070625,8.7089375,6.75044300729504,6.55514372726837,7.38617262475411,10.4146841673503,1.5253951451106,0.154668652799993
"GT_spanishjapanese_016from50gen_sim_200.txt",16,51.7444375,8.225875,6.58969567333905,5.99041745735412,7.50262923790622,11.6125806451613,2.17156063361034,0.158971193763581
"GT_spanishjapanese_016from75gen_002from20gen_005from50gen_sim_1249.txt",23,72.0975217391304,14.893347826087,5.15839316993789,5.15450857590207,5.5528716037066,11.2544002903284,1.67708413216281,0.206572257503876
"GT_spanishjapanese_016from75gen_010from20gen_sim_798.txt",26,56.41,11.1865,5.42840664425082,5.69200327034801,6.8288456831129,9.83995229576625,1.9985672911088,0.198307037759263
"GT_spanishjapanese_016from75gen_012from20gen_011from50gen_sim_1116.txt",39,51.2762564102564,9.46997435897436,6.19128060275165,6.20362353695687,7.44264645159692,10.2073810733029,2.07080365250324,0.184685369446747
"GT_spanishjapanese_016from75gen_015from20gen_044from50gen_sim_1295.txt",75,52.8639333333333,8.94609333333333,6.36994129071134,6.50787356972924,7.45251791736567,11.131637005442,1.92239937760484,0.169228673865862
"GT_spanishjapanese_016from75gen_017from20gen_sim_808.txt",33,49.1316060606061,8.22030303030303,6.39894518945823,6.65013131018383,7.94710327455919,9.87967865619865,1.95840446923645,0.167311913641962
"GT_spanishjapanese_016from75gen_018from20gen_sim_609.txt",34,48.6421176470588,9.23479411764706,5.52810117637152,5.58689315373522,6.41707975263039,9.83995229576625,1.7932005658933,0.1898518108248
"GT_spanishjapanese_016from75gen_025from50gen_005from20gen_sim_1429.txt",46,62.8085434782609,10.0871304347826,6.62947846542458,6.37916359880239,7.62143067502058,13.3470899470899,2.04206822507508,0.160601247476371
"GT_spanishjapanese_016from75gen_037from20gen_017from50gen_sim_1088.txt",70,43.2033571428571,7.60517142857143,5.85969551984604,5.5279492633779,6.69846010985461,11.8467201261996,2.14158088541248,0.176031955188668
"GT_spanishjapanese_016from75gen_046from50gen_sim_585.txt",62,63.149,10.4181774193548,6.49346040457398,6.19859731779292,7.71494862825994,13.3470899470899,2.01142571231832,0.1649777101673
"GT_spanishjapanese_016from75gen_077from20gen_026from50gen_sim_1173.txt",119,35.708731092437,6.25491596638655,5.96253642098621,5.76259848372231,6.92824726907786,13.6106315311222,2.16676431390416,0.175164890351182
"GT_spanishjapanese_016from75gen_sim_450.txt",16,85.3419375,15.144,5.81966666620559,5.99712596746521,6.8280394845301,8.72711300166451,1.58140101487912,0.177450857616163
"GT_spanishjapanese_017from20gen_002from75gen_sim_587.txt",19,26.8904210526316,4.87315789473684,5.44392508243353,6.04133724870115,6.43763601156471,7.69020172910663,1.47538887222148,0.181222818534481
"GT_spanishjapanese_017from20gen_005from50gen_017from75gen_sim_1319.txt",39,52.5624615384615,10.0415384615385,5.66597010733423,5.66818932840898,7.23271840354767,9.41156032849021,1.94820933848641,0.191040110520524
"GT_spanishjapanese_017from20gen_008from50gen_037from75gen_sim_1127.txt",62,62.4496774193548,11.3481129032258,5.83861675260961,5.58427172222073,6.81627350366397,12.0015192240271,2.04985166846907,0.181716117235038
"GT_spanishjapanese_017from20gen_008from50gen_sim_846.txt",25,32.60812,5.59736,6.14906870179553,6.08247863247863,6.93339799547365,10.9916115912557,1.79481399297941,0.171655403623392
"GT_spanishjapanese_017from20gen_009from75gen_018from50gen_sim_1414.txt",44,46.2870227272727,7.95575,6.11536975114111,5.73832894517878,7.22651709333675,12.0425273390036,2.06227545232491,0.171878628851892
"GT_spanishjapanese_017from20gen_016from50gen_029from75gen_sim_1455.txt",62,57.4865322580645,9.89303225806452,6.28004628763168,5.81489565149341,7.52293049368094,13.6106315311222,2.41613235742658,0.172093042830509
"GT_spanishjapanese_017from20gen_023from50gen_sim_928.txt",40,40.1323,6.905325,6.08581514043056,5.836945007957,7.26538056709828,11.7236090716267,1.97371383603568,0.172064023243123
"GT_spanishjapanese_017from20gen_027from50gen_sim_765.txt",44,42.0259545454545,7.25156818181818,6.18746419187222,6.16080170920344,7.35764494957613,13.6106315311222,2.28745496837175,0.17254975550823
"GT_spanishjapanese_017from20gen_036from50gen_sim_535.txt",53,42.848641509434,7.26405660377358,6.30940340140198,6.0699639477242,7.53282149712092,10.9164753664136,1.88121562841327,0.169528282528497
"GT_spanishjapanese_017from20gen_046from50gen_sim_850.txt",63,45.6838253968254,7.52449206349206,6.57520823934074,6.14890771288453,7.67211015513479,13.6106315311222,2.40186878351663,0.164708012039967
"GT_spanishjapanese_017from20gen_053from75gen_009from50gen_sim_1130.txt",79,62.4491265822785,10.8240379746835,6.03647223028778,5.74800899465942,7.20541494993595,12.0015192240271,2.14528787434916,0.173325690318864
"GT_spanishjapanese_017from20gen_sim_174.txt",17,20.1567058823529,3.99694117647059,5.46248123243938,5.32161047780742,6.97842135150483,9.4710547184774,1.92288556928493,0.198293371932855
"GT_spanishjapanese_017from50gen_002from20gen_013from75gen_sim_1188.txt",32,64.40628125,11.96825,6.0900203176696,6.0544597561253,7.36631163319234,11.7236090716267,2.24839127619995,0.185824266946013
"GT_spanishjapanese_017from50gen_002from20gen_sim_773.txt",19,50.8116842105263,7.87226315789474,6.60659150468468,6.82649407876618,8.1689798516094,9.4473791973792,2.03437092888543,0.154930175612323
"GT_spanishjapanese_017from50gen_002from75gen_019from20gen_sim_1384.txt",38,38.8889210526316,6.09863157894737,6.67419916980634,6.3351065172209,8.59056461699571,10.6051045728465,2.16358685756676,0.156821825184957
"GT_spanishjapanese_017from50gen_003from20gen_012from75gen_sim_1056.txt",32,57.70378125,10.734,5.82212905750416,5.74511127425353,7.4238707737487,10.2073810733029,2.09828749801327,0.186019005470287
"GT_spanishjapanese_017from50gen_006from20gen_sim_539.txt",23,47.6004347826087,8.39904347826087,6.06095340352316,5.91002570694087,6.59157119333898,9.57108350586611,1.6617186211071,0.176448881541089
"GT_spanishjapanese_017from50gen_008from75gen_025from20gen_sim_1481.txt",50,39.6795,6.63486,6.3439325277784,5.88660387014885,7.78766331965618,11.7755392755393,2.10738053946399,0.167211280384077
"GT_spanishjapanese_017from50gen_008from75gen_047from20gen_sim_1421.txt",72,35.5892777777778,6.11372222222222,6.05257486173638,5.96623917960158,7.22684002683548,11.7236090716267,1.94531658985134,0.171785509680662
"GT_spanishjapanese_017from50gen_009from20gen_051from75gen_sim_1194.txt",77,67.0653506493506,11.8923506493507,6.05556467016376,5.75489469785162,6.87391841779975,11.8285859613428,1.67912045868563,0.177324811310232
"GT_spanishjapanese_017from50gen_009from75gen_023from20gen_sim_1395.txt",49,43.4109183673469,7.34951020408163,6.12245897781271,6.11155644622579,7.28444726005702,10.0465838509317,1.53970781433119,0.169300961151972
"GT_spanishjapanese_017from50gen_012from20gen_008from75gen_sim_1294.txt",37,49.1617837837838,8.28910810810811,6.20302649503367,5.49303057553957,7.85732899022801,12.8627423234753,2.44728141014587,0.16860877433911
"GT_spanishjapanese_017from50gen_015from75gen_sim_684.txt",32,61.44396875,11.57259375,5.83553467503871,5.54378888345511,6.73844170150973,11.8262169086251,2.00627566946244,0.188343851893519
"GT_spanishjapanese_017from50gen_029from20gen_018from75gen_sim_1011.txt",64,44.934703125,8.092140625,5.76643216896299,5.84490781505167,6.9823575002319,13.3470899470899,2.1364839168435,0.180086660470175
"GT_spanishjapanese_017from50gen_031from20gen_sim_720.txt",48,31.3181458333333,5.79358333333333,5.51292776529812,6.01849456506018,6.75733182242922,10.2073810733029,2.11048704739232,0.184991262387154
"GT_spanishjapanese_017from50gen_sim_091.txt",17,53.5584705882353,8.72441176470588,6.56648334616651,6.05527944010549,7.79713261648746,9.85142558200366,1.79259637151093,0.16289508772161
"GT_spanishjapanese_017from50gen_sim_472.txt",17,54.9054705882353,9.25205882352941,6.21379989573309,5.78445438433623,7.64486426416892,9.6005772005772,1.72955675625197,0.16850887032579
"GT_spanishjapanese_017from75gen_003from50gen_sim_832.txt",20,73.78355,13.4128,6.13419534863259,6.06842201230074,7.34146199272057,9.87967865619865,1.84025688296604,0.181785777453104
"GT_spanishjapanese_017from75gen_005from20gen_025from50gen_sim_1498.txt",47,59.5849361702128,10.0462765957447,6.14164689095916,6.0021023125438,7.00755886736215,13.3470899470899,1.80332210821885,0.168604302386866
"GT_spanishjapanese_017from75gen_007from20gen_004from50gen_sim_1247.txt",28,59.5701785714286,11.2435714285714,5.94513062433613,5.63417956126838,6.92865288021608,11.131637005442,2.05170998576818,0.188744967670185
"GT_spanishjapanese_017from75gen_017from50gen_029from20gen_sim_1066.txt",63,45.8972063492063,7.99125396825397,6.06420745274669,6.05780735865989,7.24155107295594,10.0597510373444,1.81749487699685,0.174111990770265
"GT_spanishjapanese_017from75gen_040from20gen_sim_501.txt",57,35.8937719298246,7.27659649122807,5.67255601077907,5.59408225500701,7.18173076923077,9.77053140096618,2.00776485308039,0.20272587972795
"GT_spanishjapanese_017from75gen_043from20gen_003from50gen_sim_1418.txt",63,37.4270476190476,6.69061904761905,5.89604850474343,5.59517426273458,7.13816895997111,10.0597510373444,1.87031941230986,0.178764275390347
"GT_spanishjapanese_017from75gen_047from20gen_sim_824.txt",64,36.899828125,6.9753125,5.75667750896255,5.61801783878805,7.33685949989752,13.7001146788991,2.26255645500258,0.189033739571111
"GT_spanishjapanese_017from75gen_055from50gen_sim_833.txt",72,60.6558194444444,10.3825138888889,6.44195256200362,6.41498654642205,7.47984122691889,11.4126544917912,1.78230039113976,0.171170944255372
"GT_spanishjapanese_017from75gen_058from50gen_sim_943.txt",75,59.5572,9.60866666666667,6.63404346776396,6.55284468438538,7.76299893112422,11.7755392755393,1.89381548241752,0.161335097463727
"GT_spanishjapanese_017from75gen_sim_012.txt",17,81.799,13.9885294117647,6.34335356290948,6.39834227206241,7.6182404560114,9.17901182073306,1.86789409403007,0.171011007613354
"GT_spanishjapanese_017from75gen_sim_098.txt",17,77.4612352941176,14.4769411764706,5.84192349767972,5.16472790480011,7.33857988165681,9.87967865619865,2.01986318345651,0.186892722811638
"GT_spanishjapanese_018from20gen_002from75gen_010from50gen_sim_1148.txt",30,37.2836333333333,6.2723,5.9489451576131,5.76623168949783,6.63769068379734,10.081799016163,1.54801014538329,0.16823199455704
"GT_spanishjapanese_018from20gen_006from75gen_sim_597.txt",24,35.845625,6.25808333333333,5.89574730211245,5.59306300268097,6.89963915422284,12.0015192240271,2.4110442555597,0.174584299571659
"GT_spanishjapanese_018from20gen_009from50gen_017from75gen_sim_1344.txt",44,50.5672045454545,8.99143181818182,5.93125199529531,5.86608618546443,7.20894990305101,10.4146841673503,1.89961605814322,0.177811526245226
"GT_spanishjapanese_018from20gen_009from50gen_sim_701.txt",27,32.6717777777778,6.00177777777778,5.79808333564681,6.03488681757656,6.75126664853803,10.0597510373444,1.88966181142501,0.183699149112724
"GT_spanishjapanese_018from20gen_017from50gen_075from75gen_sim_1113.txt",110,64.8719545454545,12.3383363636364,5.74220191833976,5.52814869564563,6.95819243204429,11.131637005442,2.02273780070782,0.190195230744761
"GT_spanishjapanese_018from20gen_019from75gen_010from50gen_sim_1386.txt",47,50.4309361702128,9.52417021276596,5.77688227898469,5.68875502008032,7.00043103622728,10.6051045728465,1.91359922481105,0.18885570913497
"GT_spanishjapanese_018from20gen_026from50gen_sim_769.txt",44,42.1934318181818,7.00713636363636,6.42441762970682,6.23397401659899,7.55262325505352,11.8262169086251,1.9182552248722,0.166071733482861
"GT_spanishjapanese_018from20gen_052from75gen_sim_606.txt",70,66.8227285714286,10.9239857142857,6.35178919852926,6.28692509112565,8.04794323957753,11.8467201261996,2.01003910947628,0.16347709750596
"GT_spanishjapanese_018from20gen_sim_058.txt",18,20.2475,4.33444444444444,4.93927758121249,4.87784175516586,6.18611615704863,6.78327832783278,1.28387852670677,0.214073068005652
"GT_spanishjapanese_018from50gen_013from20gen_030from75gen_sim_1407.txt",61,56.2642295081967,10.8600655737705,6.01142986521385,6.06860100605089,7.4301103988604,9.87967865619865,1.99252486516883,0.193019004591334
"GT_spanishjapanese_018from50gen_013from75gen_031from20gen_sim_1235.txt",62,41.6137419354839,7.33888709677419,5.8565371676415,6.1227909234651,7.24647462862661,9.42387218045113,1.7189112262568,0.176357298224997
"GT_spanishjapanese_018from50gen_020from20gen_sim_549.txt",38,36.3932894736842,5.98905263157895,6.44252759119023,5.62921527964379,7.94839350889195,11.8262169086251,2.24859864791515,0.164564751309705
"GT_spanishjapanese_018from50gen_022from75gen_sim_557.txt",40,68.4443,12.488625,6.08321667005984,5.97325980416023,7.26352341287215,11.8262169086251,2.00871794811632,0.182464062018313
"GT_spanishjapanese_018from50gen_049from75gen_sim_693.txt",67,70.919328358209,12.7438208955224,6.04031376383665,5.74962311557789,7.27026601382668,12.0015192240271,1.89950834053799,0.17969460781064
"GT_spanishjapanese_018from50gen_060from20gen_sim_982.txt",78,28.596,5.39011538461538,5.70550036332409,6.11600578751286,6.81217021659392,10.5448888888889,1.8021854390835,0.188491935397097
"GT_spanishjapanese_018from50gen_sim_020.txt",18,51.3559444444444,8.92083333333333,6.16900354976668,5.90289118178917,6.49345448009578,13.3470899470899,2.21810756118527,0.1737059541955
"GT_spanishjapanese_018from50gen_sim_209.txt",18,57.9313888888889,8.93722222222222,6.94073510791537,6.54698366742237,7.83484390488693,11.4126544917912,2.07009069115196,0.154272535039055
"GT_spanishjapanese_018from50gen_sim_285.txt",18,54.3675,8.80827777777778,6.40118278081584,6.42034605127389,6.94251897730559,10.9164753664136,1.65937321712911,0.162013662165407
"GT_spanishjapanese_018from50gen_sim_474.txt",18,43.5241111111111,11.4203333333333,6.28605260234189,5.5070727335508,8.61048063340423,13.6106315311222,3.51927040108444,0.262390960821205
"GT_spanishjapanese_018from75gen_002from50gen_004from20gen_sim_1195.txt",24,66.8156666666667,11.588625,5.90554311350378,5.48254600504005,7.08873925466746,9.17901182073306,1.74917686497756,0.173441732727354
"GT_spanishjapanese_018from75gen_004from50gen_024from20gen_sim_1134.txt",46,46.9150217391304,9.2545652173913,5.75159144091649,5.52877593099365,6.92613758428539,12.0015192240271,2.26321863738399,0.197262302655449
"GT_spanishjapanese_018from75gen_004from50gen_026from20gen_sim_1396.txt",48,45.3774791666667,7.71208333333333,5.9531042847459,5.89209734568668,6.97873621747868,13.3470899470899,2.03653082284061,0.169953983230485
"GT_spanishjapanese_018from75gen_006from20gen_003from50gen_sim_1175.txt",27,63.7765185185185,10.6995185185185,6.25848205085662,6.05107494951895,7.20877067017764,10.0588044885628,1.89041550563192,0.16776579793097
"GT_spanishjapanese_018from75gen_008from20gen_sim_600.txt",26,64.5696923076923,11.7133076923077,5.94881968640604,5.83008411602445,7.36181249403814,11.8285859613428,2.30424631896183,0.181405660669569
"GT_spanishjapanese_018from75gen_014from50gen_sim_633.txt",32,73.3665625,12.97140625,6.48586852774809,6.03674182045403,8.3843008586979,11.131637005442,2.24255196683967,0.176802698777117
"GT_spanishjapanese_018from75gen_031from20gen_042from50gen_sim_1072.txt",91,46.7903076923077,8.16515384615385,5.92546956779396,5.56415915253169,7.03483488582462,11.0180338333865,1.89864253215464,0.174505239415132
"GT_spanishjapanese_018from75gen_039from20gen_sim_562.txt",57,36.4277719298246,7.26128070175439,5.68174329620419,5.32161047780742,6.72988147223955,11.131637005442,1.8759790630146,0.199333648946269
"GT_spanishjapanese_018from75gen_041from50gen_028from20gen_sim_1219.txt",87,48.9975632183908,8.63214942528736,6.13181889232114,6.15517072693474,7.20743098318803,13.7001146788991,1.80872920624749,0.176175076030054
"GT_spanishjapanese_018from75gen_050from20gen_sim_566.txt",68,36.1434264705882,6.80875,5.8617492679188,5.91021039968304,7.36039921538148,13.7001146788991,2.34348606758597,0.18838141993927
"GT_spanishjapanese_018from75gen_055from20gen_sim_976.txt",73,35.2543835616438,6.3743698630137,5.90048792722437,5.70576816417083,6.99416594641314,12.8627423234753,1.87703117243194,0.180810702642633
"GT_spanishjapanese_018from75gen_sim_145.txt",18,79.5251666666667,13.3407777777778,6.38466031935142,6.40759277313157,7.08771191784894,9.1381181619256,1.70902768190685,0.167755420541226
"GT_spanishjapanese_018from75gen_sim_348.txt",18,80.1540555555556,13.1299444444444,6.42486041536652,6.52230138345506,7.02328942690032,9.65002888503755,1.54904422055951,0.163808859744395
"GT_spanishjapanese_019from20gen_002from50gen_004from75gen_sim_1095.txt",25,33.2756,6.42276,5.49141733212515,5.1074675143606,6.60561423012785,9.51835578988479,1.8639884764419,0.193017105626946
"GT_spanishjapanese_019from20gen_008from75gen_009from50gen_sim_1258.txt",36,41.7940277777778,7.74136111111111,5.66345300276014,5.56545650455802,6.84210094156715,9.63152955896153,1.76819940768482,0.185226491025765
"GT_spanishjapanese_019from20gen_011from50gen_sim_710.txt",30,33.8148,6.02676666666667,5.91686916584429,6.13947590367111,7.35890638171774,8.63278463648834,1.88029716939757,0.178228665160423
"GT_spanishjapanese_019from20gen_020from75gen_sim_519.txt",39,50.9919743589744,9.23266666666667,5.90359270596925,6.14551288100406,6.9127966449469,10.6051045728465,1.7934613946543,0.181061172522373
"GT_spanishjapanese_019from20gen_022from75gen_sim_715.txt",41,52.1958048780488,9.49624390243902,6.11721893166179,5.73731159643187,7.12415575752522,13.7001146788991,2.09980314835664,0.181935002719591
"GT_spanishjapanese_019from20gen_023from75gen_sim_735.txt",42,51.9877619047619,9.23692857142857,5.73430056022869,5.82941406645366,7.15005021308134,8.60425280567041,1.74607788053581,0.177675057225006
"GT_spanishjapanese_019from20gen_026from50gen_025from75gen_sim_1029.txt",70,53.5909571428571,9.04102857142857,6.56488821027615,6.27005962383486,7.33514419080566,13.6106315311222,2.20647021968852,0.168704368300942
"GT_spanishjapanese_019from20gen_035from75gen_sim_875.txt",54,60.6198888888889,10.6414444444444,6.14421349871903,6.24036827371181,7.11739361480142,12.0015192240271,1.83898426260008,0.175543780094175
"GT_spanishjapanese_019from20gen_036from50gen_020from75gen_sim_1115.txt",75,51.5120666666667,8.93125333333333,5.93892388494365,5.82965144820815,7.0723008456174,11.0180338333865,1.88915543741337,0.173381770743683
"GT_spanishjapanese_019from20gen_069from50gen_sim_672.txt",88,47.8995795454545,8.31703409090909,6.123231995541,6.11700974656472,7.44508283300321,10.2073810733029,1.86493945199001,0.173634803683748
"GT_spanishjapanese_019from20gen_076from75gen_sim_627.txt",95,64.1304947368421,11.6349789473684,5.97787628105135,5.6884239888424,7.11990137632623,12.8627423234753,1.85609805298245,0.181426620753703
"GT_spanishjapanese_019from20gen_094from75gen_sim_883.txt",113,69.1256194690265,12.3691504424779,6.06392781392267,5.65351556995914,7.29518290474466,12.8627423234753,2.15027957869666,0.178937281683532
"GT_spanishjapanese_019from20gen_100from50gen_sim_590.txt",119,46.554731092437,8.46879831932773,6.16957042650864,6.15925130408101,7.20043218013034,13.3470899470899,2.0893464999435,0.181910583964334
"GT_spanishjapanese_019from20gen_sim_480.txt",19,21.5655263157895,3.93068421052632,5.85912609111958,5.8887299771167,6.83076852938614,9.37804878048781,1.84875861990411,0.182267019731784
"GT_spanishjapanese_019from20gen_sim_489.txt",19,19.4083684210526,4.20857894736842,4.99623192855505,5.04050632911392,6.29201051013325,8.46450381679389,1.94836623854672,0.216843521107281
"GT_spanishjapanese_019from50gen_003from75gen_sim_662.txt",22,56.4048636363636,9.64672727272727,6.16385081093602,6.19859731779292,7.30350875271379,9.98009950248756,1.70214733649097,0.171026515282773
"GT_spanishjapanese_019from50gen_005from20gen_sim_930.txt",24,47.5444583333333,8.10391666666667,6.06270820678199,6.21922134178216,6.77324094334923,8.30906576134792,1.3582130046023,0.17044923742427
"GT_spanishjapanese_019from50gen_010from20gen_sim_956.txt",29,44.4096896551724,7.1388275862069,6.62231985855661,6.4132802124834,7.58454709391039,12.0425273390036,2.02573364077101,0.160749323889397
"GT_spanishjapanese_019from50gen_012from75gen_018from20gen_sim_1438.txt",49,47.7565510204082,8.26032653061224,5.96318126328882,6.0878909998081,6.74955153856768,11.2544002903284,1.699472326991,0.172967401416453
"GT_spanishjapanese_019from50gen_025from75gen_sim_778.txt",44,69.1244545454545,11.7787272727273,6.3828150049633,5.65439735685178,8.06740959316073,11.2544002903284,2.11647052235321,0.170398845823541
"GT_spanishjapanese_019from50gen_028from75gen_sim_960.txt",47,63.9725106382979,12.4219361702128,6.29972555386572,6.07713654350172,7.87917270320841,10.081799016163,2.28792441323523,0.194176155449748
"GT_spanishjapanese_019from50gen_034from75gen_sim_849.txt",53,67.3637169811321,11.4330377358491,6.49238067921936,6.14551288100406,7.52813770925943,11.8262169086251,1.9694346084534,0.169721004840801
"GT_spanishjapanese_019from50gen_036from20gen_007from75gen_sim_1446.txt",62,37.4645806451613,6.52920967741936,5.93456516608248,5.8789554236841,7.14892626235535,12.8627423234753,2.10095885953717,0.17427686537478
"GT_spanishjapanese_019from50gen_041from75gen_008from20gen_sim_1497.txt",68,65.4737647058823,11.4676617647059,6.01624109945107,5.96430694276369,6.71090032128469,10.4146841673503,1.59550971764157,0.175148959529367
"GT_spanishjapanese_019from50gen_044from20gen_sim_731.txt",63,30.8519682539683,5.58668253968254,5.8555405087899,5.50629434653239,7.26872654790254,11.0180338333865,2.1251349264982,0.181080263459819
"GT_spanishjapanese_019from50gen_045from75gen_sim_532.txt",64,73.48659375,12.556390625,6.33592755242918,6.11211061187338,7.1993070322103,11.131637005442,1.80629894296354,0.170866412283533
"GT_spanishjapanese_019from50gen_sim_036.txt",19,55.0167368421053,8.28152631578947,6.98898918026684,7.35610425240055,7.90011650939614,9.98009950248756,1.70756360986407,0.15052739931772
"GT_spanishjapanese_019from50gen_sim_093.txt",19,55.5857368421053,8.73768421052632,6.73288728763358,6.01864728192162,7.67072803168787,10.9916115912557,1.85791241045694,0.157192918668079
"GT_spanishjapanese_019from50gen_sim_096.txt",19,53.4233157894737,7.46757894736842,7.6284597402846,7.35610425240055,8.52478036653183,13.6106315311222,2.57349923439621,0.139781270350123
"GT_spanishjapanese_019from50gen_sim_360.txt",19,54.1411578947368,9.13452631578947,6.27893122474577,6.46003227541689,7.08342944198513,10.4146841673503,1.70679186001666,0.168716862937234
"GT_spanishjapanese_019from50gen_sim_382.txt",19,58.8442105263158,8.78531578947368,7.0075238452947,6.63527556132863,8.00182451784554,11.0180338333865,1.99032642161073,0.14929787843011
"GT_spanishjapanese_019from75gen_002from50gen_008from20gen_sim_1376.txt",29,63.4642068965517,11.1477931034483,6.22160610697837,5.46557659208262,7.49489395129615,11.8467201261996,2.28896453761855,0.175654808412236
"GT_spanishjapanese_019from75gen_003from50gen_003from20gen_sim_1356.txt",25,73.2816,12.27356,6.24432637709234,5.70576816417083,7.29655599092596,10.0588044885628,1.70139710004697,0.167484880242789
"GT_spanishjapanese_019from75gen_008from50gen_sim_541.txt",27,74.4107407407407,12.8335925925926,6.09346115229276,5.64059225204516,7.17210026848945,9.66846424384525,1.53826208799299,0.172469625551867
"GT_spanishjapanese_019from75gen_010from20gen_008from50gen_sim_1302.txt",37,59.9171891891892,9.92883783783784,6.43430955224555,5.78445438433623,7.90329731227487,10.0597510373444,1.90614397327827,0.165709339376509
"GT_spanishjapanese_019from75gen_043from20gen_006from50gen_sim_1397.txt",68,40.8413529411765,7.73477941176471,5.74716187887161,5.59301621494336,6.51929580919628,10.2322111706197,1.68677251568894,0.189385974135212
"GT_spanishjapanese_019from75gen_073from50gen_sim_711.txt",92,58.197,9.87821739130435,6.41665419697724,6.12603640145169,7.68497938448202,13.6106315311222,2.07940165745845,0.169737570515737
"GT_spanishjapanese_019from75gen_sim_023.txt",19,83.4827368421053,15.2091052631579,5.81858053948056,5.63466225626741,6.86990816706308,8.78946710032525,1.55183917116411,0.182182638452829
"GT_spanishjapanese_019from75gen_sim_479.txt",19,80.7354210526316,14.8104210526316,5.85286898945655,5.49201525829185,6.98174847040186,9.77053140096618,1.87344231501734,0.183443906770197
"GT_spanishjapanese_020from20gen_002from75gen_sim_718.txt",22,26.1665909090909,4.81595454545455,5.86757534223509,5.71196561760961,6.59521940104582,9.37804878048781,1.74333875568786,0.184049751157357
"GT_spanishjapanese_020from20gen_005from75gen_011from50gen_sim_1064.txt",36,39.2996111111111,7.02252777777778,5.82843764834379,5.98623507268536,6.90618646129918,10.9916115912557,2.2002067206374,0.178692042471441
"GT_spanishjapanese_020from20gen_010from50gen_018from75gen_sim_1053.txt",48,51.356,8.96022916666667,6.03890362931648,5.90329670016445,7.2432008437339,11.8285859613428,1.97255365882984,0.174472878858686
"GT_spanishjapanese_020from20gen_016from50gen_sim_728.txt",36,35.7762777777778,6.49252777777778,5.78737013770301,6.12453996748275,6.69847037344651,8.8031464300121,1.73786980846494,0.181475776158317
"GT_spanishjapanese_020from20gen_033from75gen_sim_902.txt",53,56.5386981132075,10.3434339622642,5.84831476102435,5.75489469785162,6.94542483660131,10.6051045728465,1.82103507884868,0.182944324992299
"GT_spanishjapanese_020from20gen_037from50gen_sim_675.txt",57,42.937,6.96164912280702,6.27225978602582,6.1120020693223,7.02755905511811,11.6125806451613,1.74745958255669,0.162136365437898
"GT_spanishjapanese_020from20gen_sim_119.txt",20,21.3468,3.7624,6.14705243782206,6.60950214883074,7.12192192489378,10.6051045728465,2.36256019424106,0.176251241403864
"GT_spanishjapanese_020from20gen_sim_404.txt",20,21.7774,4.0169,5.95474596151354,6.07744816163999,7.0504512584004,10.5448888888889,2.07314011173466,0.18445268948543
"GT_spanishjapanese_020from20gen_sim_425.txt",20,22.8579,4.237,5.82794795126398,6.21569045319334,6.89553568879401,9.49039780521262,1.86180717645885,0.185362609863548
"GT_spanishjapanese_020from20gen_sim_438.txt",20,20.61795,4.10925,5.54492985424443,5.20551216278925,6.78076060304808,10.5448888888889,2.22277947915248,0.199304489534605
"GT_spanishjapanese_020from50gen_009from20gen_037from75gen_sim_1490.txt",66,64.8446818181818,10.9860757575758,6.26993774472378,6.05568000853819,7.20016215304321,12.0425273390036,1.67674884703441,0.169421384291462
"GT_spanishjapanese_020from50gen_010from20gen_sim_542.txt",30,44.7877,6.8513,6.99388802966403,6.81818878091605,9.18671061710837,10.9916115912557,2.30581407425651,0.152972802800769
"GT_spanishjapanese_020from50gen_011from20gen_022from75gen_sim_1335.txt",53,58.6670754716981,10.59,5.8844689991214,5.68751835535977,7.02448355011477,11.0180338333865,1.72866550739137,0.180510105793645
"GT_spanishjapanese_020from50gen_019from75gen_018from20gen_sim_1288.txt",57,51.0425438596491,8.74470175438596,6.41572312478222,6.4221935483871,7.79706774519717,12.8627423234753,2.31713239485146,0.171321824759188
"GT_spanishjapanese_020from50gen_025from20gen_012from75gen_sim_1357.txt",57,45.5035263157895,7.91705263157895,6.10640466835868,6.02059925093633,7.51375615406893,11.7236090716267,1.99222890359302,0.173987672441812
"GT_spanishjapanese_020from50gen_041from75gen_sim_614.txt",61,72.590393442623,12.7241803278689,6.31820508531866,6.15346130283847,7.4252607184241,12.0015192240271,1.96429836983545,0.175287386173576
"GT_spanishjapanese_020from50gen_053from75gen_sim_767.txt",73,72.4092465753425,12.6084931506849,6.15065464860656,6.01864728192162,7.28444726005702,11.8262169086251,1.78413368196735,0.17412821907442
"GT_spanishjapanese_020from50gen_054from75gen_sim_841.txt",74,74.5536621621622,13.0342837837838,6.24413049941908,5.86156685150307,7.43549970055685,13.3470899470899,2.14766338972162,0.174830899056747
"GT_spanishjapanese_020from75gen_009from50gen_sim_504.txt",29,71.734724137931,11.2153448275862,6.86808298300519,6.29071927806777,8.00432859696998,11.131637005442,2.02498644972895,0.156344712583287
"GT_spanishjapanese_020from75gen_010from20gen_007from50gen_sim_1411.txt",37,55.7003243243243,10.5499459459459,5.53948995715434,5.59408225500701,6.66807298808143,9.87967865619865,1.85190840507622,0.18940546709418
"GT_spanishjapanese_020from75gen_010from50gen_sim_625.txt",30,69.8101,12.8290333333333,6.14279192133656,5.7790855806326,7.49725011018265,11.8285859613428,2.1653102454439,0.183770447733685
"GT_spanishjapanese_020from75gen_014from50gen_sim_514.txt",34,74.4277647058824,13.4516176470588,6.15994009087709,5.41480242582667,7.54067377283725,13.6106315311222,2.18147386613915,0.180733865919739
"GT_spanishjapanese_020from75gen_016from20gen_sim_857.txt",36,53.1305833333333,10.8861111111111,5.29987436653416,5.32388487499045,6.95523671452024,9.37804878048781,1.95186236851048,0.204893498774769
"GT_spanishjapanese_020from75gen_019from50gen_015from20gen_sim_1216.txt",54,55.8069259259259,9.54235185185185,6.29709242574345,6.19877129364649,7.45882509739814,11.8467201261996,1.80370329710326,0.170988666613131
"GT_spanishjapanese_020from75gen_sim_187.txt",20,79.75795,12.82455,6.6736796330938,6.57765518972264,7.46639444065731,11.8285859613428,2.03084014639991,0.160793375456616
"GT_spanishjapanese_020from75gen_sim_342.txt",20,79.0363,12.66465,6.60481221232802,6.52531057210691,7.39827029776598,12.8627423234753,2.16449977472377,0.160238396787299
"GT_spanishjapanese_021from20gen_003from75gen_005from50gen_sim_1005.txt",29,34.9775172413793,5.014,6.87252885421169,6.96383913484285,8.60425280567041,11.7755392755393,2.33833265954607,0.143349225315178
"GT_spanishjapanese_021from20gen_006from50gen_005from75gen_sim_1444.txt",32,40.12715625,6.759,6.27731991109554,6.35927165613968,7.45831039130974,11.0180338333865,1.89975907238279,0.16843954647297
"GT_spanishjapanese_021from20gen_010from75gen_023from50gen_sim_1366.txt",54,44.3784074074074,8.11611111111111,5.92474154633268,6.06054311974253,6.9453314384787,9.98009950248756,1.7519837588194,0.182884235493237
"GT_spanishjapanese_021from20gen_018from75gen_sim_796.txt",39,48.9329743589744,9.16164102564103,5.7514081412214,5.47154859083596,7.29290594797833,10.0597510373444,2.18440822639757,0.18722836994193
"GT_spanishjapanese_021from20gen_023from75gen_018from50gen_sim_1485.txt",62,54.6731612903226,9.41985483870968,6.20164972862134,5.89810092599586,7.67221141083282,11.8262169086251,1.93187928212216,0.172293948555286
"GT_spanishjapanese_021from20gen_025from75gen_sim_949.txt",46,55.362652173913,9.836,5.88795423448333,5.54308174811005,6.70629386862765,12.8627423234753,2.00075849277591,0.177664898876263
"GT_spanishjapanese_021from20gen_037from50gen_025from75gen_sim_1304.txt",83,53.3397951807229,9.00196385542169,6.24241309577903,6.16100365917407,7.2293533993439,12.8627423234753,1.86682674912802,0.168766374616208
"GT_spanishjapanese_021from20gen_sim_022.txt",21,19.4507142857143,3.86566666666667,5.42925220409733,5.76031781063783,6.73411270983213,8.67027027027027,2.12794153771878,0.198741630249838
"GT_spanishjapanese_021from20gen_sim_156.txt",21,20.0260476190476,3.79738095238095,6.02987883012166,6.02059925093633,7.47811191473163,13.7001146788991,2.97935999846882,0.189622087424236
"GT_spanishjapanese_021from20gen_sim_270.txt",21,21.9484761904762,3.92766666666667,5.95745651489063,6.04374838208646,6.93339799547365,9.70473295701259,1.95515375139497,0.178949400978048
"GT_spanishjapanese_021from20gen_sim_325.txt",21,21.9635714285714,4.03904761904762,5.82547342547532,5.96809895833333,6.87391841779975,9.63313096270598,1.75061542675942,0.183897579325073
"GT_spanishjapanese_021from50gen_002from20gen_sim_636.txt",23,50.9815217391304,7.77613043478261,6.86272860720584,6.46003227541689,7.85101394109837,11.8262169086251,1.82892747818124,0.152528409696608
"GT_spanishjapanese_021from50gen_006from20gen_014from75gen_sim_1398.txt",41,56.6977073170732,10.1720731707317,6.00239217681488,5.73367952522255,7.40161104718067,11.7755392755393,2.15777558897992,0.179408897679865
"GT_spanishjapanese_021from50gen_008from20gen_016from75gen_sim_1380.txt",45,55.3581555555556,9.54555555555556,6.13781062232765,6.28313090418354,7.1895934085617,10.0465838509317,1.91258931337599,0.172432687826385
"GT_spanishjapanese_021from50gen_019from20gen_sim_863.txt",40,38.078425,6.498925,6.07849875713117,6.0321738165114,7.9842851648605,10.243879472693,2.30160020719978,0.170672106317423
"GT_spanishjapanese_021from50gen_019from75gen_sim_932.txt",40,65.90905,11.840975,6.1399362837264,5.99793627335122,7.19590172084403,11.4126544917912,1.80049747841433,0.17965628392459
"GT_spanishjapanese_021from50gen_025from75gen_sim_821.txt",46,68.7887608695652,11.2632391304348,6.61742075403389,6.63096399747921,7.94889637830475,11.6125806451613,1.92062077530624,0.163736619006581
"GT_spanishjapanese_021from50gen_035from75gen_sim_853.txt",56,70.1792142857143,12.2452678571429,6.17174455913203,5.79358891921989,7.1816195494449,11.8285859613428,1.8158437669242,0.174485679011592
"GT_spanishjapanese_021from50gen_035from75gen_sim_967.txt",56,71.0421607142857,12.9036964285714,6.07812459997834,5.79239775304984,6.90430692811866,11.7755392755393,1.98947909516827,0.181634346405467
"GT_spanishjapanese_021from50gen_046from20gen_sim_818.txt",67,32.6118358208955,5.70325373134328,5.99137187264019,5.94768574343753,6.90678322438307,12.0425273390036,2.18216401904888,0.174882940128412
"GT_spanishjapanese_021from50gen_053from75gen_sim_699.txt",74,70.5882162162162,12.6224594594595,6.12311230467583,5.78590168863798,7.46631027321476,11.6125806451613,2.00240115726554,0.178818224004925
"GT_spanishjapanese_021from50gen_sim_331.txt",21,56.5397142857143,9.28095238095238,6.64156482589019,6.15346130283847,7.46839666357739,13.3470899470899,2.40269374697418,0.164149262128432
"GT_spanishjapanese_021from50gen_sim_447.txt",21,53.2945238095238,9.16228571428571,6.2140573250917,5.89178425125171,7.03606658446362,11.4126544917912,1.70659776834056,0.171917958157052
"GT_spanishjapanese_021from75gen_002from20gen_002from50gen_sim_1330.txt",25,72.66276,13.0528,6.05230487988471,5.60354156419085,6.80322345656529,12.0015192240271,2.27923089598396,0.179635345533255
"GT_spanishjapanese_021from75gen_002from50gen_sim_568.txt",23,72.3007391304348,13.3329565217391,5.93312372097254,6.23935723707879,7.39560167279909,8.12311959884775,1.81567763055844,0.184409684909109
"GT_spanishjapanese_021from75gen_015from50gen_sim_708.txt",36,70.9258055555556,11.8286944444444,6.7170852053002,6.35539938085647,8.01091087105776,11.8467201261996,2.20171099699432,0.166775609410303
"GT_spanishjapanese_021from75gen_016from20gen_009from50gen_sim_1201.txt",46,54.6117826086957,9.67845652173913,5.91721094682358,5.97063814166837,6.79137246021532,12.8627423234753,2.04638141813015,0.177222863994153
"GT_spanishjapanese_021from75gen_017from20gen_007from50gen_sim_1117.txt",45,54.0019555555556,9.43988888888889,6.21398884213573,6.04133724870115,7.16601009820785,13.6106315311222,2.54390412466598,0.174806426763146
"GT_spanishjapanese_021from75gen_018from50gen_sim_536.txt",39,71.432717948718,11.5142820512821,6.67014961201311,6.35634651911801,7.56364722715165,13.6106315311222,1.94070148970913,0.161190591397464
"GT_spanishjapanese_021from75gen_037from50gen_055from20gen_sim_1150.txt",113,43.3785309734513,7.84090265486726,6.03411910455332,5.91786342321219,7.31707317073171,13.7001146788991,2.10238534679178,0.180755375502828
"GT_spanishjapanese_021from75gen_043from50gen_sim_682.txt",64,59.631609375,11.267671875,6.31776521827536,6.11762371897817,7.50964107247513,13.6106315311222,2.35400093137338,0.188954683482413
"GT_spanishjapanese_021from75gen_094from50gen_sim_601.txt",115,59.1920608695652,9.95726956521739,6.56674671037183,6.16,7.8370909810205,13.3470899470899,2.1749900234668,0.168219680459498
"GT_spanishjapanese_021from75gen_sim_092.txt",21,78.9430476190476,14.5095714285714,5.86532317380041,5.79656160458453,6.89273810726189,10.0588044885628,1.92597369832336,0.183797964053652
"GT_spanishjapanese_021from75gen_sim_115.txt",21,77.4208571428571,14.0982857142857,6.02932672560561,5.60354156419085,7.21482665769101,9.87967865619865,1.99980333625254,0.182099323548841
"GT_spanishjapanese_021from75gen_sim_259.txt",21,85.2615238095238,14.6150476190476,6.244639690555,5.63249411338526,7.22844790315607,10.0588044885628,1.89900026511829,0.171414337511701
"GT_spanishjapanese_022from20gen_003from75gen_008from50gen_sim_1244.txt",33,34.5504848484848,5.52845454545455,6.66753919123408,6.76644493717664,7.80557398805574,13.7001146788991,2.12507111771153,0.160010910691952
"GT_spanishjapanese_022from20gen_004from50gen_007from75gen_sim_1314.txt",33,38.6154242424242,6.67360606060606,6.03759431340474,6.13312693498452,6.94542483660131,10.5448888888889,2.04763618622296,0.172822290355008
"GT_spanishjapanese_022from20gen_015from75gen_sim_658.txt",37,43.59,8.73032432432433,5.78852481193749,5.34595300261097,6.8801684532925,13.7001146788991,2.25471924284961,0.200282732836071
"GT_spanishjapanese_022from20gen_023from75gen_019from50gen_sim_1090.txt",64,50.643203125,8.682640625,5.96599833567526,5.87397635813869,7.52134361035311,11.2544002903284,2.17378456346486,0.171447303670131
"GT_spanishjapanese_022from20gen_034from50gen_sim_828.txt",56,40.6761071428571,7.03455357142857,5.93802075043481,5.72038019794476,6.97910476742801,11.6125806451613,1.94407233813766,0.172940678583689
"GT_spanishjapanese_022from20gen_041from75gen_sim_588.txt",63,61.3343492063492,10.6605238095238,6.18005221765072,6.18655851680185,7.37670543414155,9.37804878048781,1.7157595289323,0.173810009358023
"GT_spanishjapanese_022from20gen_049from50gen_sim_901.txt",71,43.7890704225352,7.2292676056338,6.21341807614104,6.11155644622579,6.99548052695822,11.4126544917912,1.90412206689308,0.165092968082588
"GT_spanishjapanese_022from20gen_sim_166.txt",22,20.5892272727273,4.20181818181818,5.25290903593132,4.97036082797577,6.57783227326249,10.0597510373444,2.08919472741365,0.204078478816151
"GT_spanishjapanese_022from20gen_sim_379.txt",22,21.4764545454545,3.8155,6.05777263482734,6.11778513658394,7.77846154126315,8.51900972590628,1.94665693270111,0.177659678040645
"GT_spanishjapanese_022from50gen_002from20gen_008from75gen_sim_1208.txt",32,57.435375,10.02471875,6.05932540176932,5.73007392368217,6.93133508905512,10.2073810733029,1.81458305548573,0.174539101555444
"GT_spanishjapanese_022from50gen_004from75gen_016from20gen_sim_1206.txt",42,45.284619047619,7.72633333333333,6.13308953891605,5.98999482733254,7.54612952430584,10.5448888888889,1.93008873392511,0.170617165294218
"GT_spanishjapanese_022from50gen_005from20gen_017from75gen_sim_1385.txt",44,55.4246590909091,9.60493181818182,6.0583898715208,5.86551588131505,6.75001550069476,11.7755392755393,1.85853727705032,0.173297084289279
"GT_spanishjapanese_022from50gen_sim_408.txt",22,57.0964090909091,8.66472727272727,6.95324138056664,6.66506721189348,7.44530008421232,13.3470899470899,2.10036677408385,0.151756080823424
"GT_spanishjapanese_022from75gen_003from50gen_004from20gen_sim_1185.txt",29,67.4596896551724,11.6687586206897,6.44047360408639,6.65227887215141,8.02482120319731,12.8627423234753,2.35121515866262,0.172973796356547
"GT_spanishjapanese_022from75gen_016from20gen_sim_903.txt",38,53.8605263157895,10.4618947368421,5.63847405601317,5.26129681159574,6.67836176624589,13.7001146788991,1.92959381256714,0.19424048468266
"GT_spanishjapanese_022from75gen_019from20gen_030from50gen_sim_1106.txt",71,49.6334507042254,10.2487042253521,5.64401865701729,5.70576816417083,6.44111291190199,11.8285859613428,2.15651372150071,0.206487843983002
"GT_spanishjapanese_022from75gen_020from20gen_026from50gen_sim_1499.txt",68,49.1644705882353,9.86752941176471,5.99126515564488,6.16876778764491,7.47755924007583,11.6125806451613,2.30836799761673,0.200704478126241
"GT_spanishjapanese_022from75gen_022from50gen_025from20gen_sim_1248.txt",69,44.8985797101449,9.9175652173913,5.63820152969643,5.77979274611399,7.02755905511811,10.243879472693,2.09101678788344,0.220888172441464
"GT_spanishjapanese_022from75gen_025from20gen_sim_642.txt",47,47.3293191489362,8.65870212765958,5.95534058283433,5.76031781063783,7.1658095310686,10.2322111706197,1.86634945836261,0.182945841676115
"GT_spanishjapanese_022from75gen_026from50gen_sim_895.txt",48,62.6054791666667,12.3443125,6.09381101783924,6.28050809203648,7.24614117769043,10.0465838509317,2.05551250217775,0.197176232245381
"GT_spanishjapanese_022from75gen_028from20gen_sim_567.txt",50,46.73208,8.22122,6.36809531881538,6.44093753431967,8.10951688366603,13.7001146788991,2.33230951682902,0.175922407048862
"GT_spanishjapanese_022from75gen_051from50gen_sim_886.txt",73,62.254698630137,10.2164794520548,6.51368385388196,6.26078697421981,7.85322119961917,11.7755392755393,1.75562170060057,0.164107764985775
"GT_spanishjapanese_022from75gen_070from20gen_sim_803.txt",92,35.2319565217391,6.07519565217391,5.94372266679312,5.87199041140543,7.17306288411426,10.6051045728465,1.8187448992382,0.172434240159934
"GT_spanishjapanese_022from75gen_sim_242.txt",22,82.1705454545454,13.9455909090909,6.43326618951616,6.10262691531935,7.68644760148929,11.8285859613428,1.94519021293715,0.169715204297935
"GT_spanishjapanese_023from20gen_010from75gen_002from50gen_sim_1091.txt",35,40.6669428571429,7.33311428571429,6.00427214766536,6.0021023125438,7.63490731440298,10.0588044885628,2.13349542691411,0.180321257771317
"GT_spanishjapanese_023from20gen_013from50gen_sim_695.txt",36,31.2739166666667,5.32416666666667,5.97611066743989,5.95998406026697,6.72266292358142,11.8262169086251,1.840491527232,0.170243040659549
"GT_spanishjapanese_023from20gen_014from75gen_sim_645.txt",37,43.6849459459459,7.73340540540541,5.72698194459098,5.49303057553957,6.60561423012785,9.66846424384525,1.50131878357852,0.177026782062966
"GT_spanishjapanese_023from20gen_024from75gen_sim_724.txt",47,53.4492765957447,10.7737872340426,5.60012693336125,5.59517426273458,7.01029017405542,10.5448888888889,2.0762682569157,0.201570309651306
"GT_spanishjapanese_023from20gen_048from50gen_sim_555.txt",71,43.951676056338,6.93543661971831,6.64681637376612,6.4132802124834,8.0471901003342,11.8262169086251,2.23439785070364,0.157796863328451
"GT_spanishjapanese_023from20gen_sim_065.txt",23,20.3813043478261,3.76595652173913,5.91267798084308,6.21931315878953,7.44465596635845,10.6051045728465,2.25810143369671,0.184775049597884
"GT_spanishjapanese_023from20gen_sim_336.txt",23,21.2451304347826,3.86926086956522,5.85925064546864,6.13312693498452,7.21129075062693,9.49039780521262,1.95373274531017,0.18212459939669
"GT_spanishjapanese_023from50gen_013from75gen_sim_867.txt",36,63.8359444444444,10.5399166666667,6.63976320669313,6.23427982629444,8.29828126456403,12.0015192240271,2.23012843153578,0.165109434165878
"GT_spanishjapanese_023from50gen_019from75gen_sim_591.txt",42,66.721119047619,12.6110952380952,5.95174225977272,5.98446039737671,7.45460773533678,9.63152955896153,2.01367180515949,0.189012046232238
"GT_spanishjapanese_023from50gen_037from20gen_sim_999.txt",60,34.4025833333333,5.64545,6.42054391120141,6.49927455006988,7.46546758018805,12.0425273390036,2.05286846533934,0.164099595233885
"GT_spanishjapanese_023from50gen_039from20gen_sim_929.txt",62,33.6801129032258,5.83653225806452,5.92864044939915,6.0813780868808,6.94248978108972,13.3470899470899,2.03304600665043,0.17329313220638
"GT_spanishjapanese_023from50gen_066from20gen_sim_677.txt",89,30.0793820224719,5.02550561797753,6.17968934525138,6.3409375,7.34846461949266,10.2073810733029,1.7734034906788,0.167074762846625
"GT_spanishjapanese_023from75gen_030from50gen_sim_736.txt",53,64.4532075471698,10.7233396226415,6.41885494752811,6.0878909998081,7.1895934085617,12.8627423234753,1.9209148983172,0.166374025913197
"GT_spanishjapanese_023from75gen_sim_183.txt",23,76.9403043478261,15.0746956521739,5.53722685125846,5.24291433146517,5.74455418029968,11.8467201261996,2.1073224674217,0.195927164312027
"GT_spanishjapanese_023from75gen_sim_283.txt",23,77.8429130434783,13.7472173913043,6.19256694511409,6.02865618510828,7.48527564882161,9.83995229576625,1.82342375965033,0.176602041904907
"GT_spanishjapanese_023from75gen_sim_399.txt",23,79.0900869565217,15.7822173913043,5.32074219748223,5.17473158929382,6.29121187573796,8.12213255961556,1.55604140592053,0.199547351616649
"GT_spanishjapanese_023from75gen_sim_460.txt",23,78.9882173913043,13.7912608695652,6.30970761208804,5.8485161085542,6.71918969761747,12.0015192240271,2.4021774652123,0.174598963301626
"GT_spanishjapanese_024from20gen_003from50gen_042from75gen_sim_1038.txt",69,57.7743333333333,10.0864927536232,6.02550984293365,5.89374612149211,7.34323696062763,11.2544002903284,1.959277168397,0.17458432095492
"GT_spanishjapanese_024from20gen_003from50gen_sim_734.txt",27,24.2641851851852,4.4417037037037,5.82161877518912,6.04374838208646,7.35074599135213,8.61699507389163,1.75915275918255,0.183055959629571
"GT_spanishjapanese_024from20gen_013from75gen_003from50gen_sim_1144.txt",40,44.773025,7.61675,6.19121540961995,6.54720853412283,7.47973653620027,10.2322111706197,2.01031050525272,0.170119173319203
"GT_spanishjapanese_024from20gen_018from75gen_028from50gen_sim_1204.txt",70,50.4271857142857,8.84064285714286,6.19113416633527,6.06093909241955,7.08490950975515,13.7001146788991,1.94368316206741,0.175315015738393
"GT_spanishjapanese_024from20gen_030from75gen_sim_518.txt",54,53.9147037037037,10.2204074074074,5.64372235327651,5.52771679519608,6.89550296975468,12.8627423234753,2.24350238794458,0.189566235281106
"GT_spanishjapanese_024from20gen_032from50gen_021from75gen_sim_1264.txt",77,50.5994025974026,8.81042857142857,6.3257505373881,6.0560805769709,7.6182404560114,13.3470899470899,2.16678625867129,0.174121197468067
"GT_spanishjapanese_024from20gen_040from50gen_013from75gen_sim_1192.txt",77,48.3127402597403,8.2717012987013,6.33689356135473,6.08247863247863,7.64486426416892,13.7001146788991,2.36809201175006,0.171211594586247
"GT_spanishjapanese_024from20gen_041from50gen_016from75gen_sim_1032.txt",81,47.1468641975309,8.9379012345679,6.17075509342568,6.3316937761761,7.85322119961917,13.6106315311222,2.32336799990679,0.189575730787118
"GT_spanishjapanese_024from20gen_043from50gen_sim_970.txt",67,40.031223880597,7.98114925373134,6.05629542601112,6.18407427245135,7.50847951811425,10.2322111706197,2.32911207294425,0.199373101295556
"GT_spanishjapanese_024from20gen_062from50gen_sim_855.txt",86,45.1931395348837,7.27908139534884,6.40053044239944,6.2702598337942,7.44985753841001,13.6106315311222,1.99174324300782,0.161066070431559
"GT_spanishjapanese_024from20gen_082from75gen_sim_546.txt",106,66.7403301886792,12.5275943396226,5.83810852686929,5.65899981597729,7.31710842937533,12.0015192240271,2.079559862987,0.187706508256796
"GT_spanishjapanese_024from20gen_sim_216.txt",24,21.3659583333333,4.38833333333333,5.39484678269913,4.98142371709257,6.64863692940003,9.4710547184774,1.95702433479716,0.205389024207121
"GT_spanishjapanese_024from20gen_sim_364.txt",24,20.3904583333333,3.973,5.44837332224306,4.74405581659731,6.2212509233303,10.5448888888889,1.96343368215399,0.194846037055731
"GT_spanishjapanese_024from50gen_005from20gen_004from75gen_sim_1478.txt",33,52.5503333333333,8.94175757575758,6.19439232892774,5.92071973827699,7.4308768154922,9.57108350586611,1.58040877853565,0.170156058174529
"GT_spanishjapanese_024from50gen_008from20gen_sim_507.txt",32,44.27365625,8.08171875,5.84512109790215,5.99938034647824,6.66357344064386,11.7755392755393,1.98744637937849,0.182540125088494
"GT_spanishjapanese_024from50gen_010from20gen_009from75gen_sim_1227.txt",43,48.5249534883721,10.3285813953488,5.83492992726358,5.91002570694087,7.02452249530044,11.2544002903284,2.09572198654795,0.212850928292468
"GT_spanishjapanese_024from50gen_013from20gen_019from75gen_sim_1220.txt",56,54.7347321428571,9.31673214285714,6.4223716767413,6.38910141373268,7.43551027002091,11.8285859613428,1.91795286744737,0.170216090919027
"GT_spanishjapanese_024from50gen_024from20gen_007from75gen_sim_1241.txt",55,37.2145636363636,8.22185454545455,5.60968191747964,5.48883601756955,6.63621193737037,10.4146841673503,2.40636405520602,0.220931101753419
"GT_spanishjapanese_024from50gen_031from75gen_sim_815.txt",55,66.9575636363636,11.2884,6.30750106525473,6.15346130283847,7.37148218347522,10.9164753664136,1.82546631071056,0.168590363611579
"GT_spanishjapanese_024from50gen_036from20gen_010from75gen_sim_1254.txt",70,40.1254714285714,7.1414,5.89316951458805,5.95979075941408,7.38614228797634,11.7755392755393,2.15356871230437,0.177976725151071
"GT_spanishjapanese_024from50gen_036from20gen_sim_575.txt",60,36.58505,6.29325,6.44632771410873,6.42601497111125,7.95949508301634,10.5448888888889,1.94307775914746,0.172016985079971
"GT_spanishjapanese_024from50gen_039from75gen_sim_554.txt",63,68.5518571428571,11.3177777777778,6.54961166318046,6.28739040742651,7.92494585400346,11.0180338333865,1.92665267170066,0.165098047660362
"GT_spanishjapanese_024from50gen_039from75gen_sim_851.txt",63,69.4551428571429,12.2618888888889,6.26699843391432,6.05780735865989,7.51773621000162,11.7755392755393,2.17284726553263,0.176544002135442
"GT_spanishjapanese_024from50gen_053from20gen_sim_754.txt",77,30.9096233766234,5.60284415584416,5.72818538723038,5.76031781063783,6.83004834510971,13.6106315311222,2.09500837279879,0.181265364756321
"GT_spanishjapanese_024from50gen_sim_276.txt",24,55.31975,9.25075,6.18646413190391,6.18092018186375,6.48486716916663,11.7236090716267,1.48826660639621,0.167223279208601
"GT_spanishjapanese_024from75gen_008from50gen_007from20gen_sim_1401.txt",39,64.1002307692308,10.9898461538462,6.3837479318074,6.04474164133739,7.64629129678544,12.8627423234753,2.30714321126507,0.171447840701402
"GT_spanishjapanese_024from75gen_013from20gen_sim_635.txt",37,58.9209189189189,10.0737297297297,6.32872410761893,6.1120020693223,7.38402235713597,10.5448888888889,1.74153148115211,0.170970343208533
"GT_spanishjapanese_024from75gen_014from20gen_012from50gen_sim_1077.txt",50,56.93618,10.2409,6.0913546273345,5.82786058792714,7.24603351991942,12.8627423234753,2.0507851358026,0.179866299425076
"GT_spanishjapanese_024from75gen_017from20gen_031from50gen_sim_1458.txt",72,55.4743472222222,10.1307916666667,5.77203601017241,5.75497046310786,6.59074390959181,13.3470899470899,1.70616192262677,0.182621196534034
"GT_spanishjapanese_024from75gen_020from20gen_sim_878.txt",44,52.1044772727273,8.4625,6.11744217307847,6.02207456377746,7.54522548073933,11.8467201261996,2.21807788182969,0.162414065795253
"GT_spanishjapanese_024from75gen_sim_139.txt",24,76.8825416666667,12.9472083333333,6.48665811804265,6.24075440842315,7.66672377532109,11.8285859613428,2.22560980819826,0.168402449407402
"GT_spanishjapanese_024from75gen_sim_333.txt",24,75.9200416666667,14.2180416666667,5.68066411817607,5.52075980721154,6.55543292292873,9.06689888331114,1.50844317717521,0.187276526125897
"GT_spanishjapanese_024from75gen_sim_419.txt",24,79.3519583333333,13.9645416666667,6.07031179759228,5.64383380651747,6.90929266298568,10.0355921469284,1.90384667909901,0.175982319276934
"GT_spanishjapanese_024from75gen_sim_427.txt",24,75.0032083333333,14.512,5.5256926452545,5.14905771501791,7.17100632601649,9.41156032849021,1.66617794991077,0.193485056472584
"GT_spanishjapanese_025from20gen_003from75gen_004from50gen_sim_1223.txt",32,29.43625,5.1511875,6.06330973039433,6.56145754284591,7.28666600764136,9.70473295701259,1.95886534216767,0.174994691918977
"GT_spanishjapanese_025from20gen_012from50gen_sim_892.txt",37,32.1234324324324,5.41910810810811,5.92748973073303,6.16235211432587,6.93339799547365,9.57108350586611,1.60807448707806,0.16869642182561
"GT_spanishjapanese_025from20gen_015from75gen_sim_969.txt",40,42.243275,7.417025,5.90065386980348,5.84711886119174,6.94097619101179,10.0597510373444,1.62276113356633,0.1755788347376
"GT_spanishjapanese_025from20gen_032from50gen_sim_700.txt",57,40.8060175438596,6.35963157894737,6.60901880944086,6.46894767107533,7.71049510821227,11.6125806451613,1.96271927490799,0.155850336831126
"GT_spanishjapanese_025from20gen_036from50gen_sim_717.txt",61,41.3451639344262,7.09440983606557,5.99794153340788,5.70576816417083,7.26136974518869,11.2544002903284,1.98736768263878,0.171589834480216
"GT_spanishjapanese_025from20gen_036from75gen_sim_984.txt",61,55.0386393442623,10.1719508196721,5.90737695425939,5.8194792786337,7.04250102165917,11.8285859613428,2.02452439743235,0.184814721818383
"GT_spanishjapanese_025from20gen_041from75gen_008from50gen_sim_1298.txt",74,58.1518243243243,10.2708513513514,6.21745236557453,6.26124407063116,7.39295779967151,11.8285859613428,1.90793095343775,0.176621309317293
"GT_spanishjapanese_025from20gen_054from75gen_sim_659.txt",79,61.527,10.7134683544304,5.88585176336896,5.63466225626741,7.10438497407411,11.131637005442,1.63124070939751,0.174126291781338
"GT_spanishjapanese_025from20gen_sim_188.txt",25,21.22276,4.2122,5.36474494642576,5.1093489148581,6.73411270983213,8.54789505796217,2.02477650848529,0.198475598838228
"GT_spanishjapanese_025from20gen_sim_482.txt",25,19.99972,4.2038,5.25900812726006,4.96685878962536,5.84244372990354,12.0425273390036,2.31449275324212,0.210192942701198
"GT_spanishjapanese_025from50gen_004from75gen_sim_787.txt",29,51.9685172413793,11.2153793103448,6.25803388882274,6.50787356972924,7.64329311568488,11.2544002903284,2.34930879134637,0.215811031479934
"GT_spanishjapanese_025from50gen_007from20gen_022from75gen_sim_1110.txt",54,57.7068703703704,10.6594074074074,5.9130781609733,5.7511471927337,7.03276078959358,10.4146841673503,1.69238799340559,0.184716435651317
"GT_spanishjapanese_025from50gen_018from75gen_023from20gen_sim_1172.txt",66,50.9445606060606,8.2905,6.37478254844233,6.11170330368491,7.77720871310105,13.6106315311222,2.06036849195759,0.162735724901192
"GT_spanishjapanese_025from50gen_037from75gen_056from20gen_sim_1170.txt",118,45.216093220339,8.60414406779661,5.96019554539572,5.8689542220801,7.16555446128725,13.7001146788991,2.17224299044538,0.190289418103161
"GT_spanishjapanese_025from50gen_041from20gen_sim_835.txt",66,33.8947575757576,5.65557575757576,6.17431912664654,6.47938382750561,7.39023434848564,10.0465838509317,1.86961237277038,0.166856946680769
"GT_spanishjapanese_025from50gen_sim_354.txt",25,55.2506,8.67376,6.77810870551466,6.16235211432587,7.27741303282705,13.6106315311222,2.22570886591817,0.156989426359171
"GT_spanishjapanese_025from75gen_007from50gen_006from20gen_sim_1133.txt",38,68.6401578947368,11.1078947368421,6.81127509592852,6.72164498006796,8.53440095393239,10.0588044885628,2.00306292650678,0.161827931017825
"GT_spanishjapanese_025from75gen_014from20gen_033from50gen_sim_1286.txt",72,55.2571805555556,9.27272222222222,6.49452783421686,6.23113560213773,7.63459615123401,11.8262169086251,1.83591490268188,0.167810266991444
"GT_spanishjapanese_025from75gen_043from50gen_sim_578.txt",68,61.6901617647059,11.4856617647059,6.37780897060035,6.12998812226586,7.66096433721234,11.4126544917912,2.30215883467012,0.18618303852912
"GT_spanishjapanese_025from75gen_sim_073.txt",25,79.36332,14.25416,5.87606197734402,5.49303057553957,6.68600760456274,9.83995229576625,1.76776151752909,0.17960639751462
"GT_spanishjapanese_025from75gen_sim_077.txt",25,81.03152,14.01544,5.95261756522155,5.76937038427838,6.6675771647091,9.1163936445375,1.24643596000124,0.172962817432031
"GT_spanishjapanese_025from75gen_sim_082.txt",25,76.61788,13.2808,6.52203503505849,6.80322345656529,7.6182404560114,12.8627423234753,2.47975915242433,0.173338129428797
"GT_spanishjapanese_025from75gen_sim_088.txt",25,81.73588,15.16632,5.98027133848844,5.60093719295594,7.23581057112451,11.8467201261996,2.26627993896481,0.18555278293939
"GT_spanishjapanese_025from75gen_sim_222.txt",25,78.00816,14.23748,6.18817969075311,5.61026023312551,7.79706774519717,11.131637005442,2.27754162051887,0.182512701235358
"GT_spanishjapanese_026from20gen_005from50gen_039from75gen_sim_1218.txt",70,54.3678142857143,10.1135571428571,5.85449835385382,5.85748380782959,7.20842683645797,11.131637005442,2.01719421176827,0.186021036080433
"GT_spanishjapanese_026from20gen_012from75gen_007from50gen_sim_1410.txt",45,42.3642,6.99393333333333,6.59973251242476,6.67038739330269,8.02482120319731,10.6051045728465,1.89370868986603,0.165090650439129
"GT_spanishjapanese_026from20gen_016from50gen_sim_957.txt",42,34.3233095238095,5.59759523809524,6.32595332993945,6.22367274551083,7.39561146671653,11.2544002903284,1.75158410673063,0.163084367904915
"GT_spanishjapanese_026from20gen_017from75gen_009from50gen_sim_1261.txt",52,46.8713269230769,6.95596153846154,6.63291733289572,6.71323507862423,7.98414676317223,12.8627423234753,2.50020071434257,0.148405475054661
"GT_spanishjapanese_026from20gen_020from50gen_sim_611.txt",46,35.6384782608696,5.9669347826087,6.26184765308912,6.18629004006063,7.58148647559537,13.7001146788991,2.01750634982364,0.167429561355887
"GT_spanishjapanese_026from20gen_039from50gen_sim_656.txt",65,39.8967692307692,6.75592307692308,6.06863478438635,6.1864406779661,7.13079229950663,10.2073810733029,1.87980548093233,0.169335091717471
"GT_spanishjapanese_026from20gen_sim_396.txt",26,21.8322307692308,4.05530769230769,5.91196048888529,6.41789515450721,7.49867074468943,8.60425280567041,2.17963721705681,0.185748663761059
"GT_spanishjapanese_026from20gen_sim_398.txt",26,21.9358461538462,4.25411538461538,5.44554037581301,5.19475266179752,6.45713349152533,8.56528189910979,1.8063698200483,0.193934410133045
"GT_spanishjapanese_026from50gen_004from75gen_sim_994.txt",30,59.7803,9.61956666666667,6.37166061513358,6.20139579033141,7.56913532129243,9.84266489450075,1.59836239747256,0.160915329408964
"GT_spanishjapanese_026from50gen_009from75gen_025from20gen_sim_1079.txt",60,42.9407166666667,7.44591666666667,5.99217514209258,5.74281915191266,6.78694074152443,10.2073810733029,1.93834354101244,0.173399916085859
"GT_spanishjapanese_026from50gen_015from75gen_011from20gen_sim_1496.txt",52,54.3783076923077,8.46990384615385,6.75124268156003,6.82438555409724,7.85169040092748,11.4126544917912,2.13355817614146,0.155758871608871
"GT_spanishjapanese_026from50gen_022from20gen_002from75gen_sim_1296.txt",50,41.35548,6.61836,6.51736690753977,6.44743723375329,7.66158904854596,11.7755392755393,1.85608539332804,0.160035864654454
"GT_spanishjapanese_026from50gen_022from20gen_sim_1000.txt",48,39.2342708333333,6.5278125,6.06629267351256,6.15307549985768,7.27572029715376,9.37804878048781,1.83270114024749,0.166380370052755
"GT_spanishjapanese_026from50gen_024from20gen_009from75gen_sim_1469.txt",59,43.8643389830508,7.58091525423729,6.26510416726453,6.16625,7.51385772420854,12.0425273390036,2.13717851200296,0.172826387676024
"GT_spanishjapanese_026from50gen_024from20gen_018from75gen_sim_1400.txt",68,50.9867352941177,8.87632352941177,6.20331729184197,6.03096824981874,7.10443546239079,12.0425273390036,1.72956763689897,0.174090839082137
"GT_spanishjapanese_026from50gen_024from20gen_sim_582.txt",50,39.1231,6.91048,5.90634125724824,5.79118677967672,7.12531896506408,9.85142558200366,1.76100610963497,0.176634264667166
"GT_spanishjapanese_026from50gen_sim_350.txt",26,51.5489230769231,8.58915384615385,6.36371008531705,6.134460509666,6.8142093373248,13.6106315311222,2.1223743614163,0.166621402222832
"GT_spanishjapanese_026from50gen_sim_359.txt",26,52.1558076923077,8.57492307692308,6.52086072351271,6.4333472226547,7.36867210805433,11.7755392755393,1.97462718283187,0.164409745651159
"GT_spanishjapanese_026from75gen_002from20gen_003from50gen_sim_1230.txt",31,75.9939032258064,13.3138387096774,5.96294609391988,5.79656160458453,6.75640981330363,9.65002888503755,1.39897987840197,0.17519614264472
"GT_spanishjapanese_026from75gen_003from20gen_sim_563.txt",29,75.5440689655172,12.9571034482759,5.90861880155899,5.86409448818898,6.68600760456274,9.1381181619256,1.44111103609884,0.17151715052826
"GT_spanishjapanese_026from75gen_012from20gen_055from50gen_sim_1210.txt",93,56.7250430107527,9.16951612903226,6.46611266285881,6.27788527988943,7.64486426416892,13.6106315311222,2.02457552907082,0.161648464987397
"GT_spanishjapanese_026from75gen_012from20gen_056from50gen_sim_1015.txt",94,55.6171063829787,10.0587234042553,6.37416414839113,6.13117197866703,7.79146278072886,11.8467201261996,2.17251552063566,0.180856647503217
"GT_spanishjapanese_026from75gen_018from20gen_sim_520.txt",44,57.9434545454545,11.0105227272727,5.92795462606165,5.81609770792665,6.92070625609711,12.0015192240271,2.27712122310363,0.19002185516287
"GT_spanishjapanese_026from75gen_sim_047.txt",26,78.7673846153846,15.9909230769231,5.50425587436265,5.50697868347497,6.84696352096581,9.77053140096618,1.93147074962373,0.203014523777901
"GT_spanishjapanese_026from75gen_sim_059.txt",26,78.7348846153846,14.3597692307692,5.9977100571195,5.60977879274769,7.31453969625974,9.06689888331114,1.80541392213982,0.182381282463496
"GT_spanishjapanese_026from75gen_sim_317.txt",26,76.2080769230769,14.5688846153846,5.52672777970812,5.51298735724567,6.50220227879536,8.58413438197883,1.38100564652785,0.191172447903261
"GT_spanishjapanese_026from75gen_sim_335.txt",26,79.7343076923077,13.7795769230769,6.15981318536853,6.2337075253826,6.98768336218279,9.77053140096618,1.4391115278115,0.17281866892545
"GT_spanishjapanese_027from20gen_009from50gen_sim_800.txt",36,29.6295,5.38286111111111,6.09932039624435,6.42625642802822,7.12458819066735,10.0597510373444,1.99987595412679,0.181672357316563
"GT_spanishjapanese_027from20gen_014from50gen_016from75gen_sim_1453.txt",57,43.5086315789474,7.99952631578947,5.48899047904587,5.32161047780742,6.53262566344052,11.6125806451613,1.98678473565301,0.183860673744109
"GT_spanishjapanese_027from20gen_016from75gen_026from50gen_sim_1055.txt",69,44.1108260869565,7.85547826086956,6.0343377344109,6.0021023125438,6.80669034931912,13.6106315311222,2.11156667534601,0.178085040742241
"GT_spanishjapanese_027from20gen_016from75gen_sim_502.txt",43,42.7398372093023,7.8263488372093,5.69013678592919,5.75489469785162,6.8965669570844,8.56528189910979,1.6504867342986,0.183116018876785
"GT_spanishjapanese_027from20gen_028from75gen_005from50gen_sim_1339.txt",60,49.4241333333333,9.43083333333333,5.67728394601428,5.56483526074471,7.04436644484244,9.77053140096618,2.17628884933304,0.190814339013869
"GT_spanishjapanese_027from20gen_029from50gen_sim_548.txt",56,36.8384107142857,6.1205,6.325036227372,6.34448115613777,7.45588157852118,13.7001146788991,1.97521107184117,0.166144518216865
"GT_spanishjapanese_027from20gen_sim_129.txt",27,21.9122222222222,3.78877777777778,6.07029477031055,6.18655851680185,7.15969075567938,8.86721991701245,1.54560467447704,0.172907053394858
"GT_spanishjapanese_027from20gen_sim_277.txt",27,22.2145185185185,3.86092592592593,6.04224509151422,6.38684953610327,7.18943054451633,10.6051045728465,1.88934800387026,0.173801917998239
"GT_spanishjapanese_027from50gen_007from20gen_005from75gen_sim_1198.txt",39,52.2105128205128,8.5774358974359,6.21354700656675,6.19889380530973,7.60769670006838,11.7236090716267,2.21691794490047,0.164285609048183
"GT_spanishjapanese_027from50gen_012from20gen_sim_508.txt",39,39.5394102564103,8.25538461538462,6.36845512012131,6.20148423005566,7.94904673872273,13.7001146788991,2.62400548367646,0.208788764471929
"GT_spanishjapanese_027from50gen_029from20gen_sim_879.txt",56,37.1520535714286,6.62791071428571,5.88620441469816,6.0618595880146,7.20353151407585,9.89684372594303,1.62197971924959,0.178399578950404
"GT_spanishjapanese_027from50gen_sim_157.txt",27,54.6143703703704,8.83207407407407,6.56687764119836,6.0560805769709,7.28167427916105,11.7755392755393,2.01624710859648,0.161717035538062
"GT_spanishjapanese_027from50gen_sim_167.txt",27,54.4387407407407,8.97318518518519,6.55989762677669,6.54894578313253,7.72595364993825,10.4146841673503,1.876707791752,0.164830873438442
"GT_spanishjapanese_027from75gen_002from20gen_002from50gen_sim_1155.txt",31,73.6104838709677,13.8846129032258,5.94119997840046,5.57970405246343,6.98347426078119,11.8285859613428,2.10279866174259,0.188622763675406
"GT_spanishjapanese_027from75gen_006from50gen_010from20gen_sim_1292.txt",43,62.0400465116279,10.9650697674419,6.26828851419187,5.64059225204516,7.17210026848945,13.6106315311222,2.51974908396136,0.176741804430896
"GT_spanishjapanese_027from75gen_006from50gen_sim_505.txt",33,74.0583333333333,13.4129090909091,6.0779212434825,6.18407427245135,7.02755905511811,10.0588044885628,1.90291403181865,0.1811127591886
"GT_spanishjapanese_027from75gen_007from50gen_067from20gen_sim_1075.txt",101,38.444801980198,7.31113861386139,5.47408455754838,5.54388604674491,6.72988147223955,11.4126544917912,1.97936996007366,0.190172357179188
"GT_spanishjapanese_027from75gen_014from20gen_sim_603.txt",41,59.0484878048781,9.96041463414634,6.26056845385578,5.68751835535977,7.21482665769101,12.0015192240271,1.91148050844945,0.168681959596661
"GT_spanishjapanese_027from75gen_017from20gen_sim_552.txt",44,55.9364318181818,11.3811363636364,5.49537595804681,5.64828955383117,6.66540130819728,9.57108350586611,1.87810397109103,0.203465541038265
"GT_spanishjapanese_027from75gen_019from20gen_027from50gen_sim_1016.txt",73,54.6751369863014,9.98331506849315,5.78345845061294,5.79656160458453,7.22844790315607,9.63152955896153,1.84749004539479,0.182593325207295
"GT_spanishjapanese_027from75gen_029from20gen_sim_560.txt",56,46.9681785714286,8.64689285714286,5.68542543242598,5.60347765140985,7.03790349634792,9.41156032849021,1.92368933445494,0.184101089719559
"GT_spanishjapanese_027from75gen_029from50gen_sim_797.txt",56,62.3303928571429,11.7781607142857,5.76695392739072,5.61008640123171,6.90098946577168,9.98009950248756,1.90492622414681,0.188963364008959
"GT_spanishjapanese_027from75gen_046from20gen_sim_688.txt",73,42.4403561643836,7.80704109589041,5.78376772011843,5.49185924369748,7.40161104718067,10.6051045728465,2.04567574724651,0.183953241712947
"GT_spanishjapanese_027from75gen_sim_351.txt",27,74.1538148148148,13.7988518518519,5.74211590803974,5.63249411338526,6.94516125004851,9.41156032849021,1.69600343744385,0.186084180379821
"GT_spanishjapanese_027from75gen_sim_488.txt",27,77.9111851851852,14.6856666666667,5.50924569207267,5.30238401666973,6.47535403444632,8.11028358636494,1.27976905090229,0.188492404932112
"GT_spanishjapanese_028from20gen_003from50gen_003from75gen_sim_1368.txt",34,29.6328529411765,5.233,5.90477260295898,5.56196515070178,6.94046191776105,10.0597510373444,1.93022165033951,0.176594538851454
"GT_spanishjapanese_028from20gen_026from75gen_047from50gen_sim_1122.txt",101,51.4383168316832,8.83239603960396,6.19775193966987,5.89374612149211,7.49489395129615,13.6106315311222,2.04512327993919,0.171708496382286
"GT_spanishjapanese_028from20gen_sim_080.txt",28,22.4000357142857,3.85082142857143,6.16557126714143,6.5579260933748,7.48933528210844,9.4710547184774,1.78840997607399,0.171911396824941
"GT_spanishjapanese_028from20gen_sim_203.txt",28,20.3706071428571,4.03203571428571,5.52315557701325,5.32547151525031,6.5689529065616,12.0425273390036,2.01906872616382,0.197933998039893
"GT_spanishjapanese_028from20gen_sim_224.txt",28,21.3731071428571,3.66685714285714,6.10177005507486,6.19422299306739,7.54817041299449,9.70473295701259,1.85479865661346,0.171564064988211
"GT_spanishjapanese_028from20gen_sim_478.txt",28,21.8075357142857,4.41392857142857,5.59465920117015,5.35367035829644,6.70504811925606,12.0425273390036,2.03816143057401,0.20240382174576
"GT_spanishjapanese_028from50gen_007from75gen_013from20gen_sim_1197.txt",48,50.2675625,7.82785416666667,6.54383887265532,6.63939927214615,7.78996234487331,11.131637005442,1.7700655803126,0.155723766527702
"GT_spanishjapanese_028from50gen_009from75gen_014from20gen_sim_1080.txt",51,51.0463725490196,9.07625490196078,6.28247552403091,6.16100365917407,7.56909353349052,11.7236090716267,2.17672786158076,0.177804111217597
"GT_spanishjapanese_028from50gen_sim_013.txt",28,53.1928571428571,8.65235714285714,6.57364090311804,6.73464300252171,7.52005067520296,13.6106315311222,2.09331496007108,0.162660131596616
"GT_spanishjapanese_028from50gen_sim_039.txt",28,53.4900714285714,8.82967857142857,6.5543435305382,6.21929178876546,7.4801616048603,13.6106315311222,2.13486847098718,0.165071355031174
"GT_spanishjapanese_028from50gen_sim_100.txt",28,56.1853214285714,9.45946428571429,6.41465250703196,6.36873564990357,7.41015434446299,10.9164753664136,1.86666624526888,0.16836184336402
"GT_spanishjapanese_028from50gen_sim_455.txt",28,52.4905357142857,8.43839285714286,6.77546203704247,7.39202896990718,8.0508071351518,9.89684372594303,2.01618140350874,0.160760273110459
"GT_spanishjapanese_028from75gen_004from50gen_sim_561.txt",32,76.8334375,13.50540625,5.96564714892011,5.56163631751635,6.41566462330935,11.8285859613428,1.80546759577495,0.175775114187752
"GT_spanishjapanese_028from75gen_006from20gen_004from50gen_sim_1229.txt",38,66.6190263157895,13.2976578947368,5.56547778687707,5.49162544881081,6.78253562834683,11.8285859613428,1.99700248607483,0.199607508997548
"GT_spanishjapanese_028from75gen_016from20gen_sim_838.txt",44,54.6428863636364,10.33375,5.63825753344043,5.59812089573393,6.73915057996944,12.0015192240271,2.04997611858536,0.189114277954337
"GT_spanishjapanese_028from75gen_019from20gen_sim_511.txt",47,54.993829787234,10.790170212766,5.72787160330304,5.60216158059468,6.56395421986847,10.6051045728465,2.0335496657151,0.19620692456794
"GT_spanishjapanese_028from75gen_019from20gen_sim_950.txt",47,55.4802553191489,10.2592978723404,5.92065257140022,5.82938758151403,6.98256594692915,11.8285859613428,1.95772396867202,0.184918000346683
"GT_spanishjapanese_028from75gen_033from20gen_sim_794.txt",61,47.0429344262295,9.45203278688525,5.42396838523566,5.44603715816575,6.78976067858225,9.49039780521262,1.67182333337472,0.200923537236128
"GT_spanishjapanese_028from75gen_sim_132.txt",28,77.0578928571429,14.47825,5.96222291032227,5.49252291691571,7.57708784588862,9.66846424384525,2.03851008258036,0.187887956225862
"GT_spanishjapanese_028from75gen_sim_332.txt",28,81.242,15.1337142857143,6.02172303274958,5.82977514457884,7.16636545155882,12.0015192240271,2.17895424410364,0.186279440261371
"GT_spanishjapanese_029from20gen_005from75gen_sim_570.txt",34,30.8412058823529,5.76555882352941,5.91971962226642,5.82397573758516,7.12168214949738,10.2322111706197,1.96547986774561,0.186943365493643
"GT_spanishjapanese_029from20gen_008from75gen_sim_685.txt",37,35.8459189189189,6.50772972972973,6.0056557411347,6.11245491194568,7.24716062736614,9.63313096270598,1.81233006377353,0.181547298158258
"GT_spanishjapanese_029from20gen_012from50gen_017from75gen_sim_1402.txt",58,43.7065,8.30155172413793,5.84045917890655,5.98353962562093,6.74504041792906,11.8467201261996,1.88053886648706,0.189938606938051
"GT_spanishjapanese_029from20gen_027from75gen_sim_889.txt",56,51.4799285714286,8.86810714285714,6.04077943610899,6.04460012849361,7.34409320499949,10.5448888888889,1.78212002694293,0.17226339252885
"GT_spanishjapanese_029from20gen_sim_192.txt",29,21.4075172413793,4.19427586206897,5.58221519255803,5.26826196473552,7.12345132743363,9.57108350586611,2.03833463738968,0.195925375875055
"GT_spanishjapanese_029from20gen_sim_314.txt",29,21.926724137931,3.39320689655172,6.70534800050541,6.67038739330269,7.49489395129615,10.6051045728465,1.50590894740924,0.154752113229801
"GT_spanishjapanese_029from50gen_003from20gen_008from75gen_sim_1128.txt",40,58.0681,9.743375,6.47768920511202,6.60304473656249,7.59044453152996,11.6125806451613,2.06664171287067,0.16779221293619
"GT_spanishjapanese_029from50gen_012from20gen_008from75gen_sim_1326.txt",49,50.246693877551,8.77728571428571,6.21845304202782,6.13312693498452,6.8801684532925,13.6106315311222,2.04940496248993,0.174683845581474
"GT_spanishjapanese_029from50gen_032from20gen_sim_746.txt",61,37.0179344262295,6.04988524590164,6.33617413562528,6.03123814341722,7.79713261648746,11.7236090716267,2.15360759499376,0.163431194626973
"GT_spanishjapanese_029from50gen_036from20gen_sim_669.txt",65,36.6783076923077,6.44387692307692,6.13135220845312,5.85246063966729,7.27741303282705,13.7001146788991,2.20553997905468,0.175686320566757
"GT_spanishjapanese_029from75gen_002from20gen_sim_753.txt",31,73.2408064516129,12.972,5.93951965084198,5.51170230678565,6.91771899063729,10.0355921469284,1.54389434004288,0.177114379653507
"GT_spanishjapanese_029from75gen_003from20gen_006from50gen_sim_1425.txt",38,67.6590526315789,12.7613157894737,6.44005072698802,6.12129397617321,7.57925289772805,12.0015192240271,2.6017010844625,0.188612096875822
"GT_spanishjapanese_029from75gen_004from50gen_037from20gen_sim_1240.txt",70,46.3492857142857,9.12847142857143,5.52201844377843,5.7019979251383,6.77072797664382,10.0597510373444,1.92371836404067,0.196949560017877
"GT_spanishjapanese_029from75gen_013from50gen_009from20gen_sim_1312.txt",51,62.5696274509804,11.6257450980392,6.07504998550935,5.83900657414171,7.24751278723936,12.8627423234753,2.03733876811831,0.185804927592821
"GT_spanishjapanese_029from75gen_018from20gen_sim_692.txt",47,55.5057659574468,10.0063617021277,5.8637276814582,5.8887299771167,7.23271840354767,9.83995229576625,2.0564351201099,0.180276076359328
"GT_spanishjapanese_029from75gen_038from20gen_sim_579.txt",67,46.4339402985075,8.47441791044776,5.86730514251832,5.8194792786337,7.28981508240084,10.5448888888889,1.9834996112857,0.182504819878923
"GT_spanishjapanese_029from75gen_sim_002.txt",29,80.8074482758621,13.6323103448276,6.34822138514258,5.61026023312551,7.75925542916236,9.83995229576625,1.8836654798104,0.168701161040123
"GT_spanishjapanese_029from75gen_sim_210.txt",29,80.9039310344828,15.3288965517241,5.55207071984098,5.46181556195965,6.24137931034483,9.1163936445375,1.49463711145194,0.189470355219089
"GT_spanishjapanese_029from75gen_sim_266.txt",29,79.7313103448276,14.6404827586207,5.88439715497279,5.63249411338526,6.86583894998226,9.65002888503755,1.86809784651789,0.1836227536623
"GT_spanishjapanese_030from20gen_009from50gen_sim_827.txt",39,24.0470256410256,6.71802564102564,5.34153220173143,5.59085816715214,6.92266075095155,9.6005772005772,2.48112978594485,0.279370336328177
"GT_spanishjapanese_030from20gen_019from50gen_010from75gen_sim_1039.txt",59,41.9773050847458,7.78571186440678,5.72754091636858,5.642305570877,6.84030438355944,9.71200250705108,1.98175817210538,0.185474314005833
"GT_spanishjapanese_030from20gen_035from50gen_sim_925.txt",65,39.2742153846154,6.49952307692308,6.14256936093592,6.20770113476986,7.03606658446362,11.6125806451613,1.81781903036587,0.165490844648906
"GT_spanishjapanese_030from20gen_sim_358.txt",30,21.0244666666667,3.9973,5.7440452857986,5.91288883493712,7.33732389923012,9.70473295701259,2.08034880390244,0.19012610704354
"GT_spanishjapanese_030from50gen_004from75gen_sim_509.txt",34,58.6812352941176,9.14432352941176,6.89168002244306,6.53826781264632,7.71039108667645,13.6106315311222,2.26921808544627,0.155830453867906
"GT_spanishjapanese_030from50gen_007from20gen_005from75gen_sim_1403.txt",42,52.4819047619048,8.71635714285714,6.46056469966774,5.97374260279808,7.71494862825994,12.0015192240271,2.31600348448976,0.166083094399884
"GT_spanishjapanese_030from50gen_035from75gen_sim_987.txt",65,67.3244615384615,12.5752,6.38986599862691,6.24137931034483,7.4308768154922,13.6106315311222,2.36125245067466,0.1867850067069
"GT_spanishjapanese_030from50gen_050from20gen_sim_771.txt",80,32.80915,5.6307875,6.04627537677389,6.10510271159656,7.36611693092581,9.98009950248756,2.00797387498185,0.17162247421832
"GT_spanishjapanese_030from50gen_sim_081.txt",30,52.9031333333333,9.1034,6.11775988660875,6.02869107254456,7.41100656398886,10.243879472693,1.70017993474883,0.172076764199222
"GT_spanishjapanese_030from50gen_sim_362.txt",30,49.5645,10.5849333333333,6.38973896561273,6.73776792313378,7.94995445074573,11.0180338333865,2.46151521361442,0.213558763496723
"GT_spanishjapanese_030from75gen_006from50gen_002from20gen_sim_1305.txt",38,69.3647368421053,12.9336578947368,5.76656512768137,5.64891933887712,6.74791922783163,11.8285859613428,1.79030246867444,0.186458689004727
"GT_spanishjapanese_030from75gen_006from50gen_sim_983.txt",36,75.9741388888889,12.7983888888889,6.43950654533346,5.81673243623368,7.28747444277425,12.8627423234753,2.25387495723747,0.168457176034681
"GT_spanishjapanese_030from75gen_012from20gen_038from50gen_sim_1118.txt",80,56.1155875,10.82365,6.14048375901758,6.08803709708067,7.36770587011116,13.6106315311222,2.3711682740607,0.192881345134273
"GT_spanishjapanese_030from75gen_013from20gen_018from50gen_sim_1035.txt",61,58.1351147540984,10.918606557377,5.87949740001347,5.36959966926204,7.34323696062763,11.8285859613428,2.27268380138899,0.187814311600844
"GT_spanishjapanese_030from75gen_014from20gen_016from50gen_sim_1297.txt",60,58.9424666666667,9.96288333333333,6.18873267227381,6.06093909241955,7.35872176425856,12.8627423234753,2.08220523819593,0.169027254825892
"GT_spanishjapanese_030from75gen_015from50gen_sim_973.txt",45,71.7558,13.1223333333333,5.87314368249405,5.81031202435312,7.0786703601108,11.6125806451613,1.70736753358076,0.182874880265196
"GT_spanishjapanese_030from75gen_018from50gen_030from20gen_sim_1178.txt",78,50.5517307692308,8.93883333333333,5.93981599288394,5.81984980293358,7.43313606179465,10.6051045728465,1.9788631383661,0.176825465662871
"GT_spanishjapanese_030from75gen_038from20gen_sim_522.txt",68,46.2322352941177,8.53902941176471,5.70377706200936,5.67791594540378,6.90124627840167,10.6051045728465,1.99852823865282,0.184698606014647
"GT_spanishjapanese_031from20gen_004from50gen_007from75gen_sim_1333.txt",42,34.4416904761905,6.11128571428571,5.91467770054244,5.71709041843815,7.10892313257721,9.77053140096618,1.78607325454994,0.177438610875109
"GT_spanishjapanese_031from20gen_005from75gen_012from50gen_sim_1103.txt",48,38.1472916666667,6.34975,5.97575548265454,6.04361399375429,7.11013857941118,10.0597510373444,1.9100956125584,0.166453494404911
"GT_spanishjapanese_031from20gen_005from75gen_sim_910.txt",36,28.44725,5.15152777777778,5.85185465710602,5.54728616828543,7.02931678928817,9.87967865619865,2.01389478313613,0.181090536968522
"GT_spanishjapanese_031from20gen_013from75gen_014from50gen_sim_1451.txt",58,41.9071896551724,7.09855172413793,6.69374523025206,6.58649484348736,7.80577509953985,13.7001146788991,2.45350138052098,0.169387443599712
"GT_spanishjapanese_031from20gen_019from50gen_019from75gen_sim_1422.txt",69,45.9619710144928,8.59757971014493,5.79412494342059,6.02059925093633,6.87391841779975,11.4126544917912,2.05081098533596,0.187058551240849
"GT_spanishjapanese_031from20gen_023from75gen_013from50gen_sim_1157.txt",67,45.7733582089552,8.18861194029851,6.18892681325097,6.0878909998081,7.17656987759767,9.85142558200366,1.56007009789787,0.17889471650556
"GT_spanishjapanese_031from20gen_028from50gen_sim_741.txt",59,37.9109830508475,6.25862711864407,6.16994078247306,6.08440133933726,7.04911828980104,11.7755392755393,1.847984102968,0.165087439443335
"GT_spanishjapanese_031from20gen_039from75gen_017from50gen_sim_1203.txt",87,55.8212988505747,9.29259770114943,6.39265864597263,6.22367236723672,7.56694972257444,13.3470899470899,1.95472407639202,0.166470467231949
"GT_spanishjapanese_031from20gen_sim_016.txt",31,21.8973870967742,4.06835483870968,5.77374563992868,6.04374838208646,7.03287807901321,9.57108350586611,2.03970696764939,0.185791794278003
"GT_spanishjapanese_031from20gen_sim_487.txt",31,20.5940967741935,3.99583870967742,5.60297027386613,5.15416474919466,6.9600293734017,9.63313096270598,2.18678950774905,0.194028354508104
"GT_spanishjapanese_031from50gen_007from75gen_sim_525.txt",38,59.9657105263158,8.42097368421053,7.64173971963793,7.06402673543979,9.19611730244335,13.6106315311222,2.30908730076196,0.140429815811405
"GT_spanishjapanese_031from50gen_008from75gen_016from20gen_sim_1371.txt",55,49.2233090909091,8.53456363636364,6.12795018550904,6.34504698512138,7.20410266616684,9.23907380607815,1.67594195650801,0.173384597541002
"GT_spanishjapanese_031from50gen_009from75gen_004from20gen_sim_1138.txt",44,51.9759545454545,11.2515681818182,6.10125426453239,6.18435239697197,7.39787363191087,11.7236090716267,2.5573022598911,0.216476412606879
"GT_spanishjapanese_031from50gen_029from20gen_sim_839.txt",60,37.4752333333333,6.81825,5.82129328642076,5.07839719525579,7.81487355344779,13.7001146788991,2.87398520346097,0.181940161368797
"GT_spanishjapanese_031from50gen_048from75gen_sim_862.txt",79,69.1587974683544,11.5821772151899,6.5635522019605,6.453414232826,7.8112215123303,11.7755392755393,1.97398685946505,0.167472218129438
"GT_spanishjapanese_031from50gen_sim_422.txt",31,55.5952580645161,8.5068064516129,6.94004070614282,6.50994694960212,8.05833126546412,10.9164753664136,1.84000955308729,0.153013166010329
"GT_spanishjapanese_031from75gen_005from20gen_036from50gen_sim_1025.txt",72,65.1863194444445,10.4998194444444,6.55296450908677,6.49927455006988,7.53873556593654,9.89684372594303,1.54313979318621,0.161073972789536
"GT_spanishjapanese_031from75gen_008from20gen_sim_885.txt",39,68.7208461538462,12.8395128205128,5.81794433196616,5.81031202435312,6.91587574897543,10.0588044885628,1.99404767766687,0.186835778939172
"GT_spanishjapanese_031from75gen_008from50gen_sim_801.txt",39,72.0715641025641,14.2836153846154,5.63487680555043,5.36415481712417,6.54078572328653,11.7755392755393,2.09351879262777,0.198186560295661
"GT_spanishjapanese_031from75gen_012from50gen_004from20gen_sim_1454.txt",47,70.992,11.6790212765957,6.45957389947536,6.14551288100406,7.71470964733627,12.0015192240271,2.00720558039714,0.164511793957006
"GT_spanishjapanese_031from75gen_013from20gen_020from50gen_sim_1224.txt",64,60.624328125,10.66015625,6.09058093784292,6.15257604999982,7.2666925043265,11.0180338333865,1.80253653199064,0.175839577603566
"GT_spanishjapanese_031from75gen_062from50gen_sim_547.txt",93,63.0259892473118,10.878752688172,6.27089125542582,6.20148423005566,7.21482665769101,11.2544002903284,1.76621868404218,0.172607408754572
"GT_spanishjapanese_031from75gen_sim_383.txt",31,78.478,13.6470322580645,6.18178175689426,6.06860100605089,7.55498589145895,9.51835578988479,1.87471687506204,0.173896279951891
"GT_spanishjapanese_031from75gen_sim_443.txt",31,81.5004193548387,14.4552580645161,6.3261467425758,6.07605016922158,8.03791423043309,12.8627423234753,2.33273514163566,0.17736421700581
"GT_spanishjapanese_032from20gen_004from50gen_sim_881.txt",36,23.3475833333333,4.26466666666667,5.73912889413639,5.85600350031179,7.04618478232414,9.37803590285111,2.0733693006676,0.182659875575988
"GT_spanishjapanese_032from20gen_007from75gen_011from50gen_sim_1054.txt",50,35.93832,6.95344,5.60300638125801,5.78163661053396,6.87302134553669,9.71200250705108,1.8762611648412,0.193482611318503
"GT_spanishjapanese_032from20gen_011from75gen_021from50gen_sim_1213.txt",64,40.996640625,7.154359375,6.19285274332789,5.9571503526819,7.35872176425856,13.7001146788991,2.1008134636235,0.174510868840244
"GT_spanishjapanese_032from20gen_018from50gen_003from75gen_sim_1365.txt",53,37.5187924528302,6.33537735849057,6.15269699828971,5.92071973827699,7.99667050838776,10.6051045728465,2.03138316111169,0.168858775677698
"GT_spanishjapanese_032from20gen_026from75gen_sim_681.txt",58,47.9861724137931,8.59081034482759,5.89241909367986,5.54664713627984,7.14018447605453,12.0425273390036,2.00492602009144,0.179026788607925
"GT_spanishjapanese_032from20gen_sim_153.txt",32,22.65546875,4.3389375,5.81891985383206,5.6777860613064,6.94100828031595,10.0597510373444,1.95899147999343,0.191518328218214
"GT_spanishjapanese_032from20gen_sim_418.txt",32,20.872,4.02090625,5.5314310200267,5.33764277765209,6.45368564362651,10.5448888888889,1.62552498348307,0.192645949118436
"GT_spanishjapanese_032from20gen_sim_430.txt",32,20.29115625,3.71346875,5.83118533028088,5.90019599852516,7.08424512452189,10.5448888888889,2.20546570654588,0.183009223537964
"GT_spanishjapanese_032from50gen_003from20gen_008from75gen_sim_1152.txt",43,54.1299069767442,10.8236744186047,5.56409040498832,5.54388604674491,6.49631930599129,9.89684372594303,1.75283441931262,0.199957380736952
"GT_spanishjapanese_032from50gen_004from75gen_026from20gen_sim_1372.txt",62,43.7156290322581,7.78341935483871,6.18074043435888,6.08038471342888,7.64090113727799,13.7001146788991,2.43239059722661,0.178046605462208
"GT_spanishjapanese_032from50gen_006from75gen_004from20gen_sim_1321.txt",42,55.7287142857143,8.81283333333333,6.59926456231595,6.44867821960904,7.09390286461621,12.8627423234753,1.9887647475675,0.158138106114399
"GT_spanishjapanese_032from50gen_017from75gen_sim_577.txt",49,59.917693877551,11.2634489795918,5.76351854279189,5.50629434653239,6.20770113476986,10.4146841673503,1.78341885324964,0.187982017509052
"GT_spanishjapanese_032from50gen_023from20gen_028from75gen_sim_1101.txt",83,56.4134457831325,9.86614457831325,6.25808445550561,6.18407427245135,7.45590322348936,11.8467201261996,1.88577419015359,0.17488994762421
"GT_spanishjapanese_032from50gen_028from75gen_sim_962.txt",60,61.8919833333333,12.7312,5.97757775397542,5.7707509340492,7.05123789391121,11.8285859613428,2.39652880742186,0.205700307444233
"GT_spanishjapanese_032from50gen_032from75gen_sim_620.txt",64,60.505140625,11.45059375,6.34928351261513,5.8731033805797,7.56289427611249,12.8627423234753,2.42812861802562,0.189249932017657
"GT_spanishjapanese_032from50gen_033from75gen_sim_922.txt",65,65.1420615384615,11.5544307692308,5.96454227500161,5.85246063966729,6.8178021978022,11.7236090716267,1.53399910783623,0.177372814067432
"GT_spanishjapanese_032from75gen_003from20gen_sim_712.txt",35,73.6656571428571,15.9538571428571,4.98405864219919,5.19326107049828,5.60285157239277,9.1163936445375,1.72212351963656,0.21657116438829
"GT_spanishjapanese_032from75gen_036from50gen_016from20gen_sim_1388.txt",84,62.0334285714286,10.1030357142857,6.49141696338067,6.49445191262636,7.80896623409961,10.9916115912557,1.88698613980129,0.162864377271241
"GT_spanishjapanese_032from75gen_sim_411.txt",32,81.2943125,14.8913125,5.70434322895602,5.58273478259024,6.5645441065958,8.12568541017095,1.33134158740807,0.183177789959168
"GT_spanishjapanese_032from75gen_sim_429.txt",32,79.459125,15.3709375,5.65938966321966,5.4086009991834,6.64944777671846,9.77053140096618,1.81583183900792,0.193444585502294
"GT_spanishjapanese_033from20gen_004from50gen_sim_825.txt",37,25.3678648648649,4.61778378378378,5.90042738359487,6.21931315878953,7.34846461949266,10.5448888888889,2.11153633809057,0.182032812315219
"GT_spanishjapanese_033from20gen_013from75gen_063from50gen_sim_1282.txt",109,50.6445596330275,8.42466055045872,6.4304358551152,6.15562021769587,7.4252607184241,13.6106315311222,1.90152685059483,0.166348776877598
"GT_spanishjapanese_033from20gen_016from50gen_sim_727.txt",49,33.267306122449,5.50355102040816,6.22421224654066,6.22367236723672,6.78327832783278,11.0180338333865,1.54505566525328,0.165434225426938
"GT_spanishjapanese_033from20gen_017from75gen_sim_894.txt",50,40.16238,7.16418,5.8439248470327,5.45417800873177,7.4412320531564,9.57108350586611,1.94267898741581,0.178380364908653
"GT_spanishjapanese_033from20gen_046from75gen_006from50gen_sim_1036.txt",85,55.9340352941176,9.74365882352941,5.98023772183195,5.59408225500701,7.04250102165917,13.3470899470899,2.02607140433969,0.174199103860367
"GT_spanishjapanese_033from20gen_sim_043.txt",33,21.5279090909091,3.86875757575758,5.90550587192475,6.11245491194568,6.87391841779975,10.2322111706197,1.69928762486229,0.179708933153722
"GT_spanishjapanese_033from20gen_sim_374.txt",33,21.0839393939394,4.21593939393939,5.55329905545582,5.38974488507199,6.72988147223955,10.2322111706197,1.95525361610496,0.199959756816189
"GT_spanishjapanese_033from50gen_005from20gen_sim_516.txt",38,52.0106578947368,8.3406052631579,6.55519376698422,6.15418004866116,7.31424402468942,11.8262169086251,1.86982668224575,0.160363387058827
"GT_spanishjapanese_033from50gen_010from75gen_032from20gen_sim_1187.txt",75,44.69748,7.61702666666667,6.19673682948424,6.11245491194568,7.34158032195008,12.0425273390036,1.98517366347008,0.170412888303024
"GT_spanishjapanese_033from50gen_017from75gen_sim_732.txt",50,63.34166,10.9223,6.45211254932475,6.3256436684007,7.75540363843292,13.3470899470899,2.29178908826968,0.172434697796048
"GT_spanishjapanese_033from50gen_022from75gen_021from20gen_sim_1274.txt",76,51.5587236842105,8.80198684210526,6.12326415117372,6.23220525558834,7.31298375347019,11.7236090716267,1.95989874727318,0.17071770232359
"GT_spanishjapanese_033from50gen_023from75gen_sim_613.txt",56,64.9342321428571,11.4924464285714,6.01887646065257,6.1511845078615,6.70507348187052,9.4473791973792,1.45609192031648,0.176985944844743
"GT_spanishjapanese_033from50gen_046from75gen_sim_806.txt",79,69.439417721519,11.9638607594937,6.23804184329689,6.05780735865989,7.00863026397451,11.8467201261996,1.96193118380214,0.172292066265212
"GT_spanishjapanese_033from50gen_sim_095.txt",33,54.2516363636364,8.72448484848485,6.59654052117943,6.34504698512138,7.79713261648746,11.8262169086251,1.91330644874097,0.160815146477917
"GT_spanishjapanese_033from50gen_sim_391.txt",33,49.8880909090909,10.6673636363636,6.21491149401009,6.05527944010549,6.82649407876618,11.8262169086251,2.44097747428687,0.213825853865652
"GT_spanishjapanese_033from75gen_006from50gen_sim_891.txt",39,77.1253333333333,13.8621025641026,5.97589453752138,5.86409448818898,7.16509882436666,10.0588044885628,1.58803598892486,0.179734750761996
"GT_spanishjapanese_033from75gen_027from20gen_026from50gen_sim_1459.txt",86,53.0955348837209,9.11445348837209,6.02832284869483,5.87397635813869,7.00377201141072,13.3470899470899,1.94444415436785,0.171661393153543
"GT_spanishjapanese_033from75gen_032from50gen_006from20gen_sim_1488.txt",71,62.0320845070423,10.5207887323944,6.32636783826635,6.28739040742651,7.35444098662143,10.9164753664136,1.72489529539108,0.169602372965558
"GT_spanishjapanese_033from75gen_sim_281.txt",33,83.336,15.9344242424242,5.73239971645515,5.30238401666973,6.80322345656529,12.0015192240271,1.97508578925063,0.191206972285978
"GT_spanishjapanese_034from20gen_008from50gen_sim_670.txt",42,27.9424285714286,5.02171428571429,5.90111848586186,6.14803817088682,7.17733340547166,9.89684372594303,1.98191556943281,0.179716457818883
"GT_spanishjapanese_034from20gen_008from75gen_012from50gen_sim_1058.txt",54,37.1861666666667,6.33696296296296,6.0304422284462,6.09917738978261,6.95403484683261,10.5448888888889,1.67305582177999,0.170411836739369
"GT_spanishjapanese_034from20gen_015from50gen_sim_528.txt",49,30.727693877551,5.19377551020408,6.08626077897125,6.20770113476986,7.35610425240055,10.9916115912557,1.98625954614098,0.169025880396398
"GT_spanishjapanese_034from20gen_022from75gen_023from50gen_sim_1102.txt",79,46.1492784810127,8.53149367088608,5.68686942700348,5.49349551190321,6.48140117925969,11.4126544917912,1.75596196694438,0.184867325160809
"GT_spanishjapanese_034from20gen_029from75gen_008from50gen_sim_1445.txt",71,49.8809718309859,8.47094366197183,6.18163221767544,6.03488681757656,7.79028947928706,9.71200250705108,1.77434813354525,0.169823148006706
"GT_spanishjapanese_034from20gen_sim_327.txt",34,20.7576176470588,3.91888235294118,5.8593480755857,6.20293583779569,7.44570009092189,10.2322111706197,2.20616594373122,0.188792491487888
"GT_spanishjapanese_034from50gen_003from75gen_sim_615.txt",37,56.8062702702703,8.99689189189189,6.62842303653846,6.46894767107533,7.78474332320486,9.98009950248756,1.85008105024028,0.158378500279756
"GT_spanishjapanese_034from50gen_017from75gen_004from20gen_sim_1209.txt",55,57.6317454545455,10.0621818181818,6.06748987450418,5.94768574343753,6.86946479273197,11.8285859613428,1.84653646505802,0.17459443122572
"GT_spanishjapanese_034from50gen_021from20gen_007from75gen_sim_1084.txt",62,41.816,8.28927419354839,6.13297147228661,6.17439639614599,7.50034125642077,10.2073810733029,2.30227033343556,0.19823211673877
"GT_spanishjapanese_034from50gen_023from20gen_sim_725.txt",57,38.2561228070175,7.99622807017544,5.82450480050802,5.99103321785205,6.98119394348539,10.4146841673503,2.17439783397616,0.209018255992963
"GT_spanishjapanese_034from50gen_027from20gen_sim_993.txt",61,39.8168196721311,6.79227868852459,6.05809343368594,5.83900657414171,7.34249628528975,11.6125806451613,1.8591039709929,0.170588177168723
"GT_spanishjapanese_034from50gen_031from20gen_006from75gen_sim_1419.txt",71,41.5097183098592,7.25101408450704,5.91387144418786,5.8887299771167,6.82293355455974,10.9916115912557,1.77071252915826,0.174682324519288
"GT_spanishjapanese_034from50gen_sim_212.txt",34,55.1646470588235,9.11294117647059,6.33687611788633,6.35497330185163,7.26075100262474,9.27333860759494,1.37753409356597,0.165195313707948
"GT_spanishjapanese_034from75gen_sim_164.txt",34,81.3623235294118,14.0218823529412,5.93103669411338,5.71270818728442,6.96368246406771,8.44513660229599,1.18181274023304,0.172338764979744
"GT_spanishjapanese_034from75gen_sim_280.txt",34,84.8987941176471,14.8896176470588,6.08896268876279,5.78260336110237,7.24437438442407,10.0588044885628,1.73872674180357,0.175380790761595
"GT_spanishjapanese_034from75gen_sim_434.txt",34,81.1948235294118,15.1799117647059,5.764395093217,5.31215473206435,7.09664869684441,12.8627423234753,2.00224522092434,0.186956644584703
"GT_spanishjapanese_034from75gen_sim_486.txt",34,77.5193235294118,14.4633529411765,5.83570182087905,5.50697868347497,7.03754111048675,12.0015192240271,1.99826646614818,0.186577388484162
"GT_spanishjapanese_035from20gen_003from75gen_020from50gen_sim_1136.txt",58,33.5446034482759,6.12931034482759,5.64766888906551,5.9139703818028,6.95460309055543,9.37803590285111,1.85981291148077,0.182721204448837
"GT_spanishjapanese_035from20gen_003from75gen_sim_752.txt",38,25.1450263157895,4.71618421052632,5.52280124848662,5.1455975895035,6.3217949740244,9.57108350586611,1.7837365501197,0.187559326894196
"GT_spanishjapanese_035from20gen_033from50gen_sim_845.txt",68,37.8560294117647,6.30539705882353,6.15017331603881,6.08343998590795,7.08644904004516,11.8262169086251,2.06565655171447,0.16656255705634
"GT_spanishjapanese_035from20gen_sim_252.txt",35,22.0987714285714,4.32442857142857,5.85750072286197,5.56240301485258,7.02263500537469,13.7001146788991,2.43526660883824,0.195686379462595
"GT_spanishjapanese_035from20gen_sim_269.txt",35,21.5409714285714,4.14342857142857,5.80508924276465,6.11155644622579,6.80666333647124,13.7001146788991,2.33437588838451,0.192351054601596
"GT_spanishjapanese_035from50gen_004from75gen_034from20gen_sim_1439.txt",73,39.6077671232877,6.63652054794521,5.99762126379757,6.14735643814824,6.80322345656529,10.2073810733029,1.73925818221394,0.167556038372161
"GT_spanishjapanese_035from50gen_012from20gen_005from75gen_sim_1086.txt",52,45.5770769230769,9.25315384615385,6.30736518539232,6.52573277691767,7.81005113300998,10.2073810733029,2.29872749952991,0.203022099503462
"GT_spanishjapanese_035from50gen_016from75gen_025from20gen_sim_1125.txt",76,46.8407894736842,8.40321052631579,5.99133296397797,5.74639242552746,7.17340073087419,13.7001146788991,2.0878165647972,0.17939942133206
"GT_spanishjapanese_035from50gen_017from20gen_sim_964.txt",52,43.4093076923077,7.27986538461538,6.28003259977826,6.31512802410188,7.31437495422631,10.5448888888889,1.79844016717597,0.167702867694096
"GT_spanishjapanese_035from50gen_025from75gen_sim_654.txt",60,61.5198833333333,11.643,6.31080931004902,6.41498654642205,7.37922788054226,10.081799016163,2.07614997562903,0.189255885563285
"GT_spanishjapanese_035from50gen_027from75gen_sim_819.txt",62,61.3419193548387,11.3007580645161,6.33899887628691,6.16167788674997,6.89176107657676,11.7236090716267,2.07780912169787,0.184225700522113
"GT_spanishjapanese_035from50gen_043from20gen_032from75gen_sim_1377.txt",110,45.9716545454545,9.07314545454545,5.80963166446453,5.74252294781335,7.14231166665403,12.8627423234753,1.94612937757914,0.197363909223114
"GT_spanishjapanese_035from50gen_sim_234.txt",35,56.0711714285714,9.14342857142857,6.4751200320747,6.54894578313253,7.68882954244196,10.2073810733029,1.65069203562753,0.163068263752547
"GT_spanishjapanese_035from75gen_003from20gen_sim_968.txt",38,71.2296578947368,14.5146842105263,5.0993212816414,5.24961160229498,5.73552286836607,8.44513660229599,1.37946959468258,0.203773043975251
"GT_spanishjapanese_035from75gen_004from50gen_sim_781.txt",39,77.1891282051282,13.5523076923077,6.20340752555715,6.0783452738618,7.19579784152909,13.6106315311222,2.15313349302893,0.17557275237379
"GT_spanishjapanese_035from75gen_009from20gen_sim_526.txt",44,65.6358636363636,12.0728409090909,5.93822892524069,5.45071153827126,7.36516972905637,10.5448888888889,1.93266552782339,0.18393665048695
"GT_spanishjapanese_035from75gen_011from50gen_020from20gen_sim_1465.txt",66,57.5907878787879,9.93980303030303,6.10162585378073,6.0246277180223,7.0346671158112,12.0015192240271,1.87424600783253,0.172593628189694
"GT_spanishjapanese_035from75gen_018from50gen_sim_834.txt",53,67.5268490566038,12.1869811320755,6.15111765079521,5.8485161085542,7.21482665769101,13.6106315311222,2.13158676191359,0.180476081770969
"GT_spanishjapanese_035from75gen_018from50gen_sim_936.txt",53,73.1041698113208,12.2362830188679,6.52901338910762,6.27788527988943,7.4917313269065,13.6106315311222,2.00654641082311,0.167381464702346
"GT_spanishjapanese_035from75gen_046from50gen_sim_852.txt",81,64.6143827160494,11.0947283950617,6.31774859371331,6.0783452738618,7.21482665769101,11.2544002903284,1.88263597523265,0.171706792337829
"GT_spanishjapanese_035from75gen_sim_243.txt",35,79.9483714285714,13.2290571428571,6.48774288689896,6.57081391179634,7.38838616848774,11.8285859613428,1.86965362018038,0.165470001533132
"GT_spanishjapanese_035from75gen_sim_284.txt",35,77.5461714285714,14.3649428571429,5.96512112010487,5.64059225204516,7.23540856546647,11.8467201261996,2.0314651715555,0.185243740503354
"GT_spanishjapanese_035from75gen_sim_484.txt",35,77.2274857142857,14.4101142857143,5.87804098887602,5.3476296239565,7.23214952544847,10.0355921469284,1.91095962245458,0.186593078260072
"GT_spanishjapanese_036from20gen_006from50gen_021from75gen_sim_1391.txt",63,42.3588095238095,8.15939682539683,5.55564959498848,5.49201525829185,6.51106254871595,13.6106315311222,2.18173312129312,0.192625735168749
"GT_spanishjapanese_036from20gen_011from75gen_005from50gen_sim_1049.txt",52,37.3812115384615,6.62186538461538,5.79013230275564,5.94541614483025,6.73178598911535,10.6051045728465,1.99342293370698,0.177144215291207
"GT_spanishjapanese_036from20gen_047from50gen_sim_618.txt",83,40.2600240963855,6.84946987951807,6.092439201956,5.83600991098467,6.86160170117468,13.3470899470899,1.95074198360913,0.170130794336335
"GT_spanishjapanese_036from20gen_sim_037.txt",36,21.0858888888889,3.84969444444444,5.87037357270745,5.78163661053396,7.07138807195348,10.5448888888889,1.87850832053424,0.182572072950314
"GT_spanishjapanese_036from20gen_sim_225.txt",36,21.6667222222222,4.09183333333333,5.93228369814692,5.73304298740433,7.36175491659997,12.0425273390036,2.37662916689065,0.188853361914457
"GT_spanishjapanese_036from20gen_sim_263.txt",36,21.37025,4.08563888888889,5.56643445591954,5.50074088335497,6.63416682688565,10.0597510373444,1.78495092912321,0.191183485868855
"GT_spanishjapanese_036from20gen_sim_377.txt",36,21.6002777777778,4.03113888888889,6.03885204724212,6.66753170799802,7.85371130251077,9.37804878048781,2.27337446182882,0.186624400406373
"GT_spanishjapanese_036from20gen_sim_441.txt",36,21.0790833333333,3.91961111111111,5.74472438102064,6.27501506022211,7.45362529885216,9.23907380607815,2.12444255766045,0.185947891999309
"GT_spanishjapanese_036from50gen_004from75gen_sim_872.txt",40,54.706975,10.307075,6.15958682041667,6.1927792512535,7.22911418385355,11.7755392755393,2.24886267191728,0.18840513481142
"GT_spanishjapanese_036from50gen_007from75gen_sim_581.txt",43,54.0873255813953,10.8336279069767,6.05484499876526,6.14735643814824,6.9471213904045,9.50614466292135,1.80429776813053,0.200298827692513
"GT_spanishjapanese_036from50gen_012from20gen_006from75gen_sim_1432.txt",54,48.821537037037,8.86957407407407,5.90463115391567,5.68014386084106,7.35270226062285,11.131637005442,2.272036902226,0.181673388679783
"GT_spanishjapanese_036from50gen_016from20gen_sim_914.txt",52,43.4967307692308,7.49123076923077,6.09583786798435,5.98927958054634,7.37339336890644,11.8262169086251,2.05930021813576,0.172225145125849
"GT_spanishjapanese_036from50gen_020from20gen_sim_896.txt",56,41.9341071428571,7.164875,6.00323998275082,6.11256733732947,6.94576987914325,9.98009950248756,1.71568739392493,0.170860320826467
"GT_spanishjapanese_036from50gen_021from20gen_008from75gen_sim_1301.txt",65,47.6333230769231,8.09790769230769,6.05952299264247,6.08247863247863,7.28444726005702,10.6051045728465,1.65135341222135,0.170005096625956
"GT_spanishjapanese_036from50gen_sim_141.txt",36,55.9023333333333,8.76011111111111,6.65532663376356,6.40867512878844,7.74403675636094,9.89684372594303,1.62367989063503,0.156703854539962
"GT_spanishjapanese_036from50gen_sim_321.txt",36,55.4367222222222,8.56116666666667,6.854581026617,6.56118556078715,7.84991031183797,11.0180338333865,1.84579935781921,0.154431328611901
"GT_spanishjapanese_036from50gen_sim_459.txt",36,54.6755555555556,8.45855555555556,6.90256499784216,6.57206137504057,8.13627602318326,11.7755392755393,2.01620853806547,0.154704519590311
"GT_spanishjapanese_036from75gen_008from50gen_009from20gen_sim_1159.txt",53,64.7688113207547,10.7020754716981,6.23294379630873,5.85246063966729,7.16601009820785,11.8285859613428,1.58977512804207,0.165235014406829
"GT_spanishjapanese_036from75gen_016from20gen_sim_530.txt",52,58.1935,11.3738653846154,5.41352088688833,5.19032757444525,6.60454726067079,9.51835578988479,1.61807014494085,0.195449068789734
"GT_spanishjapanese_036from75gen_019from20gen_sim_942.txt",55,58.8054363636364,10.6329454545455,6.17232165407094,5.49303057553957,7.87984352982276,12.8627423234753,2.51583218882211,0.18081568834545
"GT_spanishjapanese_036from75gen_041from50gen_sim_545.txt",77,64.6356623376623,11.3654285714286,6.58832127216152,6.52369094090726,7.78504908129877,13.3470899470899,2.11825691947618,0.175838355489491
"GT_spanishjapanese_036from75gen_078from50gen_sim_639.txt",114,61.3432719298246,10.5169473684211,6.24835485724621,6.04325879176136,7.28819674190105,11.8285859613428,1.84263465858907,0.171444186747199
"GT_spanishjapanese_036from75gen_sim_240.txt",36,81.3634444444444,13.4353611111111,6.60358640100273,6.17622392099601,8.11453059830148,12.8627423234753,2.39888779368489,0.165127732765602
"GT_spanishjapanese_037from20gen_003from50gen_005from75gen_sim_1315.txt",45,32.0796,5.2604,6.16271825683768,6.34504698512138,6.95816733067729,10.0597510373444,1.6097747837854,0.163979600743151
"GT_spanishjapanese_037from20gen_005from75gen_004from50gen_sim_1285.txt",46,32.6498260869565,5.91273913043478,5.82359412053642,5.74881470353485,6.63404579475472,10.5448888888889,1.78884524277069,0.18109557811081
"GT_spanishjapanese_037from20gen_006from75gen_006from50gen_sim_1473.txt",49,30.4120612244898,5.83540816326531,5.89773916046478,6.16625,7.11704263611669,10.6051045728465,2.02017282349827,0.191878088110853
"GT_spanishjapanese_037from20gen_011from50gen_sim_533.txt",48,27.276875,5.09602083333333,5.76130743367808,5.62788017752546,7.1583682442818,12.0425273390036,2.30024020857069,0.186825684149424
"GT_spanishjapanese_037from20gen_sim_097.txt",37,21.3037027027027,4.02059459459459,5.9638028369313,6.1120020693223,7.04250102165917,13.7001146788991,2.45993966472022,0.188727502007645
"GT_spanishjapanese_037from20gen_sim_301.txt",37,20.6168648648649,3.95762162162162,5.50467290722707,5.34962320164421,6.78976067858225,8.45163890381515,1.77762015431808,0.191960399777668
"GT_spanishjapanese_037from50gen_004from20gen_006from75gen_sim_1012.txt",47,56.9332553191489,9.053,6.46481233923116,6.33281853281853,7.47669921384177,11.0180338333865,2.01102086012406,0.159010756529763
"GT_spanishjapanese_037from50gen_014from20gen_026from75gen_sim_1250.txt",77,53.3584155844156,10.2768831168831,6.10681990278116,6.16235211432587,7.4917313269065,13.6106315311222,2.09795242437937,0.192600979701592
"GT_spanishjapanese_037from50gen_sim_053.txt",37,53.8274864864865,8.95375675675676,6.38277325500324,6.4166928803607,7.54856237265112,11.4126544917912,1.83088815493371,0.166341721324933
"GT_spanishjapanese_037from50gen_sim_063.txt",37,54.4622162162162,8.85421621621622,6.56430059607121,6.4166928803607,7.35610425240055,11.7755392755393,1.91760525298462,0.162575393205902
"GT_spanishjapanese_037from50gen_sim_152.txt",37,53.0947027027027,9.14583783783784,6.04327213028371,6.16100365917407,7.03606658446362,9.00822004426178,1.44401906936044,0.172255185023802
"GT_spanishjapanese_037from50gen_sim_193.txt",37,53.6806756756757,8.10413513513513,7.07117687963082,6.86668372569089,7.90329731227487,11.2544002903284,1.91971323694179,0.15096932058192
"GT_spanishjapanese_037from50gen_sim_395.txt",37,53.9252702702703,9.17143243243243,6.17160811536281,6.04474164133739,6.82649407876618,9.4473791973792,1.46850071847287,0.170076707756229
"GT_spanishjapanese_037from50gen_sim_397.txt",37,48.036,10.211,6.04316887197675,6.0699639477242,6.98115501519757,13.6106315311222,2.30816250842034,0.212569739362145
"GT_spanishjapanese_037from75gen_004from20gen_004from50gen_sim_1048.txt",45,71.4175333333333,12.7496888888889,5.94218430499103,5.79656160458453,6.89642459058561,11.131637005442,1.93946968578508,0.178523232234599
"GT_spanishjapanese_037from75gen_008from20gen_024from50gen_sim_1332.txt",69,63.1228260869565,11.5104927536232,5.97148321945634,5.78516003879728,7.445463093559,9.89684372594303,1.85466217563078,0.182350719496725
"GT_spanishjapanese_037from75gen_033from20gen_005from50gen_sim_1484.txt",75,48.5068533333333,9.85985333333333,5.3150982518592,5.23240760075172,6.21191315631447,10.5448888888889,1.81812294507254,0.203267222171218
"GT_spanishjapanese_037from75gen_sim_032.txt",37,78.9853783783784,13.3063513513514,6.25175101196242,6.29071927806777,7.21482665769101,11.131637005442,1.6799023703746,0.168466007564178
"GT_spanishjapanese_037from75gen_sim_221.txt",37,83.1575945945946,14.4382702702703,6.22184425423055,6.02865618510828,7.00390668601406,12.0015192240271,1.92557652559304,0.173625395739967
"GT_spanishjapanese_037from75gen_sim_409.txt",37,78.2321081081081,14.8834594594595,5.90562692391064,5.60354156419085,7.03965380199594,12.8627423234753,2.34709841677437,0.190247454905499
"GT_spanishjapanese_037from75gen_sim_494.txt",37,75.5583513513513,13.5716486486486,6.03610014105321,5.50234252993233,7.03965380199594,12.8627423234753,1.96047308568455,0.179618115084851
"GT_spanishjapanese_038from20gen_016from75gen_031from50gen_sim_1111.txt",85,45.1800352941176,7.97295294117647,5.85881596261084,5.82938758151403,7.01970705725699,10.5448888888889,1.80299988996089,0.176470710774645
"GT_spanishjapanese_038from20gen_sim_130.txt",38,21.3134210526316,4.12323684210526,5.56662063925119,5.67558798889498,6.54194649429347,8.86721991701245,1.59452616455178,0.193457297724439
"GT_spanishjapanese_038from20gen_sim_177.txt",38,21.3913947368421,4.15339473684211,5.73741156992175,6.02292534731513,6.73305490043399,8.60425280567041,1.63917679534263,0.194161941656323
"GT_spanishjapanese_038from50gen_008from75gen_sim_592.txt",46,59.4715869565217,10.4079130434783,6.13363063979403,6.06748480511918,6.82354363251892,10.4146841673503,1.6802410340723,0.175006479162684
"GT_spanishjapanese_038from50gen_018from75gen_sim_571.txt",56,64.59025,10.550875,6.61292754424329,6.31783939628397,7.78967743857521,13.6106315311222,2.00849404445042,0.1633508927431
"GT_spanishjapanese_038from50gen_027from20gen_sim_531.txt",65,40.6035076923077,6.946,6.09686912906139,6.03314917127072,7.21154617132166,10.4146841673503,1.87980034847579,0.17106896410617
"GT_spanishjapanese_038from50gen_073from20gen_sim_820.txt",111,32.8857387387387,5.67805405405405,5.96609981046785,6.04474164133739,7.01511626543838,11.8262169086251,1.91586432355501,0.172660073084064
"GT_spanishjapanese_038from50gen_sim_087.txt",38,48.3231052631579,10.0668421052632,6.18974341265367,6.30607540313423,7.05471774432152,9.85142558200366,2.05557968297218,0.208323576277666
"GT_spanishjapanese_038from50gen_sim_287.txt",38,53.8825789473684,8.51331578947368,6.80748379172315,6.56373534995535,8.18334776566507,11.7236090716267,2.03830507136569,0.157997556089313
"GT_spanishjapanese_038from50gen_sim_356.txt",38,54.6971315789474,9.19860526315789,6.35869814403112,6.26911299930503,7.38168561033077,13.3470899470899,2.02578657646566,0.168173448910772
"GT_spanishjapanese_038from75gen_015from50gen_sim_704.txt",53,70.1297169811321,12.572679245283,6.07156914338735,5.59408225500701,6.86583894998226,13.6106315311222,2.04626295295233,0.179277484445939
"GT_spanishjapanese_038from75gen_039from50gen_sim_948.txt",77,68.4064545454546,11.9162857142857,6.25748006645103,5.85246063966729,7.27741303282705,11.8285859613428,1.91403969931716,0.174198265258253
"GT_spanishjapanese_038from75gen_057from20gen_sim_512.txt",95,44.4158315789474,8.4077052631579,5.52011305751138,5.32390141478778,6.65834610447844,11.8285859613428,1.87443295772306,0.189295234700571
"GT_spanishjapanese_038from75gen_sim_136.txt",38,78.7778157894737,14.3365,6.00177378259528,5.56225468583855,7.2813696359756,9.77053140096618,1.95791776272758,0.181986513034494
"GT_spanishjapanese_038from75gen_sim_191.txt",38,73.8668684210526,15.0007105263158,5.46301996283772,4.77898026907847,6.88114042047995,11.131637005442,2.17073036678944,0.203077656423844
"GT_spanishjapanese_039from20gen_005from50gen_024from75gen_sim_1251.txt",68,44.2456911764706,8.23580882352941,5.58534193857981,5.54579669743914,6.47454673499001,9.4710547184774,1.56192826400027,0.18613809852538
"GT_spanishjapanese_039from20gen_005from75gen_008from50gen_sim_1348.txt",52,31.81775,5.89538461538462,5.62527552278629,5.82899787364375,6.89422354497355,10.0597510373444,2.27905750649078,0.185286031079653
"GT_spanishjapanese_039from20gen_020from50gen_sim_860.txt",59,32.1716440677966,5.4896779661017,6.21624539645013,6.38684953610327,6.98629364895898,13.7001146788991,2.35311910121789,0.170637159684257
"GT_spanishjapanese_039from20gen_sim_009.txt",39,20.9104358974359,4.02807692307692,5.77954635900508,6.04374838208646,7.11992884050251,10.5448888888889,2.02697242205578,0.192634765857313
"GT_spanishjapanese_039from20gen_sim_195.txt",39,20.3869487179487,3.75194871794872,5.79226702183136,5.8887299771167,7.23686978036653,9.4710547184774,1.72052709864187,0.184036795788155
"GT_spanishjapanese_039from50gen_004from75gen_003from20gen_sim_1437.txt",46,54.974847826087,9.15876086956522,6.35110567226375,5.96623124809609,7.32265196267389,11.6125806451613,1.96941670926909,0.166599112716764
"GT_spanishjapanese_039from50gen_015from20gen_013from75gen_sim_1081.txt",67,50.7711641791045,8.79679104477612,6.02226354599149,6.08440133933726,7.0550835104204,11.4126544917912,1.85048224566147,0.173263528363144
"GT_spanishjapanese_039from50gen_sim_127.txt",39,54.761717948718,8.60279487179487,6.91900419499835,6.4132802124834,7.89430727223159,13.6106315311222,2.29873820377446,0.157095050959706
"GT_spanishjapanese_039from50gen_sim_197.txt",39,53.8804871794872,8.90107692307692,6.41419932863847,6.0699639477242,7.39908905535698,11.8262169086251,1.90137389291523,0.16520037937715
"GT_spanishjapanese_039from50gen_sim_247.txt",39,55.6115897435897,8.97920512820513,6.70197918604853,6.4359325125399,7.79154365436006,13.6106315311222,2.15265321920122,0.161462838404834
"GT_spanishjapanese_039from75gen_006from20gen_022from50gen_sim_1124.txt",67,65.9911492537313,10.9253134328358,6.42442669715318,6.28739040742651,7.42595064878593,12.0015192240271,1.69674351478949,0.165557253607279
"GT_spanishjapanese_039from75gen_009from20gen_005from50gen_sim_1070.txt",53,65.1734716981132,13.4513773584906,5.62060966318379,5.56240301485258,6.74302229562345,10.0588044885628,2.06352946765576,0.206393445185765
"GT_spanishjapanese_039from75gen_016from20gen_019from50gen_sim_1476.txt",74,61.4023378378378,11.0835810810811,5.97314422011481,5.98944962529649,7.18587457445929,12.8627423234753,2.13978348365702,0.180507476936018
"GT_spanishjapanese_039from75gen_023from20gen_026from50gen_sim_1460.txt",88,55.7915909090909,9.54145454545455,6.2684699605222,5.88358251103562,7.53917943710715,12.8627423234753,1.99879001805879,0.171019581804035
"GT_spanishjapanese_039from75gen_sim_049.txt",39,76.6204615384615,13.7248717948718,5.84900633300189,5.73367952522255,6.67704029632208,9.65002888503755,1.47714960974865,0.17912802297572
"GT_spanishjapanese_039from75gen_sim_485.txt",39,79.8950512820513,14.571358974359,5.991014836959,5.8485161085542,7.28719522639066,11.131637005442,1.92748365103633,0.182381245653352
"GT_spanishjapanese_040from20gen_004from50gen_sim_995.txt",44,24.0903863636364,4.76025,5.7305531459704,5.71212189849504,7.81776173413276,9.63313096270598,2.27279311029869,0.19759957055672
"GT_spanishjapanese_040from20gen_029from50gen_007from75gen_sim_1270.txt",76,41.3236578947368,6.86372368421053,6.1395459893587,6.0953728531624,7.4833319249979,11.8262169086251,1.98165923836685,0.166096711517998
"GT_spanishjapanese_040from20gen_048from50gen_sim_924.txt",88,38.5211022727273,6.711375,5.99676656502262,6.14826459219852,7.50885181931476,12.0425273390036,1.98717107760138,0.17422593342433
"GT_spanishjapanese_040from20gen_sim_125.txt",40,20.735775,3.694475,6.04813411903817,6.22063880188205,7.09040292444248,10.6051045728465,2.1436917883477,0.178169130403855
"GT_spanishjapanese_040from20gen_sim_312.txt",40,20.403825,4.095,5.40417228442405,5.42051742973943,6.62764157948796,10.5448888888889,2.16861857984926,0.200697663305777
"GT_spanishjapanese_040from20gen_sim_475.txt",40,22.00395,4.44065,5.45336317134409,5.54308174811005,6.78393403124251,10.6051045728465,2.04351005891671,0.201811492936495
"GT_spanishjapanese_040from50gen_009from20gen_008from75gen_sim_1028.txt",57,51.8905614035088,8.83598245614035,6.11554346880355,6.15925130408101,6.7486829872947,10.9916115912557,1.54403148334412,0.170281111191502
"GT_spanishjapanese_040from50gen_037from20gen_sim_972.txt",77,40.4512857142857,6.33316883116883,6.63585095141995,6.46894767107533,7.82132352941176,11.0180338333865,1.99926563579318,0.156562856268675
"GT_spanishjapanese_040from50gen_sim_249.txt",40,52.963625,8.9085,6.47472777196515,6.44270479376862,8.1442047122456,10.4146841673503,1.97146545408309,0.168200345048134
"GT_spanishjapanese_040from50gen_sim_483.txt",40,53.833275,8.5952,6.59867275741293,6.4199714042144,7.59044453152996,11.4126544917912,1.74030897106005,0.159663330904538
"GT_spanishjapanese_040from75gen_024from50gen_003from20gen_sim_1217.txt",67,66.2155970149254,11.9182835820896,5.96896259008317,5.75489469785162,6.95622258225944,12.8627423234753,1.77511313306355,0.179992088259857
"GT_spanishjapanese_040from75gen_sim_303.txt",40,75.30145,13.841575,5.85847354260182,5.3330334106221,6.61386600775312,11.8285859613428,1.69960491967759,0.183815517496675
"GT_spanishjapanese_040from75gen_sim_316.txt",40,79.379975,13.57685,6.46081017676773,5.64483996797722,7.79703182284479,12.8627423234753,2.44656473486131,0.171036209069101
"GT_spanishjapanese_041from20gen_009from75gen_sim_527.txt",50,32.86222,5.69708,5.70866224258129,5.92259942096484,7.0916583047472,9.63313096270598,1.97606145758004,0.17336260301343
"GT_spanishjapanese_041from20gen_028from75gen_sim_958.txt",69,43.0142028985507,8.25882608695652,5.42281565042561,5.49939807383628,6.52369094090726,9.63313096270598,1.90318205664094,0.19200230459774
"GT_spanishjapanese_041from50gen_008from75gen_sim_977.txt",49,58.8177142857143,9.20348979591837,6.79659012952422,6.39050036258158,7.97077315208156,13.6106315311222,2.1396747820995,0.156474795181793
"GT_spanishjapanese_041from50gen_017from20gen_018from75gen_sim_1069.txt",76,53.0987894736842,8.78656578947368,6.39414126572747,6.36594826061232,7.40245162688688,13.3470899470899,2.04256623023989,0.165475821135778
"GT_spanishjapanese_041from50gen_sim_421.txt",41,55.6217073170732,8.75353658536585,6.81348922167143,6.4359325125399,7.79713261648746,11.8262169086251,2.18956429457689,0.157376265627124
"GT_spanishjapanese_041from75gen_012from20gen_004from50gen_sim_1389.txt",57,62.9734210526316,11.3579824561404,6.00148795683671,5.8887299771167,7.16601009820785,11.8285859613428,1.88291423731675,0.180361528185798
"GT_spanishjapanese_041from75gen_029from20gen_sim_764.txt",70,54.2313,10.0174571428571,5.84177993580295,5.49768655273595,6.84797117917719,11.8285859613428,1.88592733693164,0.184717260011417
"GT_spanishjapanese_041from75gen_057from20gen_sim_900.txt",98,46.9327755102041,8.48469387755102,5.91358755281346,5.74791252850732,7.50727817904822,12.8627423234753,2.42037457201094,0.18078397847377
"GT_spanishjapanese_041from75gen_sim_035.txt",41,82.1494146341463,14.4005365853659,6.0962490009832,5.46181556195965,7.38402235713597,9.77053140096618,1.87136184829779,0.175296886161622
"GT_spanishjapanese_041from75gen_sim_433.txt",41,78.583,14.0954146341463,5.96195790113925,5.30238401666973,7.02448355011477,11.8467201261996,1.98066737916963,0.179369769977557
"GT_spanishjapanese_042from20gen_012from50gen_010from75gen_sim_1316.txt",64,34.57584375,6.266875,5.77588884582283,5.7349667379425,6.79408226556613,10.243879472693,1.8122566100158,0.181250096029833
"GT_spanishjapanese_042from20gen_015from75gen_sim_784.txt",57,37.5422280701754,5.98380701754386,6.49119276431369,6.4221935483871,7.82132352941176,11.131637005442,1.87754673229753,0.159388702406226
"GT_spanishjapanese_042from20gen_018from50gen_sim_865.txt",60,30.9560333333333,5.78336666666667,5.71251778201318,6.06151621785826,6.93545784542988,10.0597510373444,2.03212363809282,0.186825185397354
"GT_spanishjapanese_042from20gen_022from75gen_sim_918.txt",64,40.695484375,7.51853125,5.97674973558367,5.95875490729454,7.35073234892439,10.2322111706197,1.8930252406958,0.184750995484373
"GT_spanishjapanese_042from20gen_sim_106.txt",42,20.9030952380952,3.92369047619048,5.78326698009313,5.79265024569039,6.90756058288266,12.0425273390036,2.08899546281672,0.187708587244997
"GT_spanishjapanese_042from20gen_sim_228.txt",42,21.8402619047619,3.84890476190476,6.01756161913443,6.06311350728255,6.93324595834678,10.5448888888889,1.86654579529169,0.17622978967416
"GT_spanishjapanese_042from50gen_023from75gen_sim_759.txt",65,64.4710461538462,10.6478461538462,6.58503651997371,6.28313090418354,7.97077315208156,13.6106315311222,2.02002872771601,0.165157024572509
"GT_spanishjapanese_042from50gen_sim_006.txt",42,55.5619523809524,8.46478571428571,6.97483255729,6.52024961658488,7.80195503692526,13.6106315311222,2.12997531730254,0.152348601003942
"GT_spanishjapanese_042from75gen_008from50gen_sim_572.txt",50,74.75168,12.91034,6.15697903485756,6.17456820898046,7.33029580439005,9.51835578988479,1.73873259258105,0.172709696959319
"GT_spanishjapanese_042from75gen_013from20gen_023from50gen_sim_1461.txt",78,57.6681923076923,11.8348846153846,5.75408096672041,5.90809222626683,6.92754823190092,9.77053140096618,2.06220389276436,0.20522378354152
"GT_spanishjapanese_042from75gen_022from20gen_025from50gen_sim_1415.txt",89,56.8813146067416,10.5332359550562,5.77689694631355,5.83900657414171,6.98115501519757,10.0465838509317,1.80979660404494,0.185179193341073
"GT_spanishjapanese_043from20gen_sim_456.txt",43,22.9991627906977,4.02893023255814,6.08174366093104,5.9502430654847,7.11992884050251,9.70473295701259,1.53362791064735,0.175177256199417
"GT_spanishjapanese_043from50gen_018from75gen_008from20gen_sim_1399.txt",69,56.7400289855072,9.47615942028986,6.52316534220894,6.20148423005566,7.6588977907259,13.6106315311222,2.14717555860218,0.16701012653184
"GT_spanishjapanese_043from75gen_006from50gen_031from20gen_sim_1225.txt",80,56.43555,10.1682125,5.96842961137002,6.01629021711139,6.81188519167156,11.8285859613428,1.69276352388202,0.180173888621622
"GT_spanishjapanese_043from75gen_017from50gen_sim_954.txt",60,70.6973,13.0002166666667,6.02423289761381,6.03798989237731,6.9069025580477,10.9164753664136,1.88109015732382,0.183885617508259
"GT_spanishjapanese_043from75gen_041from20gen_021from50gen_sim_1257.txt",105,51.8321142857143,9.04828571428571,6.19078887493074,6.14890771288453,7.39621848739496,13.6106315311222,1.99441790340586,0.1745691033248
"GT_spanishjapanese_043from75gen_sim_155.txt",43,82.747488372093,13.1846744186047,6.77117836946099,6.81921904199862,7.88648876752426,12.8627423234753,1.97935614982882,0.159336249087305
"GT_spanishjapanese_043from75gen_sim_451.txt",43,81.5600697674419,13.5787674418605,6.26467648765771,6.02865618510828,7.0491887086839,11.8467201261996,1.68979314899431,0.166487933134174
"GT_spanishjapanese_043from75gen_sim_454.txt",43,75.3651627906977,15.3293488372093,5.61201649822777,5.30238401666973,6.53660982231826,11.131637005442,2.1957723931278,0.203400991513567
"GT_spanishjapanese_043from75gen_sim_498.txt",43,82.6191627906977,14.854976744186,5.98459930345804,5.92574200254071,7.37692146328864,9.1381181619256,1.77035595382146,0.179800620611694
"GT_spanishjapanese_044from20gen_003from75gen_006from50gen_sim_1031.txt",53,28.8605283018868,5.04843396226415,6.00455659530782,6.0021023125438,7.24716062736614,12.8627423234753,1.99961622743749,0.174925209596184
"GT_spanishjapanese_044from20gen_006from75gen_006from50gen_sim_1190.txt",56,31.6605178571429,5.90721428571429,5.49172019473988,5.37074043265955,6.57160779225142,9.63313096270598,1.65372063600757,0.186579837776771
"GT_spanishjapanese_044from20gen_011from50gen_006from75gen_sim_1238.txt",61,31.6863442622951,5.82124590163934,5.79630453888378,5.8887299771167,6.99416594641314,11.6125806451613,2.13213610490831,0.18371465807011
"GT_spanishjapanese_044from20gen_016from50gen_sim_628.txt",60,30.794,5.02726666666667,6.33980100005767,6.50481073054924,8.25960927922372,11.7236090716267,2.27855602850442,0.163254746595657
"GT_spanishjapanese_044from20gen_023from75gen_sim_655.txt",67,38.6344179104478,7.89991044776119,5.56051509345096,5.49185924369748,6.71943786141502,12.0425273390036,2.04951751613278,0.204478567946143
"GT_spanishjapanese_044from20gen_sim_069.txt",44,20.521,4.18593181818182,5.32551778940946,5.53058570937738,6.67269960075206,10.2322111706197,2.18323422191007,0.203982837979719
"GT_spanishjapanese_044from20gen_sim_168.txt",44,21.4828863636364,3.92522727272727,5.87307074349106,6.1675661215766,6.89179502250014,9.70473295701259,1.72959802910578,0.182714147730699
"GT_spanishjapanese_044from50gen_005from20gen_007from75gen_sim_1231.txt",56,55.0970357142857,9.08221428571429,6.47068207735056,6.19148403888054,7.57263784553057,11.2544002903284,1.82716970791097,0.164840343368226
"GT_spanishjapanese_044from50gen_sim_288.txt",44,54.0248181818182,8.9745,6.32481552119314,6.19989253016589,6.88825079533732,11.0180338333865,1.65487246487078,0.166118097238138
"GT_spanishjapanese_044from75gen_004from50gen_016from20gen_sim_1462.txt",64,62.284984375,11.178640625,6.03570165135206,5.68732302122654,7.12859312424836,11.8285859613428,1.78591244551758,0.179475691246812
"GT_spanishjapanese_044from75gen_009from50gen_012from20gen_sim_1212.txt",65,65.007,11.8768923076923,5.91292398400533,5.76937038427838,7.4071809884622,9.41156032849021,1.88065842674713,0.182701744545854
"GT_spanishjapanese_044from75gen_sim_099.txt",44,84.7130227272727,14.5861363636364,6.22186792002112,6.24036827371181,7.47714291314815,9.77053140096618,1.81628783148633,0.172182928834866
"GT_spanishjapanese_044from75gen_sim_121.txt",44,78.0235454545455,13.6696590909091,6.10982458696094,6.07567057591621,7.05986518713804,9.87967865619865,1.71478340653983,0.175199153169381
"GT_spanishjapanese_044from75gen_sim_271.txt",44,78.35875,14.2925909090909,5.97601910021576,5.59750972398147,7.22800429657819,12.0015192240271,2.11494837915887,0.182399424558086
"GT_spanishjapanese_044from75gen_sim_355.txt",44,82.2058863636364,14.2628409090909,6.10309817793326,5.99749998335696,7.20637249521153,12.0015192240271,1.79081069840511,0.173501455187764
"GT_spanishjapanese_045from20gen_003from75gen_012from50gen_sim_1027.txt",60,30.9329833333333,5.54435,5.78019867313526,5.73074730044198,6.90224133736388,11.131637005442,2.06903382557733,0.179237480596494
"GT_spanishjapanese_045from20gen_sim_067.txt",45,22.932,4.43931111111111,5.82376775016359,5.73550724637681,6.99269705363888,10.6051045728465,2.11160816887275,0.193585867395391
"GT_spanishjapanese_045from20gen_sim_143.txt",45,21.4101111111111,3.9048,5.8880032865837,5.6884239888424,6.9678517397882,13.7001146788991,1.98648116579681,0.182381117955691
"GT_spanishjapanese_045from20gen_sim_313.txt",45,21.5719111111111,3.84875555555556,6.02708694266637,5.65598685561717,6.9678517397882,12.0425273390036,1.90551183185544,0.178415140676765
"GT_spanishjapanese_045from20gen_sim_349.txt",45,20.2768444444444,3.91526666666667,5.69927117939045,5.57446118943445,6.59143327841845,12.0425273390036,2.25783345563014,0.193090531290207
"GT_spanishjapanese_045from20gen_sim_410.txt",45,21.3303777777778,4.35766666666667,5.25245341853955,5.15416474919466,6.38684953610327,8.54789505796217,1.58119788850915,0.204293928221306
"GT_spanishjapanese_045from50gen_015from20gen_sim_880.txt",60,46.3626833333333,7.34173333333333,6.62598141262849,6.11177925777404,8.15726582568505,11.6125806451613,2.0634734102886,0.158354366173082
"GT_spanishjapanese_045from50gen_023from75gen_029from20gen_sim_1347.txt",97,49.9606082474227,8.83922680412371,6.10146868615307,6.02059925093633,7.16911614615227,11.7755392755393,1.9676302954148,0.176923922950432
"GT_spanishjapanese_045from50gen_030from20gen_sim_626.txt",75,38.78068,7.56944,6.1224874415276,6.27743902439024,7.44858648853072,11.8262169086251,2.32193162553222,0.195185850273899
"GT_spanishjapanese_045from50gen_sim_071.txt",45,55.0961777777778,9.15655555555556,6.45332894727186,6.16100365917407,7.57052913596785,13.3470899470899,2.05365031686132,0.166192210147266
"GT_spanishjapanese_045from50gen_sim_328.txt",45,56.0126666666667,8.26402222222222,7.11183055859479,6.71151143477705,8.40049269751892,11.7755392755393,1.7475481181283,0.147538453603748
"GT_spanishjapanese_045from75gen_003from20gen_004from50gen_sim_1202.txt",52,77.0309615384615,13.2765576923077,6.10592903942525,6.04323177188408,7.08791451886491,9.41156032849021,1.50824875005087,0.172353524182334
"GT_spanishjapanese_045from75gen_007from20gen_sim_556.txt",52,71.7789038461539,12.9659615384615,5.94483683251381,5.72503858727183,6.89344739587686,11.8467201261996,1.95089608433615,0.180637497143338
"GT_spanishjapanese_045from75gen_008from50gen_sim_912.txt",53,75.987358490566,13.6589622641509,6.01098352721381,5.79656160458453,7.4301103988604,12.8627423234753,1.87408363601566,0.179753087032848
"GT_spanishjapanese_045from75gen_018from50gen_sim_998.txt",63,71.7032698412698,12.7864285714286,6.35295380222232,6.16235211432587,7.6332816585863,12.0015192240271,2.24680492413674,0.178324204736186
"GT_spanishjapanese_045from75gen_033from50gen_sim_729.txt",78,70.2358974358974,11.9906666666667,6.40018353805805,6.134460509666,7.4250932238692,12.8627423234753,2.11287594600793,0.170719918224299
"GT_spanishjapanese_045from75gen_sim_324.txt",45,76.4358888888889,14.0994222222222,5.97163994201641,5.65351556995914,7.01970705725699,9.87967865619865,1.93778488171711,0.184460760870039
"GT_spanishjapanese_045from75gen_sim_376.txt",45,77.2617333333333,15.2343777777778,5.76912417638306,5.67740737990942,7.02448355011477,12.8627423234753,2.24519192045137,0.197178824762467
"GT_spanishjapanese_045from75gen_sim_394.txt",45,78.3174222222222,14.2160222222222,5.88438127013596,5.59408225500701,6.89273810726189,12.0015192240271,1.85473254593321,0.181518004791895
"GT_spanishjapanese_046from20gen_004from75gen_021from50gen_sim_1355.txt",71,32.924014084507,6.0323661971831,5.79131673014477,5.64046875,7.05880863692338,13.7001146788991,2.11312061027617,0.183220860667221
"GT_spanishjapanese_046from20gen_020from75gen_sim_945.txt",66,40.4813939393939,7.48901515151515,5.75216908933523,5.4416201984876,6.83970184299132,13.7001146788991,2.14779378638171,0.184998944520715
"GT_spanishjapanese_046from20gen_sim_122.txt",46,22.0865652173913,3.95858695652174,5.86497284229113,5.79265024569039,6.93090504720407,10.6051045728465,1.74794456284685,0.179230537548894
"GT_spanishjapanese_046from20gen_sim_467.txt",46,22.328847826087,4.17419565217391,5.84881805506337,6.21569045319334,7.18354473393433,10.6051045728465,2.01861411945248,0.186941829004592
"GT_spanishjapanese_046from50gen_008from75gen_004from20gen_sim_1263.txt",58,50.8020517241379,9.63925862068966,6.30094649897894,6.09508279361732,7.69966232532711,11.7236090716267,2.1555706421225,0.189741522114739
"GT_spanishjapanese_046from50gen_031from20gen_sim_605.txt",77,42.2136493506493,7.04290909090909,6.42170741099604,6.15925130408101,8.20527641914925,13.6106315311222,2.22668477047273,0.166839617025453
"GT_spanishjapanese_046from50gen_sim_344.txt",46,56.0533913043478,8.84332608695652,6.97501617527639,6.63096779673815,8.56038378932283,11.7755392755393,2.29575937122567,0.15776612050002
"GT_spanishjapanese_046from50gen_sim_366.txt",46,54.4447173913044,9.26339130434783,6.13223644809573,6.17965224472509,6.98189319593604,9.98009950248756,1.42962430453989,0.1701430689367
"GT_spanishjapanese_046from75gen_021from20gen_sim_629.txt",67,65.1761492537313,11.7507164179104,6.0124369489277,5.89374612149211,7.16509882436666,9.63313096270598,1.5612619048883,0.180291664243078
"GT_spanishjapanese_046from75gen_sim_320.txt",46,75.2635652173913,14.4966739130435,5.49167667917668,5.47882599759168,6.23390199655691,8.72711300166451,1.49209873949092,0.192612107480841
"GT_spanishjapanese_047from20gen_005from75gen_024from50gen_sim_1409.txt",76,35.1880394736842,6.39438157894737,5.76981669214422,5.98542115821052,6.98709087833233,11.8262169086251,2.14711206697501,0.181720313907499
"GT_spanishjapanese_047from20gen_sim_112.txt",47,21.0664680851064,3.88210638297872,5.85082723093714,5.96809895833333,7.15815817964043,10.2322111706197,1.81108659701099,0.184278938799585
"GT_spanishjapanese_047from20gen_sim_181.txt",47,22.3931914893617,4.47387234042553,5.64049670954205,5.38974488507199,7.26253118730715,12.0425273390036,2.12674094150725,0.199787169352387
"GT_spanishjapanese_047from50gen_011from20gen_019from75gen_sim_1474.txt",77,53.0281038961039,10.1300909090909,5.96162211591782,5.89178425125171,6.89642459058561,10.0588044885628,1.88089811970179,0.191032493429115
"GT_spanishjapanese_047from50gen_013from75gen_009from20gen_sim_1350.txt",69,54.5245652173913,8.95994202898551,6.42566179558984,6.14735643814824,7.45170988350244,11.8262169086251,1.73259762943225,0.164328536931233
"GT_spanishjapanese_047from50gen_023from75gen_sim_848.txt",70,63.8961142857143,10.4349571428571,6.58506303219719,6.31702733946869,7.60658102985331,11.7755392755393,1.95773110194901,0.163311294583529
"GT_spanishjapanese_047from50gen_sim_124.txt",47,55.5884893617021,8.97285106382979,6.72938484053433,6.16,7.72421338728672,13.6106315311222,2.27043738699805,0.161415630589373
"GT_spanishjapanese_047from75gen_020from20gen_026from50gen_sim_1408.txt",93,59.1198064516129,10.6221397849462,5.94209263085558,5.5757793764988,6.81921904199862,9.87967865619865,1.68858163010016,0.179671423546354
"GT_spanishjapanese_047from75gen_020from50gen_013from20gen_sim_1406.txt",80,63.32915,10.7665625,6.0443197438621,5.89209734568668,7.14044191076818,12.8627423234753,1.82710269910544,0.17000958484363
"GT_spanishjapanese_048from20gen_012from75gen_009from50gen_sim_1089.txt",69,37.1875797101449,6.37972463768116,6.24231883176958,5.8887299771167,7.4308768154922,13.7001146788991,2.19196945808919,0.171555252786208
"GT_spanishjapanese_048from20gen_016from50gen_sim_951.txt",64,30.021015625,5.32484375,5.94885967008736,6.1658840353676,7.15456259714588,12.0425273390036,2.02050466999475,0.177370539908241
"GT_spanishjapanese_048from20gen_030from50gen_009from75gen_sim_1228.txt",87,38.7361494252874,6.93188505747126,5.9836876988813,5.9502430654847,7.24299844629471,11.7755392755393,1.92133610749357,0.178951319641132
"GT_spanishjapanese_048from20gen_038from50gen_007from75gen_sim_1059.txt",93,38.324376344086,6.97176344086022,5.6947147374614,5.49185924369748,6.70909090909091,10.0597510373444,1.65034616222105,0.181914596033239
"GT_spanishjapanese_048from20gen_060from50gen_sim_664.txt",108,40.559787037037,6.51610185185185,6.54869103078178,6.44467337268295,7.86882107073973,13.7001146788991,2.17681755231772,0.160654242240022
"GT_spanishjapanese_048from20gen_sim_219.txt",48,22.3547708333333,4.59372916666667,5.42795000607211,5.56843210214352,7.00180028537031,9.23907380607815,1.97036477519247,0.205492116242897
"GT_spanishjapanese_048from20gen_sim_373.txt",48,21.5351041666667,4.07222916666667,5.83658982997458,5.99280746850262,7.77519232241963,10.5448888888889,2.26774572546414,0.189097258836106
"GT_spanishjapanese_048from20gen_sim_390.txt",48,21.2503958333333,4.3245625,5.56026537744231,5.61314273660284,7.47351146112445,10.0597510373444,2.28825966595116,0.20350503274939
"GT_spanishjapanese_048from50gen_006from75gen_022from20gen_sim_1017.txt",76,47.1969605263158,8.10152631578947,6.1315570087384,6.074154610793,7.08675900465354,13.3470899470899,1.92618517487207,0.171653560429432
"GT_spanishjapanese_048from50gen_028from75gen_sim_979.txt",76,63.0184078947368,11.0273552631579,6.25248856615647,5.75941978200992,7.62211164252288,13.3470899470899,2.07227912446501,0.174986256104367
"GT_spanishjapanese_048from50gen_sim_341.txt",48,52.9095,8.8948125,6.22796196553077,5.94774640691994,7.34589827706745,11.7236090716267,1.85334547230936,0.168113713038301
"GT_spanishjapanese_048from75gen_008from20gen_sim_763.txt",56,70.8503928571429,13.1003214285714,5.73833400526764,5.47691541012575,6.68869828715411,11.8467201261996,1.59629039842075,0.18490118262274
"GT_spanishjapanese_048from75gen_015from20gen_sim_551.txt",63,65.6154920634921,12.2109523809524,5.80942030324994,5.73367952522255,6.69768745435505,12.8627423234753,1.87638608926599,0.186098617825446
"GT_spanishjapanese_048from75gen_022from20gen_004from50gen_sim_1317.txt",74,61.0001756756757,11.0794594594595,5.89158172801283,5.73459338579968,6.83654995931037,11.0180338333865,1.81671506009653,0.18162995986055
"GT_spanishjapanese_048from75gen_024from20gen_006from50gen_sim_1137.txt",78,58.7986794871795,10.4006538461538,6.05478889499308,5.84962693337944,7.08490950975515,11.8467201261996,1.74900099796423,0.176885840581192
"GT_spanishjapanese_048from75gen_sim_026.txt",48,76.987875,15.00675,5.45966564342504,5.26533770509705,6.29750058969657,9.1381181619256,1.57138081798917,0.194923551273496
"GT_spanishjapanese_048from75gen_sim_272.txt",48,81.075875,13.916125,6.31703183242083,5.69783374951348,7.32086304475786,12.0015192240271,2.085149885361,0.171643229259012
"GT_spanishjapanese_048from75gen_sim_274.txt",48,78.2150208333333,14.5106041666667,5.85067056095988,5.43067233375498,7.29784223938964,9.17901182073306,1.69140394493832,0.185521962559941
"GT_spanishjapanese_049from20gen_013from50gen_014from75gen_sim_1174.txt",76,38.4312894736842,6.58576315789474,6.14275668316073,6.08828105436997,7.12528657045188,11.7755392755393,1.96667522376431,0.171364615866047
"GT_spanishjapanese_049from20gen_017from50gen_012from75gen_sim_1051.txt",78,36.900358974359,6.72257692307692,5.93385302966252,5.90734064912347,7.2751256018843,12.0425273390036,1.98007185691686,0.182181884131486
"GT_spanishjapanese_049from20gen_038from75gen_sim_799.txt",87,44.6407011494253,8.39457471264368,6.07936832001661,6.0878909998081,7.14628373679295,12.0015192240271,2.04533481857154,0.1880475551794
"GT_spanishjapanese_049from20gen_sim_268.txt",49,19.7444693877551,3.98848979591837,5.4821010030631,5.80550774526678,7.12345132743363,9.63313096270598,2.13685283519361,0.20200541820546
"GT_spanishjapanese_049from75gen_007from20gen_sim_802.txt",56,72.2355357142857,13.4905178571429,5.75096104784016,5.47742306874961,6.9062721594019,9.77053140096618,1.73189179408655,0.186757358739639
"GT_spanishjapanese_049from75gen_014from20gen_sim_843.txt",63,63.7514444444444,11.7231428571429,5.76287274430801,5.65351556995914,7.12154326435035,9.83995229576625,1.73473765286027,0.183888270443172
"GT_spanishjapanese_049from75gen_016from20gen_010from50gen_sim_1267.txt",75,64.1935866666667,11.0505466666667,6.19313880981078,6.3316937761761,7.26012891559076,11.8467201261996,1.90214257783043,0.17214409165277
"GT_spanishjapanese_049from75gen_043from50gen_004from20gen_sim_1237.txt",96,67.0730208333333,11.89515625,6.34438393573182,6.05418734345947,7.34450167151833,13.7001146788991,2.1326762000156,0.17734636225134
"GT_spanishjapanese_049from75gen_063from20gen_sim_612.txt",112,45.2238214285714,7.93173214285714,5.80148546919999,5.71972384469669,6.95002841116169,10.0588044885628,1.73368165223187,0.175388365960733
"GT_spanishjapanese_049from75gen_sim_135.txt",49,76.6669795918367,13.3538571428571,6.32193072729623,6.37910498553684,7.29518290474466,11.8467201261996,2.12407499782649,0.174180034402699
"GT_spanishjapanese_049from75gen_sim_432.txt",49,80.3497551020408,14.5528367346939,5.97972762124601,5.64059225204516,7.16418755052547,11.131637005442,1.9247144796954,0.181118619667383
"GT_spanishjapanese_050from20gen_007from50gen_007from75gen_sim_1479.txt",64,30.2885625,5.560703125,5.88465928489106,5.85528043806127,7.39617084672494,10.0597510373444,1.88714287147743,0.183590856284447
"GT_spanishjapanese_050from20gen_023from50gen_sim_598.txt",73,28.851602739726,6.34480821917808,5.62942598726877,5.43907875185736,7.26311899482631,11.7236090716267,2.47379422115331,0.219911811361587
"GT_spanishjapanese_050from20gen_sim_403.txt",50,20.80826,4.30278,5.22790759888221,5.14809567115928,6.4003292825636,9.4710547184774,1.82779485636956,0.206782306641689
"GT_spanishjapanese_050from50gen_066from75gen_sim_816.txt",116,68.3869568965517,12.2271551724138,6.3309093086589,6.28050809203648,7.42647313853318,13.6106315311222,1.9906705203344,0.178793672467539
"GT_spanishjapanese_050from75gen_015from20gen_sim_774.txt",65,63.9256769230769,12.2960461538462,5.63117289922106,5.50234252993233,7.14836363636364,11.131637005442,2.092120213376,0.192349095788884
"GT_spanishjapanese_050from75gen_042from20gen_sim_927.txt",92,53.1134347826087,9.94082608695652,6.04989176529627,5.82023718699701,7.44861143977058,12.8627423234753,1.99368929228852,0.187162177095945
"GT_spanishjapanese_050from75gen_043from20gen_011from50gen_sim_1379.txt",104,53.1770769230769,9.42443269230769,5.83704385787412,5.58966047034483,6.99201634514273,10.0355921469284,1.83552825886692,0.177227355048879
"GT_spanishjapanese_050from75gen_sim_057.txt",50,80.72244,14.36824,5.96560087636404,5.99459607728252,7.13062846118458,8.72711300166451,1.45937958156917,0.177995610638132
"GT_spanishjapanese_051from20gen_006from75gen_sim_594.txt",57,27.2752280701754,4.63175438596491,6.28654375593666,6.21931315878953,8.02482120319731,10.0597510373444,1.99252609622991,0.169815422772929
"GT_spanishjapanese_051from20gen_028from75gen_sim_814.txt",79,40.4891392405063,7.27788607594937,6.17607717737504,6.0878909998081,7.61978366019728,13.7001146788991,2.42755450277947,0.179749093521563
"GT_spanishjapanese_051from20gen_058from75gen_006from50gen_sim_1061.txt",115,52.6104869565217,9.64852173913043,5.72928365582823,5.48586429725364,6.8854984191007,12.8627423234753,1.98084915644472,0.183395408354691
"GT_spanishjapanese_051from20gen_063from75gen_sim_680.txt",114,53.2367719298246,9.66400877192982,5.76579742841236,5.47572044466813,6.91374013275135,9.77053140096618,1.76088956467458,0.18152882719239
"GT_spanishjapanese_051from20gen_sim_004.txt",51,21.2397450980392,3.83705882352941,6.10498736292069,5.96809895833333,7.14045615278728,13.7001146788991,2.46014547872234,0.180654655026139
"GT_spanishjapanese_051from20gen_sim_323.txt",51,20.6192352941176,4.03707843137255,5.39664234192288,5.68875502008032,6.51330262705542,9.23907380607815,1.90143199927404,0.195791860065939
"GT_spanishjapanese_051from20gen_sim_461.txt",51,20.7955294117647,3.98750980392157,5.66586083630558,5.8887299771167,6.84845802895989,8.67027027027027,1.84826851938476,0.191748415006242
"GT_spanishjapanese_051from50gen_019from20gen_007from75gen_sim_1413.txt",77,45.9361168831169,9.15168831168831,6.06231543359151,6.02059925093633,7.04996271439224,13.6106315311222,2.10966062312085,0.199226424274706
"GT_spanishjapanese_051from50gen_031from20gen_sim_517.txt",82,42.3220243902439,7.21601219512195,6.03954885552105,5.98444517370316,7.41027376649231,11.8262169086251,2.00762863988046,0.170502529098901
"GT_spanishjapanese_051from50gen_033from20gen_sim_940.txt",84,41.076619047619,6.87180952380952,6.24987616692268,6.13523614703414,7.55804742335502,12.0425273390036,2.12953313577685,0.167292481298016
"GT_spanishjapanese_051from50gen_046from20gen_020from75gen_sim_1044.txt",117,45.8417008547009,8.60291452991453,6.07736253581384,5.97477307556289,7.3961549665016,11.2544002903284,2.11925027820071,0.187665692361245
"GT_spanishjapanese_051from50gen_047from20gen_sim_899.txt",98,39.0701530612245,6.61341836734694,6.29391807816911,6.20485322146927,7.52805516135792,13.7001146788991,2.22830795361148,0.16927034703405
"GT_spanishjapanese_051from50gen_sim_371.txt",51,54.5955294117647,8.47125490196078,6.86754606922706,6.48860215053764,8.03909209350732,11.6125806451613,1.92587130042147,0.155163893330345
"GT_spanishjapanese_051from50gen_sim_463.txt",51,55.7354117647059,9.39758823529412,6.25771646668702,6.0560805769709,7.04371447272259,11.7236090716267,1.67444885251147,0.16861072588765
"GT_spanishjapanese_051from75gen_007from50gen_sim_691.txt",58,77.7835689655172,13.5034310344828,6.14269695863098,5.78260336110237,7.05319498384099,11.8285859613428,1.72979721438371,0.173602615746123
"GT_spanishjapanese_051from75gen_sim_045.txt",51,77.4970392156863,13.7815098039216,6.0988168023696,5.79656160458453,7.32160896452052,10.0355921469284,1.81091072581078,0.177832726816382
"GT_spanishjapanese_051from75gen_sim_074.txt",51,79.6748431372549,14.3985294117647,5.78133309040394,5.50234252993233,6.63918345198995,9.65002888503755,1.50939878678662,0.180716131275722
"GT_spanishjapanese_051from75gen_sim_194.txt",51,79.7306274509804,13.8009607843137,6.16988753747972,5.59095174262735,7.25569132430849,12.8627423234753,1.90295610260207,0.173094847306937
"GT_spanishjapanese_051from75gen_sim_255.txt",51,78.6772156862745,14.3407450980392,6.01010119691517,5.41957583700703,7.30702770870367,11.8467201261996,2.09924179993222,0.182273164765044
"GT_spanishjapanese_051from75gen_sim_369.txt",51,78.1272941176471,15.5698823529412,5.45909410051402,5.36415481712417,6.6357812597436,11.8285859613428,1.76493225728098,0.199288642065287
"GT_spanishjapanese_051from75gen_sim_417.txt",51,72.8840784313725,13.3936470588235,5.86065832483402,5.92574200254071,7.09715867761902,10.0355921469284,1.71491000972822,0.183766432217908
"GT_spanishjapanese_052from20gen_017from50gen_sim_690.txt",69,26.9436376811594,6.14533333333333,5.56131119672778,5.65598685561717,6.8801684532925,12.0425273390036,2.40943901090675,0.228081055945557
"GT_spanishjapanese_052from20gen_019from50gen_007from75gen_sim_1361.txt",78,34.255141025641,5.92825641025641,6.0735840150699,6.09701753935221,7.28505199712689,10.6051045728465,1.77842986840197,0.17306180131674
"GT_spanishjapanese_052from20gen_026from75gen_sim_931.txt",78,39.6979102564103,7.59151282051282,5.68044597476757,5.65335267856338,6.90797927689594,9.51835578988479,1.8497176815986,0.19123205154828
"GT_spanishjapanese_052from20gen_041from50gen_026from75gen_sim_1255.txt",119,45.0901848739496,8.0909243697479,5.84417548843092,5.64046875,7.13957796793513,13.6106315311222,2.18435991428803,0.179438704728451
"GT_spanishjapanese_052from20gen_sim_261.txt",52,22.0328269230769,4.00873076923077,6.01102431750046,6.15257604999982,6.90505109192858,10.6051045728465,1.92077231112399,0.181943551012606
"GT_spanishjapanese_052from20gen_sim_444.txt",52,21.1285192307692,4.18763461538462,5.56041738557201,5.79345711576445,6.78489891552015,9.63313096270598,1.9271842031988,0.198198206398024
"GT_spanishjapanese_052from50gen_028from20gen_sim_873.txt",80,43.16445,7.3861625,6.1396993304384,6.10298296026051,6.88250523180844,13.6106315311222,1.86353960682526,0.171116798661862
"GT_spanishjapanese_052from50gen_052from20gen_012from75gen_sim_1215.txt",116,42.6781551724138,6.88438793103448,6.37851642231548,6.48585887708891,7.56560388704835,11.6125806451613,1.91235652276761,0.161309407663535
"GT_spanishjapanese_052from50gen_sim_273.txt",52,54.9360769230769,8.62971153846154,6.738461681064,6.36542662860812,7.7397294252201,11.7755392755393,2.08042995276944,0.157086417920688
"GT_spanishjapanese_052from50gen_sim_290.txt",52,54.9544230769231,8.91176923076923,6.48188610997455,6.32504402726837,7.37714800550503,11.8262169086251,1.69053689488023,0.162166550603122
"GT_spanishjapanese_052from50gen_sim_298.txt",52,54.6205384615385,8.46996153846154,6.73381794000694,6.55709317789479,7.64208489571089,11.6125806451613,1.61438990493625,0.155069169529073
"GT_spanishjapanese_052from50gen_sim_470.txt",52,55.2800961538462,8.74084615384615,6.65434402894903,6.31315161002994,7.6936352619654,10.0465838509317,1.58272929744241,0.158119228474569
"GT_spanishjapanese_052from75gen_017from20gen_004from50gen_sim_1182.txt",73,67.1752739726027,12.6032191780822,5.77801700926184,5.60216158059468,6.68600760456274,10.9164753664136,1.84748084445712,0.187616937494328
"GT_spanishjapanese_052from75gen_024from50gen_sim_809.txt",76,71.6000657894737,12.9677105263158,5.97486912173599,5.60285157239277,6.92567446797511,12.8627423234753,1.82986141321669,0.181113109091895
"GT_spanishjapanese_052from75gen_sim_137.txt",52,77.6296538461538,14.3388846153846,5.90961572002109,5.9917746806003,7.16785267024687,12.8627423234753,1.95396854372876,0.184708856795901
"GT_spanishjapanese_052from75gen_sim_291.txt",52,79.7042692307692,15.0204615384615,5.95958970762838,5.49252291691571,7.29784223938964,12.8627423234753,2.25661114597589,0.188452408928969
"GT_spanishjapanese_052from75gen_sim_416.txt",52,78.7320769230769,13.8147115384615,6.26254918239454,5.74428711153709,7.04002092360146,12.0015192240271,2.08524098298957,0.175464843280571
"GT_spanishjapanese_053from20gen_005from75gen_014from50gen_sim_1042.txt",72,30.3369305555556,5.88448611111111,5.47245023319388,5.64914621324708,6.60445570455476,9.4710547184774,1.80431808136638,0.1939710446426
"GT_spanishjapanese_053from20gen_009from75gen_008from50gen_sim_1067.txt",70,32.8837,6.11165714285714,5.64171513154212,5.19640206633265,6.88684797720384,11.2544002903284,2.03994248705691,0.185856735794851
"GT_spanishjapanese_053from20gen_sim_449.txt",53,21.2613962264151,4.30356603773585,5.56946240645806,5.74672825250192,6.97842135150483,10.5448888888889,2.19089962468581,0.20241220246811
"GT_spanishjapanese_053from20gen_sim_473.txt",53,21.3619811320755,4.18749056603774,5.75015228865152,6.13312693498452,6.94163739529857,13.7001146788991,2.31152440882271,0.196025384544045
"GT_spanishjapanese_053from50gen_010from20gen_011from75gen_sim_1405.txt",74,54.3476351351351,9.00825675675676,6.39308547840933,6.15454076026717,7.38212292274018,11.0180338333865,1.77552177041386,0.165752506697996
"GT_spanishjapanese_053from50gen_010from75gen_sim_621.txt",63,58.0416507936508,9.98473015873016,6.27390236042265,5.64046875,7.10473132980872,13.3470899470899,2.25670041044755,0.172026984453419
"GT_spanishjapanese_053from50gen_sim_038.txt",53,54.3207169811321,9.26020754716981,6.26792977782482,6.15562021769587,6.81964006259781,11.7236090716267,1.96074208385836,0.170472852013096
"GT_spanishjapanese_053from50gen_sim_495.txt",53,55.9181698113208,8.94632075471698,6.69297620079734,6.56134167140421,7.99667050838776,11.7236090716267,1.85538471176056,0.15998951297769
"GT_spanishjapanese_053from75gen_013from20gen_009from50gen_sim_1281.txt",75,63.1642533333333,11.5589466666667,5.97119283897866,5.56240301485258,7.17924989729896,12.0015192240271,1.94819484738833,0.182998231700251
"GT_spanishjapanese_053from75gen_018from20gen_sim_830.txt",71,64.7154084507042,11.7693098591549,5.90600652586356,5.60354156419085,6.77312287609437,12.0015192240271,1.87907427214585,0.181862560106068
"GT_spanishjapanese_054from20gen_sim_116.txt",54,20.0865740740741,4.29409259259259,5.40121105441418,5.11485426688204,6.86876087401988,12.0425273390036,2.47622257813842,0.213779242630281
"GT_spanishjapanese_054from20gen_sim_334.txt",54,22.2155740740741,3.76064814814815,6.34689563237237,6.11515344944416,7.52069307669638,13.7001146788991,2.17392430795066,0.169279809543022
"GT_spanishjapanese_054from50gen_004from75gen_sim_622.txt",58,56.5543448275862,8.64748275862069,6.85920548363165,6.51061390698908,7.98114441756393,10.9916115912557,1.62528448589268,0.152905719003266
"GT_spanishjapanese_054from50gen_014from20gen_007from75gen_sim_1449.txt",75,50.1758533333333,7.84921333333333,6.76403681395224,6.6675771647091,7.82719033531665,13.6106315311222,2.03567838470068,0.156434077586855
"GT_spanishjapanese_054from50gen_019from20gen_004from75gen_sim_1318.txt",77,44.5597402597403,8.47137662337662,6.15531110579642,6.20148423005566,7.53282149712092,10.081799016163,2.19771660157448,0.190112791816036
"GT_spanishjapanese_054from50gen_sim_008.txt",54,55.1550555555556,8.83053703703704,6.67138829996904,6.47877491080648,7.80107355462562,13.6106315311222,2.07417743860193,0.160103855359957
"GT_spanishjapanese_054from50gen_sim_011.txt",54,56.7841481481481,8.81711111111111,6.81174281391161,6.4333472226547,7.54499601787023,13.6106315311222,1.98975984111083,0.155274163629391
"GT_spanishjapanese_054from50gen_sim_025.txt",54,54.6337407407407,9.32364814814815,6.18864075107902,6.13751294201111,6.80634128124252,11.7236090716267,1.72326630852703,0.170657326804559
"GT_spanishjapanese_054from50gen_sim_046.txt",54,55.9666111111111,8.88611111111111,6.6608007086247,6.54078572328653,7.26638437261609,13.3470899470899,1.7046738499528,0.158775222131449
"GT_spanishjapanese_054from50gen_sim_120.txt",54,53.0711481481481,9.95142592592593,6.47843102713261,6.50625938037398,7.96172140033429,11.0180338333865,2.15189765929496,0.187511035151275
"GT_spanishjapanese_054from50gen_sim_318.txt",54,54.6644259259259,9.2627962962963,6.27996681526136,6.11615803102504,7.51825452858787,10.0465838509317,1.73156691524097,0.169448341209108
"GT_spanishjapanese_054from75gen_006from20gen_017from50gen_sim_1176.txt",77,69.8436623376623,12.4158441558442,6.02713784250398,5.65351556995914,6.9678517397882,11.8467201261996,1.88892253366435,0.177766224454542
"GT_spanishjapanese_054from75gen_021from50gen_sim_913.txt",75,73.8638666666667,13.1746533333333,6.00407908911146,5.66292585170341,7.22367837122309,12.8627423234753,1.75205545591159,0.178363981306151
"GT_spanishjapanese_054from75gen_sim_061.txt",54,79.1279814814815,14.0234074074074,5.92509446248873,5.47847729235757,7.04375611775534,10.0355921469284,1.68398824611637,0.177224379351688
"GT_spanishjapanese_054from75gen_sim_370.txt",54,77.2013333333333,14.3296666666667,5.93807123087705,5.66546147493428,7.20216688089963,11.8285859613428,1.9569671307635,0.185614238096061
"GT_spanishjapanese_054from75gen_sim_477.txt",54,78.8511296296296,13.8477777777778,6.05765427721911,5.69137209055649,6.85349569301718,11.8285859613428,1.75945808511353,0.175619269410875
"GT_spanishjapanese_055from20gen_021from75gen_sim_786.txt",76,36.9703815789474,6.95040789473684,5.51603368138157,5.36654766679217,6.89033899619741,10.0588044885628,2.01345297027642,0.187999355102538
"GT_spanishjapanese_055from20gen_056from50gen_004from75gen_sim_1252.txt",115,39.2617217391304,7.0242,5.96845494100249,5.91002570694087,6.89438778032845,13.7001146788991,2.15126129985524,0.178907080200696
"GT_spanishjapanese_055from20gen_sim_085.txt",55,20.0292181818182,3.87132727272727,5.64418567988474,5.6884239888424,7.03457846480246,10.5448888888889,2.0256034013337,0.193283993293434
"GT_spanishjapanese_055from20gen_sim_375.txt",55,21.2823454545455,4.13214545454545,5.62835826123728,5.54946911196911,6.58186528785787,10.2322111706197,1.63908759505356,0.194158367712376
"GT_spanishjapanese_055from50gen_020from75gen_sim_574.txt",75,57.8313066666667,11.55208,5.99151832931783,5.82938758151403,7.28698451187651,13.3470899470899,2.28790946066347,0.199754781032096
"GT_spanishjapanese_055from50gen_021from75gen_004from20gen_sim_1358.txt",80,61.6600625,10.5086625,6.25111034877559,5.91361685761509,7.16247007635068,13.3470899470899,2.12557132667709,0.170428995267399
"GT_spanishjapanese_055from50gen_sim_056.txt",55,50.4716,9.33896363636364,6.63794561424032,6.33281853281853,7.96676296158923,13.6106315311222,2.45729115684191,0.185034031739902
"GT_spanishjapanese_055from50gen_sim_144.txt",55,55.5750363636364,8.89216363636364,6.62989309306044,6.54357108967262,7.35918564675172,13.6106315311222,1.80739783363072,0.160002839731508
"GT_spanishjapanese_055from50gen_sim_172.txt",55,53.9867454545455,9.01069090909091,6.38897355237168,6.15562021769587,7.4672858308766,11.7236090716267,2.00097168872239,0.166905614206315
"GT_spanishjapanese_055from50gen_sim_381.txt",55,54.1674181818182,8.48421818181818,6.85467406460721,6.71151143477705,7.88716783124305,13.6106315311222,2.08921048019438,0.156629547181667
"GT_spanishjapanese_055from50gen_sim_386.txt",55,55.3557090909091,8.91358181818182,6.70682695823314,6.16235211432587,7.99781514323687,13.3470899470899,2.21239093157503,0.161023713083384
"GT_spanishjapanese_055from75gen_005from50gen_033from20gen_sim_1108.txt",93,57.5560322580645,10.1781935483871,5.83784088163925,5.42555504692149,6.96383913484285,12.0015192240271,1.79346137472331,0.176839735976779
"GT_spanishjapanese_055from75gen_007from50gen_sim_877.txt",62,71.1667096774193,14.708,5.60963862140933,5.50354890565265,6.68322504656558,11.8467201261996,1.99399570952066,0.206669664322935
"GT_spanishjapanese_055from75gen_019from50gen_sim_740.txt",74,69.0666081081081,12.6766216216216,5.96736276952193,5.90666406873443,6.98146881753291,9.89684372594303,1.75531309215262,0.18354197446296
"GT_spanishjapanese_055from75gen_022from50gen_sim_947.txt",77,72.013948051948,13.0872987012987,6.01050858085779,5.89546471425666,7.14836363636364,11.0180338333865,1.82153221356082,0.18173283169891
"GT_spanishjapanese_055from75gen_023from20gen_sim_744.txt",78,62.4835384615385,10.7592179487179,6.06465037059269,5.71016966207069,7.27849915434751,11.8285859613428,1.98033849468634,0.172192840124455
"GT_spanishjapanese_055from75gen_sim_041.txt",55,80.6730181818182,14.5673090909091,5.98035350485258,5.60093719295594,7.04393326757571,11.8285859613428,1.73288420281712,0.180572258472811
"GT_spanishjapanese_055from75gen_sim_134.txt",55,79.0897454545455,15.2515090909091,5.58264407235962,5.55520933205497,6.61304255403486,9.66846424384525,1.67599766362682,0.192838009570716
"GT_spanishjapanese_055from75gen_sim_149.txt",55,80.2774363636364,14.2761090909091,5.91367018848556,5.44603715816575,6.96743301856293,12.8627423234753,1.76369140101157,0.17783464118413
"GT_spanishjapanese_055from75gen_sim_392.txt",55,79.423,13.2024909090909,6.48744071179144,6.28739040742651,7.41448081419552,12.8627423234753,1.97269357630023,0.166230070748913
"GT_spanishjapanese_055from75gen_sim_401.txt",55,78.4088181818182,13.9948363636364,5.95566100505841,5.51161483701761,6.74557203868896,12.0015192240271,1.93487983563864,0.178485490384314
"GT_spanishjapanese_056from20gen_008from50gen_005from75gen_sim_1074.txt",69,29.1394492753623,5.51033333333333,5.60746011325675,5.46181556195965,6.72988147223955,9.63313096270598,1.81961647812901,0.189102178330885
"GT_spanishjapanese_056from20gen_015from50gen_sim_666.txt",71,30.1499718309859,5.00716901408451,6.24532389470185,6.44146023468057,7.45277982851764,11.8262169086251,1.82430631468565,0.166075412678778
"GT_spanishjapanese_056from50gen_sim_180.txt",56,50.2749464285714,9.34191071428571,6.58014560348346,6.34199252491146,7.83631341907651,11.8262169086251,2.19476376535073,0.185816423047975
"GT_spanishjapanese_056from75gen_004from50gen_sim_884.txt",60,73.8888,14.65755,5.84263249008627,5.54782854624895,7.18054377403696,12.0015192240271,2.04947963029894,0.198373095787183
"GT_spanishjapanese_056from75gen_019from50gen_sim_589.txt",75,72.0454933333333,12.3072,6.35297027636292,6.07605016922158,7.73487526868732,11.8467201261996,1.95212563201871,0.170825396989902
"GT_spanishjapanese_056from75gen_048from20gen_sim_716.txt",104,52.2324134615385,9.06445192307692,5.89991487315452,5.85048622976172,6.8818785750201,12.8627423234753,1.93961358516896,0.173540744575235
"GT_spanishjapanese_057from20gen_009from75gen_013from50gen_sim_1221.txt",79,34.767746835443,6.19443037974684,5.92043729886448,5.65598685561717,7.26014590146301,13.7001146788991,2.30246576209047,0.178165999915534
"GT_spanishjapanese_057from50gen_010from75gen_005from20gen_sim_1328.txt",72,52.3030694444444,9.9185,6.18198053549677,6.13523614703414,7.46157782281004,11.8262169086251,2.04148525413019,0.189635141978336
"GT_spanishjapanese_057from50gen_015from20gen_004from75gen_sim_1303.txt",76,48.0216184210526,8.32447368421053,6.12440911219465,6.08137330659953,6.83656646670144,11.8262169086251,2.00210753010216,0.173348461753656
"GT_spanishjapanese_057from50gen_023from20gen_sim_777.txt",80,44.25105,7.2340625,6.34509123981114,6.27713583073057,7.51701523656305,11.4126544917912,1.88676953887301,0.163477759284808
"GT_spanishjapanese_057from50gen_sim_330.txt",57,54.4472807017544,8.66442105263158,6.63802858741923,6.30504106941537,7.35610425240055,11.8262169086251,1.76097778971705,0.159134137480486
"GT_spanishjapanese_057from50gen_sim_353.txt",57,55.1389649122807,8.88019298245614,6.54179540150861,6.4132802124834,7.57052913596785,13.3470899470899,1.91803316415747,0.161051136824629
"GT_spanishjapanese_057from50gen_sim_361.txt",57,56.8344210526316,9.01873684210526,6.74880682572244,6.453414232826,7.57230462065031,13.6106315311222,2.05719269305398,0.158684414744956
"GT_spanishjapanese_057from50gen_sim_452.txt",57,53.1237894736842,8.44959649122807,6.70306167691841,6.18407427245135,7.80356251040453,11.7236090716267,1.9695509583684,0.159054852354118
"GT_spanishjapanese_057from75gen_037from50gen_013from20gen_sim_1207.txt",107,62.3748785046729,10.4935514018692,6.30029837106046,6.14735643814824,7.60411728667497,11.131637005442,1.70238968263971,0.168233616696873
"GT_spanishjapanese_057from75gen_sim_123.txt",57,80.7623859649123,14.5781929824561,5.93326463266301,5.65351556995914,7.16743151161174,12.0015192240271,1.76043487979646,0.180507210235093
"GT_spanishjapanese_058from20gen_sim_406.txt",58,20.0689655172414,4.385,5.22054967467238,5.51712650729597,6.61870320972066,10.6051045728465,2.22794539322053,0.218496563573883
"GT_spanishjapanese_058from20gen_sim_497.txt",58,22.2368620689655,4.03562068965517,5.83983250193578,5.89827048155941,6.84196327897385,10.5448888888889,1.93090235028272,0.18148337104125
"GT_spanishjapanese_058from50gen_sim_028.txt",58,55.6061379310345,8.3803275862069,6.93420791371671,6.44467337268295,8.10194280534778,11.7236090716267,1.72391544228341,0.150708678898013
"GT_spanishjapanese_058from50gen_sim_030.txt",58,54.4959827586207,8.56406896551724,6.73995813772805,6.16117605716294,7.72061020010279,11.7755392755393,2.0153745809604,0.157150463795655
"GT_spanishjapanese_058from50gen_sim_060.txt",58,49.7544827586207,9.57191379310345,6.27932880520434,6.10695668769934,7.33704271712434,11.0180338333865,2.21484256876276,0.192382942448436
"GT_spanishjapanese_058from50gen_sim_423.txt",58,51.7539137931035,10.6882931034483,5.78242729938834,5.78910751767493,6.79372659447711,11.6125806451613,2.06310110509075,0.206521445821022
"GT_spanishjapanese_058from75gen_017from50gen_004from20gen_sim_1060.txt",79,71.9755316455696,13.2741392405063,5.93578217149763,5.92574200254071,7.20242318171556,11.8467201261996,1.978126716478,0.184425719922048
"GT_spanishjapanese_058from75gen_sim_054.txt",58,79.7841206896552,13.5215517241379,6.327746975076,5.83895184503412,7.16392801870512,11.8285859613428,1.86876586851917,0.169476728041337
"GT_spanishjapanese_058from75gen_sim_171.txt",58,79.454775862069,14.7271724137931,5.97626094425215,5.55164540433254,6.72876862285827,12.8627423234753,2.23877475297612,0.185352891050363
"GT_spanishjapanese_058from75gen_sim_198.txt",58,77.8692413793103,15.0536206896552,5.60878867486377,5.51380911267181,6.62013188934037,12.8627423234753,1.87712031473995,0.193319215944678
"GT_spanishjapanese_059from20gen_sim_066.txt",59,20.7932881355932,4.05152542372881,5.6234922225903,5.59517426273458,6.64241051264134,12.0425273390036,2.12065904662373,0.19484775074095
"GT_spanishjapanese_059from20gen_sim_076.txt",59,21.5822881355932,4.22330508474576,5.53261559120175,5.73731159643187,6.7893656662022,9.57108350586611,1.94329309409766,0.195683843075969
"GT_spanishjapanese_059from20gen_sim_084.txt",59,21.7251016949153,3.84233898305085,6.08204232406208,6.08247863247863,7.52791344067989,13.7001146788991,2.13456464823263,0.176861725989073
"GT_spanishjapanese_059from50gen_006from20gen_sim_923.txt",65,50.1264307692308,9.16876923076923,6.38741605056169,6.26078697421981,7.78757225433526,11.2544002903284,1.9883749212573,0.1829128683225
"GT_spanishjapanese_059from50gen_011from20gen_007from75gen_sim_1480.txt",77,51.5907272727273,8.70692207792208,6.162842056472,5.74962311557789,7.36226704110289,13.6106315311222,1.77753975060409,0.168769128450044
"GT_spanishjapanese_059from50gen_018from20gen_sim_822.txt",77,47.463974025974,7.85276623376623,6.34304288779717,6.08247863247863,7.57052913596785,11.8262169086251,2.04060097194062,0.165446876181689
"GT_spanishjapanese_059from50gen_042from20gen_sim_602.txt",101,38.585099009901,7.12112871287129,6.36212731730587,6.53262566344052,7.78474332320486,12.0425273390036,2.32123418974171,0.184556445249603
"GT_spanishjapanese_059from50gen_sim_343.txt",59,56.2502033898305,9.31413559322034,6.47669130418031,6.30504106941537,7.76777911220032,13.6106315311222,1.99305922571115,0.165584034046431
"GT_spanishjapanese_059from75gen_004from20gen_sim_604.txt",63,74.4631428571429,14.1307619047619,5.98045741783021,5.86409448818898,7.22163728042354,12.0425273390036,2.14342090250441,0.189768540012764
"GT_spanishjapanese_059from75gen_007from50gen_008from20gen_sim_1040.txt",74,69.8758243243243,12.1185,6.35169138536047,6.08725934183576,7.30041473631699,13.6106315311222,1.96335433121096,0.173429081047441
"GT_spanishjapanese_059from75gen_040from50gen_007from20gen_sim_1143.txt",106,67.2847075471698,11.7187452830189,6.14082630443497,6.0356128303852,7.26878553069892,12.8627423234753,1.94686474371105,0.174166548540074
"GT_spanishjapanese_059from75gen_sim_110.txt",59,78.8079322033898,14.295406779661,5.93575850746773,5.49303057553957,6.98380873182013,11.8285859613428,1.8758246635581,0.181395531896041
"GT_spanishjapanese_059from75gen_sim_347.txt",59,78.3585254237288,14.3792372881356,5.90142265306527,5.4954829742877,7.19208710374407,11.8285859613428,1.96540218124989,0.183505715687973
"GT_spanishjapanese_059from75gen_sim_414.txt",59,77.4192203389831,14.2596949152542,5.79291700129884,5.59408225500701,6.95136208415758,9.1381181619256,1.53655608625948,0.184188045976408
"GT_spanishjapanese_060from20gen_016from50gen_sim_637.txt",76,27.43525,4.99118421052632,5.84262048497589,5.82452389387727,7.10122902445114,10.4146841673503,2.19444370874024,0.181925960599095
"GT_spanishjapanese_060from20gen_sim_173.txt",60,20.83355,3.97985,5.75146846906076,5.39251587723416,7.09366592308592,10.6051045728465,2.20622037011824,0.191030813279542
"GT_spanishjapanese_060from20gen_sim_262.txt",60,21.2795333333333,3.91051666666667,5.84452480539067,5.58547681961669,7.38224415365748,10.2322111706197,1.97662453478642,0.183768910972358
"GT_spanishjapanese_060from20gen_sim_297.txt",60,21.5286666666667,3.97473333333333,5.93829880332016,5.69726159212557,7.24078009885972,13.7001146788991,2.24562633293954,0.184625150961509
"GT_spanishjapanese_060from50gen_005from20gen_sim_647.txt",65,51.0617076923077,7.52710769230769,7.02376439914395,6.82649407876618,7.80557398805574,11.8262169086251,1.59079754370271,0.147411985076277
"GT_spanishjapanese_060from50gen_008from75gen_004from20gen_sim_1341.txt",72,54.1810833333333,9.97469444444445,6.55300253842205,6.15743576088844,8.04172630010697,11.7755392755393,2.42590375013465,0.184099206416344
"GT_spanishjapanese_060from50gen_060from20gen_sim_907.txt",120,37.879025,6.61659166666667,5.9891406545894,5.99656776519792,6.90065698315167,13.7001146788991,2.05810018083944,0.17467692652244
"GT_spanishjapanese_060from50gen_sim_083.txt",60,53.24075,8.77668333333333,6.63184566710582,6.17877606717856,8.22953408407769,11.8262169086251,2.18663938670552,0.164848980026264
"GT_spanishjapanese_060from50gen_sim_299.txt",60,54.8652166666667,9.44265,6.17071882655876,6.09710154822748,7.6798340289279,10.9164753664136,1.7829311256021,0.172106310221443
"GT_spanishjapanese_060from50gen_sim_346.txt",60,54.1167333333333,8.6964,6.58070553747702,6.31512802410188,7.6504391922946,11.2544002903284,1.8515463778427,0.160697061044581
"GT_spanishjapanese_060from50gen_sim_384.txt",60,55.0494666666667,8.50428333333333,7.06242545557428,6.48064390127762,8.31018656581663,13.6106315311222,2.31947709272951,0.154484391008329
"GT_spanishjapanese_060from50gen_sim_388.txt",60,53.0317,8.6133,6.50463319725669,6.17747276644707,7.51212077660426,11.7755392755393,1.7740284907026,0.162417950018574
"GT_spanishjapanese_061from20gen_016from50gen_sim_743.txt",77,28.7135064935065,5.07736363636364,6.10332545835638,6.09645258520751,7.4308768154922,10.9916115912557,1.98029490069191,0.176828407826535
"GT_spanishjapanese_061from20gen_sim_111.txt",61,20.8472459016393,4.11554098360656,5.49824805307841,5.59085816715214,6.64352298296368,13.7001146788991,2.04723697517182,0.197414133407566
"GT_spanishjapanese_061from20gen_sim_279.txt",61,21.0133606557377,3.9944262295082,5.75951533399875,5.84244372990354,6.99416594641314,12.0425273390036,2.14797932686312,0.190089833556324
"GT_spanishjapanese_061from20gen_sim_304.txt",61,20.3690327868852,4.07788524590164,5.43338160931843,5.32933255269321,6.78327832783278,9.37804878048781,2.01585752195178,0.200200239675947
"GT_spanishjapanese_061from20gen_sim_420.txt",61,22.8264098360656,4.43606557377049,5.61862427683981,5.46557659208262,6.78327832783278,10.5448888888889,1.80590418095809,0.194339171408442
"GT_spanishjapanese_061from50gen_010from75gen_048from20gen_sim_1006.txt",119,43.7016722689076,7.51151260504202,6.20745106500156,6.0021023125438,7.40099905840093,13.6106315311222,2.11368163233035,0.171881582901948
"GT_spanishjapanese_061from50gen_012from75gen_sim_756.txt",73,58.9660684931507,9.48731506849315,6.60002590025373,6.27743902439024,7.80557398805574,13.3470899470899,2.03675444038327,0.160894482385156
"GT_spanishjapanese_061from50gen_sim_048.txt",61,53.8879016393443,8.26777049180328,6.87971152806084,6.57981220657277,7.78757225433526,11.8262169086251,1.81013371550366,0.153425355975763
"GT_spanishjapanese_061from50gen_sim_118.txt",61,55.9363278688525,8.80506557377049,6.6911031239044,6.27743902439024,7.84466170080695,11.7236090716267,1.7448692163922,0.157412291961938
"GT_spanishjapanese_061from75gen_012from20gen_025from50gen_sim_1007.txt",98,65.740112244898,11.3238163265306,6.26924348257121,6.12153086337142,7.37473899955341,13.7001146788991,2.01485542781432,0.172251247219455
"GT_spanishjapanese_061from75gen_014from50gen_sim_550.txt",75,74.6844,13.4758666666667,6.14328447606835,5.67740737990942,7.26569159362758,12.8627423234753,2.08346315076324,0.180437503235839
"GT_spanishjapanese_061from75gen_019from20gen_sim_937.txt",80,64.7302375,11.9441375,5.76112318213002,5.53054197449336,6.66540130819728,12.8627423234753,1.84581886703092,0.184521762337115
"GT_spanishjapanese_061from75gen_029from50gen_sim_988.txt",90,72.3293,12.7924444444444,6.21496563681764,6.07824600292949,7.4183494238555,11.8467201261996,1.89848376526766,0.176863932658611
"GT_spanishjapanese_061from75gen_038from20gen_sim_996.txt",99,57.4577070707071,10.9858888888889,5.55475345170873,5.50234252993233,6.64790092755754,11.131637005442,1.87057809169221,0.191199570065853
"GT_spanishjapanese_061from75gen_sim_033.txt",61,80.7838196721311,15.3338852459016,5.81061198006055,5.49303057553957,7.30170098478066,11.131637005442,1.93225781692339,0.189813818016227
"GT_spanishjapanese_061from75gen_sim_064.txt",61,77.6351967213115,13.9916885245902,6.01739851306505,5.92574200254071,7.17676902536716,9.87967865619865,1.68203343435459,0.180223521231181
"GT_spanishjapanese_061from75gen_sim_385.txt",61,77.6614098360656,14.6959672131148,5.82619998652939,5.64059225204516,6.60348953140578,12.8627423234753,2.22239879753565,0.189231269998012
"GT_spanishjapanese_062from20gen_006from75gen_010from50gen_sim_1323.txt",78,29.503,5.32785897435897,5.87639953116514,5.9571503526819,7.08719383345143,10.2322111706197,1.90532791252358,0.180587024179201
"GT_spanishjapanese_062from20gen_008from75gen_008from50gen_sim_1306.txt",78,31.1083076923077,5.66457692307692,5.89621515977229,5.94368740979864,7.10374207355871,10.5448888888889,2.00652269979861,0.182092095111867
"GT_spanishjapanese_062from20gen_sim_309.txt",62,20.6138870967742,4.32838709677419,5.18722607031694,4.96011448746622,6.4097456838209,8.73015252248729,1.57939673236934,0.209974328298884
"GT_spanishjapanese_062from20gen_sim_499.txt",62,21.3364516129032,4.17922580645161,5.49947101996572,5.62342251138466,6.91032018803865,9.37804878048781,1.91529633432582,0.1958725791089
"GT_spanishjapanese_062from50gen_013from20gen_sim_890.txt",75,49.2608933333333,7.99733333333333,6.44823321440606,6.16100365917407,7.595927744168,11.7236090716267,1.93422460936841,0.162346494189982
"GT_spanishjapanese_062from50gen_sim_062.txt",62,56.058935483871,8.40658064516129,7.02160387145986,6.65937001594896,7.95099069618838,13.3470899470899,1.88892893227636,0.149959691039442
"GT_spanishjapanese_062from50gen_sim_251.txt",62,54.7714193548387,8.73087096774194,6.70653935196895,6.07651497567647,7.71494862825994,13.6106315311222,2.20629175834104,0.159405600048059
"GT_spanishjapanese_062from50gen_sim_378.txt",62,55.6653064516129,8.32877419354839,7.01296701955026,6.95141034141214,8.18720231665205,11.7236090716267,1.78257711487772,0.149622354110063
"GT_spanishjapanese_062from50gen_sim_448.txt",62,52.0208225806452,9.27503225806452,6.77602215050389,6.45672325412144,7.83799850894711,13.3470899470899,2.47008147883032,0.178294609695683
"GT_spanishjapanese_062from75gen_012from50gen_sim_986.txt",74,75.6884189189189,14.4033108108108,5.88334207415552,5.68417089074498,7.19866577657691,11.4126544917912,2.0091914086745,0.190297419559528
"GT_spanishjapanese_062from75gen_013from20gen_sim_671.txt",75,70.2353066666667,13.2034266666667,5.81687864632355,5.49349551190321,6.70999130123964,12.8627423234753,2.26332635148656,0.187988453290729
"GT_spanishjapanese_062from75gen_sim_113.txt",62,81.1141612903226,14.6778064516129,5.97262740962285,5.86156685150307,7.01449369916919,12.0015192240271,1.8156202979601,0.180952452914829
"GT_spanishjapanese_062from75gen_sim_146.txt",62,77.8874032258065,13.9340967741935,5.99721594279728,5.86156685150307,7.11619949158697,11.131637005442,1.6214998145163,0.178900517889865
"GT_spanishjapanese_062from75gen_sim_282.txt",62,76.8851774193548,14.5780322580645,5.69173958355703,5.30467836509143,7.11619949158697,11.131637005442,1.76303468604285,0.189607837913302
"GT_spanishjapanese_063from20gen_sim_189.txt",63,22.1900476190476,4.23046031746032,5.68877714953184,5.57446118943445,6.85833816165322,12.0425273390036,1.89669385117151,0.190646743535104
"GT_spanishjapanese_063from20gen_sim_199.txt",63,20.8530952380952,4.12490476190476,5.39400708011361,5.34595300261097,6.74407130100082,10.6051045728465,1.83223956346561,0.197807793749929
"GT_spanishjapanese_063from20gen_sim_206.txt",63,21.0976984126984,4.10312698412698,5.54951388447069,5.49939807383628,6.94002136632561,12.0425273390036,2.07175149193397,0.194482208621267
"GT_spanishjapanese_063from20gen_sim_278.txt",63,20.8883650793651,4.35233333333333,5.22819151607065,4.67728613569322,6.50161363686825,10.0597510373444,1.88429003064774,0.208361607851869
"GT_spanishjapanese_063from50gen_sim_345.txt",63,50.423873015873,9.47679365079365,6.48429361279928,6.35092377475384,7.65601412042028,11.8262169086251,2.38245181998939,0.187942597106939
"GT_spanishjapanese_063from75gen_006from20gen_sim_959.txt",69,73.4923913043478,12.6433188405797,6.24971239266848,5.68751835535977,7.16743151161174,12.8627423234753,2.03300122528536,0.172035752493357
"GT_spanishjapanese_063from75gen_011from20gen_sim_537.txt",74,67.6383378378378,12.4713648648649,5.85989746458748,5.78984120431575,6.81185445114453,11.8285859613428,1.74878619758779,0.184383077164977
"GT_spanishjapanese_063from75gen_sim_311.txt",63,82.0460317460317,15.1574444444444,5.82976502204104,5.56415915253169,7.19793970738391,9.77053140096618,1.76950855451299,0.184743175530577
"GT_spanishjapanese_064from20gen_013from75gen_sim_758.txt",77,29.6397792207792,5.43253246753247,5.75355883142375,5.63466225626741,6.80322345656529,10.2322111706197,1.95889417555839,0.183285186676557
"GT_spanishjapanese_064from20gen_sim_050.txt",64,20.95271875,4.30559375,5.44736546775351,5.6489551306147,6.89410339702926,9.70473295701259,2.05715986073876,0.205490934201558
"GT_spanishjapanese_064from20gen_sim_161.txt",64,21.0725,4.129140625,5.42630338709229,5.65047121345271,6.4702113697203,10.0597510373444,1.73609481612486,0.195949252580377
"GT_spanishjapanese_064from20gen_sim_319.txt",64,21.6116875,3.97290625,5.93646340889784,6.14968846749226,7.32492103292194,10.5448888888889,1.94498475136353,0.183831375962659
"GT_spanishjapanese_064from20gen_sim_442.txt",64,21.223359375,3.9420625,5.92138513170761,5.9194865213007,7.34892052294435,13.7001146788991,2.20299326753771,0.185741683507633
"GT_spanishjapanese_064from50gen_sim_044.txt",64,50.468484375,9.486359375,6.33369959856115,6.44111394177937,7.37801546043319,10.9916115912557,2.03727134945882,0.187966004774638
"GT_spanishjapanese_064from50gen_sim_435.txt",64,54.234296875,8.7206875,6.71861053173718,6.37475570658962,7.62878747957702,13.6106315311222,2.24931002468385,0.160796543930487
"GT_spanishjapanese_064from75gen_023from20gen_025from50gen_sim_1141.txt",112,60.8340892857143,10.5552053571429,6.35547681194328,6.28336134043821,7.23491571945442,12.0425273390036,1.93834390544453,0.173508068931042
"GT_spanishjapanese_064from75gen_sim_154.txt",64,75.25740625,13.301734375,6.12434276792413,5.69137209055649,7.24796974335764,12.8627423234753,1.98350157825566,0.176749838159616
"GT_spanishjapanese_065from20gen_013from50gen_sim_908.txt",78,27.0167051282051,4.89052564102564,5.82583111472149,5.98510063543857,6.96980179070565,12.0425273390036,2.02326355795948,0.181018581570851
"GT_spanishjapanese_065from20gen_sim_105.txt",65,21.4447384615385,4.26653846153846,5.43875384695919,5.34962320164421,6.9678517397882,9.37804878048781,1.98550557890855,0.198955024291417
"GT_spanishjapanese_065from20gen_sim_160.txt",65,20.0515076923077,4.18932307692308,5.33298154470487,5.6884239888424,6.91485714285714,10.6051045728465,2.21029047851542,0.208928083673739
"GT_spanishjapanese_065from20gen_sim_387.txt",65,21.6885076923077,4.02504615384615,5.91263232082177,6.38308227114716,6.96383913484285,10.6051045728465,1.97676245716332,0.185584283204221
"GT_spanishjapanese_065from20gen_sim_405.txt",65,20.6041230769231,4.05229230769231,5.57473144544031,5.65598685561717,6.88734567901235,13.7001146788991,2.25045677802741,0.196673854672851
"GT_spanishjapanese_065from20gen_sim_464.txt",65,21.8949692307692,3.90167692307692,6.02491475153183,6.16625,6.95816733067729,10.6051045728465,2.05993652795415,0.178199698841954
"GT_spanishjapanese_065from50gen_015from75gen_039from20gen_sim_1010.txt",119,44.0318067226891,8.05694117647059,6.23038611018525,6.13312693498452,7.65188102744741,11.2544002903284,1.909960196984,0.182980026852247
"GT_spanishjapanese_065from50gen_sim_204.txt",65,55.2014923076923,8.67195384615385,6.68349432431859,6.50787356972924,7.84880668257756,13.3470899470899,1.77253544911725,0.157096366123881
"GT_spanishjapanese_065from75gen_006from20gen_008from50gen_sim_1181.txt",79,73.3867594936709,12.4981518987342,6.09481911734645,5.73367952522255,7.04107741182756,10.0588044885628,1.57981500046282,0.170305270119088
"GT_spanishjapanese_065from75gen_011from20gen_sim_521.txt",76,71.263,12.9113289473684,6.01437581086672,5.88318976588319,7.34454387534389,11.131637005442,1.9933861458157,0.181178577205119
"GT_spanishjapanese_065from75gen_011from50gen_sim_678.txt",76,75.8058815789474,14.1577894736842,5.77175820013539,5.52982106340969,6.88413256015894,11.8285859613428,1.82232627755912,0.186763733615309
"GT_spanishjapanese_065from75gen_sim_007.txt",65,79.0148461538462,14.4068307692308,6.03662252761039,5.51161483701761,7.28444726005702,12.0015192240271,2.1298066274478,0.182330681770612
"GT_spanishjapanese_065from75gen_sim_292.txt",65,78.1861846153846,14.2269538461538,6.10115403653999,5.92574200254071,7.29655599092596,12.0015192240271,2.21342907480817,0.1819625029171
"GT_spanishjapanese_065from75gen_sim_305.txt",65,79.5157384615385,13.7555384615385,6.12684303053969,5.89374612149211,7.18173076923077,11.8467201261996,1.6795768058905,0.172991394253252
"GT_spanishjapanese_066from20gen_010from50gen_sim_565.txt",76,25.6396973684211,4.50607894736842,5.99789098116472,6.1492213736442,7.28031022900185,13.7001146788991,2.10063418791086,0.175746183062141
"GT_spanishjapanese_066from20gen_sim_239.txt",66,21.4925151515152,4.25115151515152,5.53451239719408,5.5139898034676,7.01823197539471,10.2322111706197,2.09017259096091,0.197796836953809
"GT_spanishjapanese_066from20gen_sim_267.txt",66,21.2283484848485,4.1554696969697,5.43717881751741,5.42074122267084,6.84116441626451,8.51900972590628,1.72973493769756,0.195750964797644
"GT_spanishjapanese_066from50gen_sim_233.txt",66,53.5555757575758,8.53127272727273,6.60685732786412,6.4263126964503,7.79474252594941,11.2544002903284,1.7539262370428,0.159297563448675
"GT_spanishjapanese_066from50gen_sim_365.txt",66,54.3103333333333,8.89086363636364,6.53319623216403,6.1511845078615,7.87675613832802,11.6125806451613,1.85887133165046,0.163704825411315
"GT_spanishjapanese_066from75gen_sim_055.txt",66,79.1035303030303,14.5274090909091,5.94604383701858,5.49717889411209,7.1541796022754,11.8467201261996,1.99004801681447,0.18365057836556
"GT_spanishjapanese_066from75gen_sim_306.txt",66,81.1310454545455,14.1411212121212,6.25039066828956,5.87977960122282,7.36215576558347,12.8627423234753,1.98604677201014,0.174299753354515
"GT_spanishjapanese_067from20gen_013from75gen_sim_826.txt",80,30.613225,5.7077125,5.67868983569442,5.34862641280036,6.69861012693521,12.0015192240271,1.84685858771264,0.186445972288121
"GT_spanishjapanese_067from20gen_sim_003.txt",67,22.2359402985075,3.85776119402985,6.13337603947296,6.11155644622579,7.46178750414532,10.0597510373444,1.87775411493861,0.173492154693759
"GT_spanishjapanese_067from20gen_sim_017.txt",67,21.2724776119403,4.16389552238806,5.7207398702852,6.07829079437912,6.95663828819475,13.7001146788991,2.16556411650417,0.195740975656303
"GT_spanishjapanese_067from20gen_sim_103.txt",67,21.8623731343284,3.95814925373134,6.1045689107014,6.31137140068326,7.4216792853944,13.7001146788991,2.32245658757534,0.181048472158599
"GT_spanishjapanese_067from20gen_sim_465.txt",67,21.3084925373134,4.05105970149254,5.78513842294587,5.99103321785205,6.94135444132267,9.57108350586611,1.94739921109867,0.190114795516328
"GT_spanishjapanese_067from50gen_sim_232.txt",67,53.9931194029851,8.87056716417911,6.48059394510407,6.20148423005566,7.30193301523922,13.3470899470899,2.01598392757236,0.164290695967618
"GT_spanishjapanese_067from50gen_sim_248.txt",67,56.2102686567164,8.93707462686567,6.71552259869689,6.453414232826,7.79235243541136,13.3470899470899,2.05716696019786,0.158993629463783
"GT_spanishjapanese_067from50gen_sim_426.txt",67,51.5442686567164,9.53228358208955,6.46863142654759,6.453414232826,7.79235243541136,11.2544002903284,2.19132098986035,0.184933918561816
"GT_spanishjapanese_067from50gen_sim_493.txt",67,54.3779850746269,8.77240298507463,6.54187507048875,6.41646191646192,7.25344609015759,13.6106315311222,1.80999848604713,0.161322692869837
"GT_spanishjapanese_067from75gen_008from50gen_sim_768.txt",75,75.62064,13.0754,6.16583957130629,5.67740737990942,7.48245119706324,10.0588044885628,1.7682568767431,0.172907819875632
"GT_spanishjapanese_067from75gen_sim_015.txt",67,76.9743880597015,14.6190149253731,5.70662492640859,5.59095174262735,6.70167280749606,11.131637005442,1.76390915865739,0.189920508546747
"GT_spanishjapanese_067from75gen_sim_114.txt",67,80.9984179104478,14.3019253731343,6.09986080311798,5.82938758151403,7.13625969694443,12.0015192240271,1.93098495210536,0.176570428683516
"GT_spanishjapanese_067from75gen_sim_295.txt",67,76.8995671641791,14.4507462686567,5.67914539217209,5.49303057553957,6.87911621634379,9.83995229576625,1.60243598916713,0.187917134017213
"GT_spanishjapanese_067from75gen_sim_431.txt",67,77.3273134328358,14.8740746268657,5.55559757278498,5.42555504692149,6.80443062280286,9.66846424384525,1.52123313107077,0.192352145271216
"GT_spanishjapanese_068from20gen_005from75gen_007from50gen_sim_1087.txt",80,27.062425,5.1633,5.53176573379243,5.30710748367324,7.15988438147151,11.8262169086251,2.2538523963168,0.190792214666646
"GT_spanishjapanese_068from20gen_sim_101.txt",68,20.9831029411765,4.32169117647059,5.41358292271941,5.01737681770649,6.89179502250014,10.5448888888889,2.1236702398082,0.205960538276246
"GT_spanishjapanese_068from20gen_sim_264.txt",68,21.6662794117647,4.04689705882353,5.80477084095564,5.9194865213007,7.20353151407585,10.6051045728465,2.1409021378035,0.186783202686202
"GT_spanishjapanese_068from50gen_017from75gen_sim_510.txt",85,60.4323647058823,10.2143647058824,6.25093572382792,6.15346130283847,7.27741303282705,10.9164753664136,1.59963859087378,0.169021430082945
"GT_spanishjapanese_068from50gen_sim_201.txt",68,55.1804117647059,9.33016176470588,6.34339434361561,6.22984038976477,7.57536523896533,11.0180338333865,1.81533477022379,0.169084670924358
"GT_spanishjapanese_068from50gen_sim_437.txt",68,54.7732941176471,9.14726470588235,6.35520082385813,6.45672325412144,7.35764494957613,9.84266489450075,1.62817216383167,0.16700227461644
"GT_spanishjapanese_068from50gen_sim_492.txt",68,55.1815735294118,10.0248382352941,6.44057234208663,6.31315161002994,7.99724282581232,11.7236090716267,2.11166436700124,0.1816700321159
"GT_spanishjapanese_068from75gen_010from20gen_sim_898.txt",78,69.6552435897436,12.528141025641,5.86676326223241,5.56483526074471,7.05708277546486,12.8627423234753,1.82140375486546,0.179859266581988
"GT_spanishjapanese_069from20gen_010from75gen_sim_721.txt",79,27.5136075949367,5.20316455696203,5.75768740842083,6.20200530816868,7.21807455183928,11.8285859613428,1.99250619184552,0.189112406979285
"GT_spanishjapanese_069from20gen_sim_170.txt",69,21.1321739130435,4.15624637681159,5.55231301065149,5.77979274611399,6.87391841779975,9.63313096270598,1.90017467041823,0.196678599840891
"GT_spanishjapanese_069from20gen_sim_185.txt",69,20.4736086956522,4.20920289855072,5.33770160631538,5.15416474919466,6.73307692307692,10.0597510373444,2.14911538393311,0.205591645377329
"GT_spanishjapanese_069from20gen_sim_186.txt",69,20.7393623188406,3.9241884057971,5.7621325695734,6.0021023125438,6.94542483660131,10.5448888888889,1.98466254495735,0.189214516120015
"GT_spanishjapanese_069from20gen_sim_457.txt",69,20.2848115942029,3.93394202898551,5.65411964958373,5.73550724637681,6.91485714285714,9.70473295701259,1.98316842782986,0.193935349644054
"GT_spanishjapanese_069from20gen_sim_491.txt",69,22.5151014492754,4.1306231884058,5.88831366989459,5.70576816417083,6.9678517397882,10.0597510373444,1.75825834670333,0.183460118876735
"GT_spanishjapanese_069from50gen_sim_217.txt",69,54.1146811594203,9.12195652173913,6.37083075967364,6.15925130408101,7.42179089871147,13.6106315311222,1.94204061795652,0.168567130514289
"GT_spanishjapanese_069from50gen_sim_326.txt",69,53.9510579710145,8.69292753623188,6.62704352965306,6.34504698512138,7.64486426416892,13.6106315311222,1.94469581921279,0.161126173668405
"GT_spanishjapanese_069from50gen_sim_340.txt",69,54.9886376811594,8.60802898550725,6.748649248975,6.46003227541689,7.63372520205731,13.6106315311222,1.99127273903427,0.156541957548015
"GT_spanishjapanese_069from50gen_sim_413.txt",69,53.6244782608696,8.78808695652174,6.40396649520578,6.20770113476986,7.27741303282705,10.9164753664136,1.72809233837801,0.163882003919365
"GT_spanishjapanese_069from50gen_sim_490.txt",69,54.3938405797101,9.09930434782609,6.40967254623312,6.35092377475384,7.64486426416892,11.6125806451613,1.84921284282404,0.167285564888394
"GT_spanishjapanese_069from75gen_006from20gen_sim_916.txt",75,76.0837866666667,13.4153866666667,6.02317252606382,5.61026023312551,7.44832457737875,12.8627423234753,2.04162463044618,0.176323856295971
"GT_spanishjapanese_069from75gen_008from20gen_sim_939.txt",77,73.11,12.6491948051948,6.13773024147295,5.8485161085542,7.29655599092596,11.8467201261996,1.82033156241047,0.173015932228078
"GT_spanishjapanese_070from20gen_048from50gen_sim_553.txt",118,34.3492627118644,5.93457627118644,6.10380643986528,6.17634533898305,7.11058490322803,13.6106315311222,2.05371526920479,0.172771576524599
"GT_spanishjapanese_070from20gen_sim_211.txt",70,20.903,3.97122857142857,5.80458193454015,5.78897548814017,6.96543063751047,13.7001146788991,2.22464593087804,0.189983666049303
"GT_spanishjapanese_070from20gen_sim_307.txt",70,21.1869714285714,4.33214285714286,5.28241022624539,5.11792826103997,6.93039143740957,10.0597510373444,1.85880884493339,0.204472020540925
"GT_spanishjapanese_070from50gen_sim_205.txt",70,53.9260428571429,8.60698571428571,6.60844919645246,6.41498654642205,7.76830296780451,11.0180338333865,1.67650833229691,0.159607218669591
"GT_spanishjapanese_070from50gen_sim_352.txt",70,53.8207285714286,8.65417142857143,6.69022825467745,6.24257007958005,8.06419981247292,11.8262169086251,2.01231508041981,0.160796251895512
"GT_spanishjapanese_070from50gen_sim_367.txt",70,53.6047428571429,9.20234285714286,6.2356643126955,5.80643786253567,7.1281022621288,11.7236090716267,2.02037763195328,0.171670310622834
"GT_spanishjapanese_070from50gen_sim_380.txt",70,54.4389285714286,8.69998571428571,6.71100916128426,6.52093185903017,7.56503744513867,13.3470899470899,2.06571432857125,0.159811846827047
"GT_spanishjapanese_070from75gen_sim_040.txt",70,78.5951857142857,14.0021714285714,6.14387189974178,6.09355935043438,7.18049033326487,11.131637005442,1.86273679851859,0.178155586774399
"GT_spanishjapanese_071from20gen_sim_075.txt",71,20.8631267605634,4.21356338028169,5.47305710702254,5.80550774526678,6.7893656662022,12.0425273390036,2.01050196563295,0.201962219212817
"GT_spanishjapanese_071from20gen_sim_363.txt",71,21.5262816901408,4.11411267605634,5.5063851835143,5.54946911196911,6.61963019039016,9.57108350586611,1.59493225202534,0.191120451514886
"GT_spanishjapanese_071from20gen_sim_439.txt",71,22.0352394366197,3.84208450704225,6.04740743626703,5.9502430654847,6.87608857436962,10.2322111706197,1.65940270719367,0.174360914847025
"GT_spanishjapanese_071from50gen_sim_213.txt",71,53.5429014084507,8.94923943661972,6.36787825778963,6.16,7.72595364993825,11.7755392755393,1.77279643566359,0.167141473495257
"GT_spanishjapanese_071from75gen_sim_176.txt",71,77.1480281690141,14.6948873239437,5.64287165077562,5.36959966926204,6.28692509112565,11.8467201261996,1.75837848398948,0.190476512137814
"GT_spanishjapanese_072from20gen_sim_021.txt",72,20.8242083333333,4.03544444444444,5.52607164448388,5.7114251091753,6.80593835032453,9.37804878048781,1.83302289741957,0.193786211694055
"GT_spanishjapanese_072from20gen_sim_126.txt",72,20.1487361111111,4.22233333333333,5.20222995368918,5.12585533258592,6.62234189480025,9.63313096270598,1.96183921778431,0.209558222910315
"GT_spanishjapanese_072from20gen_sim_202.txt",72,21.2778611111111,4.00706944444444,5.74482644351901,6.05151764358717,7.07912288532249,9.57108350586611,1.91511327069385,0.188321064016721
"GT_spanishjapanese_072from20gen_sim_253.txt",72,21.4373611111111,4.02313888888889,5.74286098182721,5.46923841284682,6.94576987914325,12.0425273390036,1.95147283852631,0.187669502231955
"GT_spanishjapanese_072from50gen_sim_329.txt",72,53.2188611111111,8.89316666666667,6.32389339791377,6.04211206039483,7.19279615906986,11.7755392755393,1.72712163424909,0.1671055426778
"GT_spanishjapanese_072from75gen_sim_220.txt",72,80.7023611111111,15.1205555555556,5.70284216675886,5.62137717325538,6.731446996531,9.77053140096618,1.65708103559317,0.187361997187883
"GT_spanishjapanese_072from75gen_sim_440.txt",72,78.9474305555556,13.4456666666667,6.29949085980831,5.99459607728252,7.1915294118065,11.131637005442,1.82727333330145,0.170311643736206
"GT_spanishjapanese_073from20gen_017from50gen_sim_952.txt",90,26.9714444444444,5.16934444444444,5.69833661029738,5.81380188435041,6.89361593111585,10.2322111706197,2.04476515667963,0.191659903684143
"GT_spanishjapanese_073from20gen_sim_182.txt",73,20.6351232876712,4.06257534246575,5.47638713387475,5.54946911196911,6.65013131018383,12.0425273390036,2.03183790948174,0.196876717712319
"GT_spanishjapanese_073from20gen_sim_244.txt",73,20.7698630136986,4.12735616438356,5.71979286553852,6.0021023125438,7.445463093559,12.0425273390036,2.36304551714188,0.198718506793299
"GT_spanishjapanese_073from50gen_009from75gen_sim_933.txt",82,58.6674268292683,9.40417073170732,6.69972006372059,6.21156954427284,7.83488977261915,12.8627423234753,1.98469876609951,0.160296287735185
"GT_spanishjapanese_073from50gen_042from75gen_sim_543.txt",115,64.1468,10.8472869565217,6.38680300996651,6.14735643814824,7.455414706877,13.6106315311222,1.84704798892531,0.169100983315173
"GT_spanishjapanese_073from50gen_sim_208.txt",73,53.0548219178082,9.02597260273973,6.27316812895258,6.16,7.34249628528975,11.8262169086251,1.77759944470584,0.170125396268837
"GT_spanishjapanese_073from50gen_sim_260.txt",73,55.1440410958904,9.33491780821918,6.36605673008478,6.16100365917407,7.57230462065031,9.89684372594303,1.81230158520375,0.169282439638158
"GT_spanishjapanese_073from50gen_sim_471.txt",73,54.7489315068493,8.83267123287671,6.57087765418238,6.16,7.71049510821227,11.4126544917912,1.77498171600985,0.161330476956828
"GT_spanishjapanese_073from75gen_sim_104.txt",73,76.4511369863014,14.3555479452055,5.67084126037592,5.36415481712417,6.7075215098529,11.131637005442,1.73634113914896,0.187774158908555
"GT_spanishjapanese_073from75gen_sim_109.txt",73,77.9898767123288,13.8598904109589,5.93615037994437,5.41530750934421,6.74302229562345,11.8467201261996,1.80210138024168,0.177713967443263
"GT_spanishjapanese_073from75gen_sim_178.txt",73,79.0634383561644,14.9234520547945,5.67719947079538,5.46345907281193,7.03965380199594,9.41156032849021,1.69612104425541,0.188752884583231
"GT_spanishjapanese_073from75gen_sim_296.txt",73,79.4527671232877,14.6822191780822,5.79347794356149,5.41530750934421,7.01970705725699,11.8467201261996,1.7964063540248,0.184791791521869
"GT_spanishjapanese_073from75gen_sim_407.txt",73,80.9681780821918,14.4093150684932,6.15164386714446,5.63249411338526,7.33857988165681,12.8627423234753,2.02623257290215,0.177962693613608
"GT_spanishjapanese_074from20gen_023from75gen_013from50gen_sim_1276.txt",110,37.4690181818182,6.57903636363636,5.93469068814793,5.72624820833638,7.40444036319539,11.8467201261996,2.11087025909748,0.175586035687181
"GT_spanishjapanese_074from50gen_sim_133.txt",74,55.4906756756757,9.30333783783784,6.427779580116,6.23170327295063,7.32221465026448,13.6106315311222,2.05396176989675,0.167655875956759
"GT_spanishjapanese_074from50gen_sim_158.txt",74,53.3375135135135,8.7515,6.55117701249683,6.19118755136373,7.81753967676744,13.6106315311222,2.08865983410536,0.164077764850863
"GT_spanishjapanese_074from75gen_sim_169.txt",74,82.1125945945946,13.9615135135135,6.20052761618371,5.69137209055649,7.20842683645797,12.0015192240271,1.7847126075951,0.170028892430499
"GT_spanishjapanese_074from75gen_sim_254.txt",74,80.4977972972973,14.8337837837838,6.00790141072426,5.87977960122282,7.31894909636744,11.8467201261996,2.06058164732414,0.184275648301271
"GT_spanishjapanese_075from20gen_008from75gen_010from50gen_sim_1279.txt",93,29.9342903225806,5.59279569892473,5.52495022515931,5.59085816715214,6.83004834510971,8.67027027027027,1.67592523407936,0.18683575386806
"GT_spanishjapanese_075from20gen_sim_226.txt",75,20.5972933333333,3.95786666666667,5.63281809885145,5.51170230678565,6.76598065756374,13.7001146788991,2.26465263587818,0.192154697348584
"GT_spanishjapanese_075from20gen_sim_250.txt",75,21.89284,3.97773333333333,6.05085810997613,6.13312693498452,7.1376202507045,10.5448888888889,1.88646753658642,0.181691061248031
"GT_spanishjapanese_075from20gen_sim_322.txt",75,21.29008,4.1226,5.61906567003318,5.65598685561717,6.9241275691654,10.2322111706197,1.87547255165235,0.193639479043761
"GT_spanishjapanese_075from75gen_sim_476.txt",75,80.27552,14.4716533333333,5.97181424753742,5.86409448818898,7.28952376587607,10.0588044885628,1.74502724132572,0.18027480025459
"GT_spanishjapanese_076from20gen_sim_052.txt",76,21.6573684210526,4.07607894736842,5.77783846190132,5.70034100400068,6.90004415122602,13.7001146788991,2.12376608135995,0.188207489853945
"GT_spanishjapanese_076from20gen_sim_389.txt",76,21.4802894736842,4.12084210526316,5.55319247341505,5.5512802369689,6.93074819501906,9.49039780521262,1.8614390082568,0.191842950268974
"GT_spanishjapanese_076from50gen_012from20gen_012from75gen_sim_1280.txt",100,51.72727,9.15252,6.39604790170283,6.26911299930503,7.51735154286655,13.3470899470899,2.11957218131702,0.176938005813955
"GT_spanishjapanese_076from50gen_sim_089.txt",76,55.0138157894737,8.96423684210526,6.50259295402988,6.43493807464396,7.6361171804642,11.6125806451613,1.77638143453509,0.162945193193097
"GT_spanishjapanese_076from50gen_sim_207.txt",76,51.5858684210526,9.42840789473684,6.39973950027119,6.17965224472509,7.79874008996672,11.6125806451613,2.0670781729569,0.182771138362556
"GT_spanishjapanese_076from75gen_sim_337.txt",76,81.294947368421,14.4608684210526,5.96186970817501,5.78296599443146,7.04940794152465,9.83995229576625,1.60426570363549,0.177881515262164
"GT_spanishjapanese_076from75gen_sim_468.txt",76,78.5221184210526,13.9878552631579,6.15968584117769,5.67913461389246,7.33974415139951,12.0015192240271,2.14820801845755,0.178139045971123
"GT_spanishjapanese_077from20gen_sim_010.txt",77,21.4846883116883,4.17425974025974,5.63655630674953,5.23863938347064,6.88734567901235,13.7001146788991,2.17774336833624,0.194289983624702
"GT_spanishjapanese_077from20gen_sim_400.txt",77,21.0807662337662,4.09603896103896,5.67232125686635,5.84244372990354,6.99269705363888,12.0425273390036,2.01085104890801,0.194302185965048
"GT_spanishjapanese_077from75gen_sim_159.txt",77,77.8023636363636,14.5922077922078,5.71671328325044,5.46345907281193,6.96371077762619,11.8467201261996,1.68091956412593,0.187554813378287
"GT_spanishjapanese_078from20gen_sim_214.txt",78,21.9046794871795,3.80739743589744,6.46365665658988,6.57058514238747,8.13754771889153,13.7001146788991,2.36059905344753,0.17381662389198
"GT_spanishjapanese_078from50gen_008from20gen_sim_934.txt",86,51.6024418604651,7.96954651162791,6.70086030572003,6.4984463017021,7.56503744513867,13.3470899470899,1.77814667131806,0.154441267201615
"GT_spanishjapanese_078from50gen_025from20gen_sim_676.txt",103,46.5184368932039,7.82366990291262,6.2244996494995,6.03488681757656,7.43675039110695,13.6106315311222,2.01199413632334,0.168184281876755
"GT_spanishjapanese_078from50gen_sim_014.txt",78,55.8609102564103,8.96387179487179,6.66830686288391,6.55245638053842,7.87675613832802,11.7755392755393,1.85616276647688,0.160467700109544
"GT_spanishjapanese_078from50gen_sim_031.txt",78,51.4164615384615,9.44780769230769,6.49038803497968,6.22954390224796,7.74977355844587,13.3470899470899,2.33545126641185,0.183750639573677
"GT_spanishjapanese_078from50gen_sim_117.txt",78,50.8155,9.77808974358974,6.16912154731052,6.17907255469537,7.58148647559537,11.7755392755393,2.23813290700826,0.192423369711795
"GT_spanishjapanese_078from50gen_sim_229.txt",78,54.973282051282,8.9001282051282,6.64590044475319,6.32798242208461,8.15312494145888,13.3470899470899,2.10338220242208,0.161899160338029
"GT_spanishjapanese_078from50gen_sim_275.txt",78,53.6134102564103,9.15792307692308,6.35442543770915,6.15539547231531,7.64090113727799,11.6125806451613,2.06830428474674,0.170814037628358
"GT_spanishjapanese_078from50gen_sim_300.txt",78,53.6160512820513,8.95638461538462,6.35654064034311,6.09576426445398,7.38286667792497,11.8262169086251,1.85111784154495,0.167046703388671
"GT_spanishjapanese_078from75gen_sim_237.txt",78,77.9492307692308,14.5497692307692,5.68634097246754,5.34877237417886,6.59532062650342,11.8467201261996,1.66424533789669,0.18665699567766
"GT_spanishjapanese_078from75gen_sim_310.txt",78,78.2123846153846,14.7088974358974,5.75737653158164,5.46263731738579,7.15554651303719,12.0015192240271,1.79219407439933,0.18806353377703
"GT_spanishjapanese_079from20gen_sim_034.txt",79,20.1579113924051,3.98494936708861,5.63198082691198,6.08247863247863,7.34937642639604,9.23907380607815,2.09120005388559,0.197686619884143
"GT_spanishjapanese_079from20gen_sim_241.txt",79,20.8682278481013,4.15273417721519,5.50597042000484,5.34595300261097,6.69727874746645,13.7001146788991,2.22318159954484,0.198997931565762
"GT_spanishjapanese_079from50gen_sim_102.txt",79,53.3023797468354,8.88763291139241,6.36673149115872,6.06500566251416,7.24696470257777,13.6106315311222,1.88417593689808,0.166739889543488
"GT_spanishjapanese_079from50gen_sim_338.txt",79,53.5557215189873,8.65096202531646,6.71222515708565,6.48860215053764,7.87397950654091,13.3470899470899,2.21096648648439,0.161531985378059
"GT_spanishjapanese_079from50gen_sim_368.txt",79,51.4020379746835,9.12624050632911,6.57982220831773,6.16,7.7965731211955,13.6106315311222,2.35634164001009,0.177546277655838
"GT_spanishjapanese_079from75gen_014from50gen_015from20gen_sim_1404.txt",108,67.5035925925926,11.9670833333333,6.28550145362598,5.79214113968283,7.50831105663489,13.7001146788991,2.11904162637188,0.177280687941437
"GT_spanishjapanese_079from75gen_sim_001.txt",79,79.8212025316456,14.1465949367089,5.95722272043228,5.56415915253169,7.02968042962646,11.8467201261996,1.67426504322945,0.17722853688029
"GT_spanishjapanese_079from75gen_sim_131.txt",79,77.9648987341772,14.8660759493671,5.68399967695229,5.27436653706931,6.70753601878914,12.8627423234753,1.83102078421691,0.190676524830145
"GT_spanishjapanese_079from75gen_sim_245.txt",79,78.1579113924051,13.8129746835443,6.15718230733842,6.0878909998081,7.25500478121784,11.131637005442,1.80493852272504,0.176731624955968
"GT_spanishjapanese_079from75gen_sim_402.txt",79,79.7327088607595,14.4708860759494,5.94508747002646,5.63466225626741,6.72164498006796,12.8627423234753,1.88443698597533,0.18149246755457
"GT_spanishjapanese_079from75gen_sim_446.txt",79,78.9705316455696,14.3256835443038,5.93765418881259,5.74215192906782,7.11990137632623,11.8285859613428,1.77116495397242,0.18140543372051
"GT_spanishjapanese_080from20gen_sim_223.txt",80,21.2723875,4.0397125,5.78059394961251,5.7349667379425,7.07093216850178,13.7001146788991,2.23736103593992,0.189904048146923
"GT_spanishjapanese_080from20gen_sim_235.txt",80,21.98235,4.03825,5.97222155932409,6.02292534731513,7.46070763401089,12.0425273390036,2.03852851293459,0.183704199050602
"GT_spanishjapanese_080from50gen_sim_086.txt",80,56.0841625,9.1835125,6.61605930192654,6.42526631899924,7.87929829995356,11.8262169086251,2.06138845868327,0.16374520168684
"GT_spanishjapanese_080from75gen_009from50gen_sim_599.txt",89,78.1162921348315,13.4254157303371,6.28190354516325,6.05780735865989,7.4071809884622,12.8627423234753,1.94006606111816,0.171864477478838
"GT_spanishjapanese_080from75gen_sim_142.txt",80,77.634625,14.6318,5.79996063130936,5.44450705986671,6.69015843966003,12.0015192240271,2.06910488667046,0.188470028675993
"GT_spanishjapanese_080from75gen_sim_424.txt",80,79.0359875,14.390325,5.86826562454575,5.55688820880614,7.01284346500953,11.131637005442,1.79695382342825,0.182073071460011
"GT_spanishjapanese_081from50gen_sim_018.txt",81,53.885950617284,8.6768024691358,6.61913707828986,6.18407427245135,7.64329311568488,13.6106315311222,1.94675853029164,0.161021608967453
"GT_spanishjapanese_081from50gen_sim_108.txt",81,54.5922222222222,8.72418518518518,6.6052457473673,6.46003227541689,7.58454709391039,13.6106315311222,1.75553514926352,0.159806375891288
"GT_spanishjapanese_081from75gen_sim_179.txt",81,76.8928888888889,14.6943456790123,5.68972252507558,5.36415481712417,7.00390668601406,11.8467201261996,1.69473400837248,0.19110149054545
"GT_spanishjapanese_082from50gen_sim_090.txt",82,54.4244634146341,9.07514634146341,6.39763746681094,6.31892980111695,7.32388619274028,13.3470899470899,1.90995365208948,0.166747557478412
"GT_spanishjapanese_082from75gen_sim_215.txt",82,75.138,14.021743902439,5.70023284884623,5.49326304372139,6.69397645573429,12.8627423234753,1.67156790707742,0.186613217046488
"GT_spanishjapanese_084from50gen_012from20gen_sim_697.txt",96,50.6929895833333,8.00263541666667,6.68874659218829,6.47452565454593,7.5540540634803,11.8262169086251,1.84042085754282,0.157864735981122
"GT_spanishjapanese_086from75gen_sim_289.txt",86,78.963488372093,13.8253604651163,6.0753374038662,5.74084425994099,7.02328942690032,12.0015192240271,1.75021815113297,0.175085482545657
"GT_spanishjapanese_087from20gen_sim_265.txt",87,21.2517471264368,4.13645977011494,5.65394849561811,5.74672825250192,7.07641380557764,10.5448888888889,2.05482365837243,0.194640927426116
"GT_spanishjapanese_087from75gen_sim_458.txt",87,78.8085402298851,14.3557931034483,5.98126304413259,5.59408225500701,7.28981508240084,11.131637005442,1.91449864680422,0.182160373248538
"GT_spanishjapanese_088from50gen_sim_218.txt",88,54.6416477272727,8.55726136363636,6.74740500390128,6.43505355659335,7.7500050367361,13.3470899470899,1.89852955991072,0.156606942132261
"GT_spanishjapanese_088from75gen_031from50gen_sim_640.txt",119,70.3981596638655,12.1098739495798,6.25368014163321,5.78823390151515,7.29050162549149,11.8467201261996,1.8626932813931,0.172019751757739
"GT_spanishjapanese_089from20gen_sim_138.txt",89,21.7374719101124,4.18548314606742,5.85882944329301,6.18655851680185,7.3961549665016,10.6051045728465,2.1573560035666,0.192546914534266
"GT_spanishjapanese_089from75gen_sim_151.txt",89,81.460606741573,13.8012359550562,6.34423213528975,6.06860100605089,7.21482665769101,12.0015192240271,1.88529248105333,0.169422209177001
"GT_spanishjapanese_089from75gen_sim_496.txt",89,78.8837415730337,14.1208764044944,5.9389593645582,5.65351556995914,6.89642459058561,10.0355921469284,1.6171779992738,0.179008704745841
"GT_spanishjapanese_091from20gen_010from75gen_016from50gen_sim_1120.txt",117,31.4739829059829,5.6291282051282,5.93372214116671,5.73550724637681,7.21154617132166,13.7001146788991,2.25884099602474,0.178850202147697
"GT_spanishjapanese_091from50gen_sim_286.txt",91,54.5611648351648,8.87458241758242,6.61277933280743,6.19889380530973,7.84402031773987,11.7755392755393,1.94739883831152,0.162653829777892
"GT_spanishjapanese_091from75gen_sim_415.txt",91,78.8318901098901,14.4517692307692,5.83156361738672,5.51161483701761,6.83453120327378,11.8285859613428,1.70999547321273,0.18332389608601
"GT_spanishjapanese_092from20gen_sim_005.txt",92,21.2092065217391,4.0808152173913,5.62400307653149,5.58331877182547,6.98199027703834,10.5448888888889,2.02050253574579,0.192407726956146
"GT_spanishjapanese_092from75gen_sim_078.txt",92,81.4121847826087,14.46975,6.16435822682187,5.69133562546341,7.37123127140008,12.8627423234753,2.17915976239905,0.177734451404761
"GT_spanishjapanese_093from50gen_sim_231.txt",93,55.5046559139785,9.00818279569893,6.57338463242261,6.19889380530973,7.36226704110289,11.7755392755393,1.88367188987764,0.162295984856836
"GT_spanishjapanese_093from50gen_sim_372.txt",93,52.6714623655914,8.9337311827957,6.76413124034342,6.53262566344052,7.79713261648746,11.7755392755393,2.02867366300726,0.16961236277791
"GT_spanishjapanese_093from75gen_026from50gen_sim_953.txt",119,73.7791008403361,13.0603613445378,6.02315551812096,5.8485161085542,7.08796134574087,10.0588044885628,1.69947097705397,0.17701979552179
"GT_spanishjapanese_093from75gen_sim_412.txt",93,80.1421397849462,14.4104301075269,6.04769600232013,5.57970405246343,7.4071809884622,12.8627423234753,1.95237506964143,0.179810897814756
"GT_spanishjapanese_094from75gen_sim_107.txt",94,80.9955106382979,14.5182127659574,6.10931158319021,5.79109781688837,7.0346671158112,12.8627423234753,2.04950227371694,0.179247129273516
"GT_spanishjapanese_095from50gen_014from75gen_sim_652.txt",109,54.6547798165138,9.84389908256881,6.27546607050232,6.19830083027611,7.26136974518869,11.7236090716267,1.95432107831749,0.180110488334535
"GT_spanishjapanese_097from75gen_sim_246.txt",97,79.3477010309278,14.6545670103093,5.97659816308784,5.65351556995914,6.74302229562345,12.0015192240271,2.09104336091655,0.184687984905792
"GT_spanishjapanese_097from75gen_sim_339.txt",97,79.2804639175258,14.1565360824742,6.05905199851562,5.74800899465942,7.4071809884622,12.8627423234753,1.91780155097522,0.178562730122279
"GT_spanishjapanese_097from75gen_sim_445.txt",97,77.9933608247423,14.8004329896907,5.79131037520957,5.4954829742877,7.00390668601406,11.8285859613428,1.97635022528207,0.189765293265776
"GT_spanishjapanese_098from75gen_sim_150.txt",98,78.7809591836735,14.2669081632653,6.06165453668566,5.54821008362182,7.47650662234185,12.0015192240271,2.02119514376866,0.181095893107912
"GT_spanishjapanese_098from75gen_sim_165.txt",98,77.9981734693878,13.5842959183673,6.20563517173474,6.04323177188408,7.32936015743777,12.8627423234753,1.88831070969165,0.174161718334325
"GT_spanishjapanese_099from75gen_sim_163.txt",99,78.8664646464646,14.7194343434343,5.76562629438114,5.51161483701761,6.78915002130432,10.0355921469284,1.68903657994094,0.186637430870235
"GT_spanishjapanese_101from20gen_sim_256.txt",101,21.2048514851485,4.08044554455446,5.68986376754441,5.49939807383628,6.99416594641314,12.0425273390036,2.16402966697607,0.192429810103236
"GT_spanishjapanese_101from20gen_sim_453.txt",101,21.5577920792079,4.14022772277228,5.68506151375654,5.73731159643187,6.97842135150483,10.5448888888889,2.00613432266174,0.192052493481716
"GT_spanishjapanese_101from50gen_sim_094.txt",101,54.0406237623762,9.03954455445545,6.35323872523,6.15346130283847,7.4252607184241,11.6125806451613,1.75931668492015,0.167273135006796
"GT_spanishjapanese_101from50gen_sim_357.txt",101,55.3251782178218,8.78530693069307,6.6844269697771,6.34504698512138,7.46839666357739,13.3470899470899,1.98441792395376,0.158794010497432
"GT_spanishjapanese_102from75gen_018from50gen_sim_696.txt",120,76.0893,13.3205416666667,6.14424188223937,6.11762371897817,7.24547492509855,10.081799016163,1.70723462618051,0.175064584201283
"GT_spanishjapanese_102from75gen_sim_024.txt",102,78.703137254902,14.4878725490196,5.84292926481917,5.42256544196426,7.01449369916919,11.8285859613428,1.88019444894739,0.184082529036887
"GT_spanishjapanese_102from75gen_sim_162.txt",102,77.8527941176471,14.1366274509804,5.99829633657971,5.55128328982248,7.33110826860056,12.0015192240271,1.89312760392424,0.181581504057746
"GT_spanishjapanese_102from75gen_sim_469.txt",102,77.4713725490196,13.8880980392157,6.1491423036058,5.70554345256599,7.37952473907814,12.8627423234753,2.12909795097724,0.179267484004212
"GT_spanishjapanese_103from75gen_007from20gen_sim_651.txt",110,74.8965454545455,13.2750818181818,6.02206254079809,5.71483514221379,7.26784968550217,12.0015192240271,1.72489230905624,0.177245582391226
"GT_spanishjapanese_105from20gen_sim_230.txt",105,21.2766571428571,3.92522857142857,5.90953402162451,6.0021023125438,7.45805647840532,10.2322111706197,1.95264515393402,0.184485210485535
"GT_spanishjapanese_105from20gen_sim_436.txt",105,20.9733904761905,4.18099047619048,5.52025363651205,5.46557659208262,6.99269705363888,10.0597510373444,2.09958368376728,0.199347381670925
"GT_spanishjapanese_105from75gen_sim_175.txt",105,76.7936761904762,13.6037714285714,6.10196336790378,5.8485161085542,7.16601009820785,12.8627423234753,1.85854082959589,0.177147026987341
"GT_spanishjapanese_106from20gen_sim_072.txt",106,21.3110566037736,4.08984905660377,5.7558402555186,5.73304298740433,6.98198066896018,13.7001146788991,2.22637936220381,0.19191207327935
"GT_spanishjapanese_106from50gen_sim_128.txt",106,52.0704339622642,9.28421698113208,6.41302340765077,6.1799487322419,7.59018904063671,11.8262169086251,2.07808907398423,0.178301125507431
"GT_spanishjapanese_107from20gen_sim_393.txt",107,21.1742710280374,4.03295327102804,5.72484061070956,5.85248800202071,7.01833348403616,10.2322111706197,1.94189800400807,0.190464798796988
"GT_spanishjapanese_107from75gen_sim_042.txt",107,80.970476635514,14.225523364486,6.13179816605686,5.74800899465942,7.21270198984311,12.8627423234753,1.86512042690105,0.17568778097382
"GT_spanishjapanese_108from20gen_sim_315.txt",108,20.9439074074074,4.05503703703704,5.59492918518053,5.75855217127293,6.98199027703834,13.7001146788991,2.04249429419984,0.193614159867936
"GT_spanishjapanese_109from75gen_sim_079.txt",109,79.0434036697248,13.7660091743119,6.17783406986278,5.8194792786337,7.21482665769101,12.8627423234753,1.87032224849283,0.174157596145934
"GT_spanishjapanese_110from20gen_sim_428.txt",110,21.0338272727273,3.94324545454545,5.84323393832688,6.13890322311289,6.98912812810537,13.7001146788991,2.07004519080048,0.187471609584734
"GT_spanishjapanese_110from50gen_sim_227.txt",110,55.3162545454545,8.89,6.61728484371919,6.15126358254149,7.79403529316681,13.3470899470899,1.97492847541343,0.160712254888749
"GT_spanishjapanese_113from50gen_sim_500.txt",113,54.7235840707965,8.92714159292035,6.46358134628353,6.34504698512138,7.35610425240055,11.7755392755393,1.69542260771048,0.163131522624162
"GT_spanishjapanese_114from75gen_sim_147.txt",114,81.6612192982456,14.411149122807,6.04616765896247,5.61801783878805,7.16159848274679,12.8627423234753,1.77468035622444,0.176474821789939
"GT_spanishjapanese_115from20gen_sim_190.txt",115,21.0528347826087,4.05957391304348,5.67748493985773,5.59085816715214,6.71544152238018,12.0425273390036,2.07887442144784,0.192827899661142
"GT_spanishjapanese_115from20gen_sim_466.txt",115,20.9644347826087,4.02995652173913,5.696380488793,5.73550724637681,6.73147919765824,13.7001146788991,2.04183457812495,0.192228245766122
"GT_spanishjapanese_115from75gen_sim_027.txt",115,78.4562434782609,14.6841652173913,5.76076260548201,5.49349551190321,6.67990019100216,11.8467201261996,1.78205227069181,0.18716375608093
"GT_spanishjapanese_115from75gen_sim_196.txt",115,78.7615826086956,14.187252173913,5.92679231513107,5.67740737990942,7.13625969694443,11.131637005442,1.65053019660686,0.180129089640039
"GT_spanishjapanese_117from75gen_sim_238.txt",117,77.3774358974359,14.4585384615385,5.78284484782058,5.3476296239565,7.00390668601406,12.8627423234753,1.84449482191912,0.186857296236894
"GT_spanishjapanese_117from75gen_sim_481.txt",117,77.5743760683761,14.3438461538462,5.85950512183442,5.63249411338526,7.16743151161174,11.8285859613428,1.79090755985489,0.184904434696363
"GT_spanishjapanese_118from50gen_sim_019.txt",118,53.7375847457627,9.15859322033898,6.26189646715646,6.29926287832835,7.32622547217407,11.8262169086251,1.79312441096915,0.170431798594394
"GT_spanishjapanese_118from75gen_sim_236.txt",118,79.2489322033898,14.1714745762712,6.00351876971348,5.69359754759084,7.15205241167591,11.8285859613428,1.81146188128402,0.178822277881304
"GT_spanishjapanese_119from20gen_sim_294.txt",119,20.8693193277311,4.08420168067227,5.58967259256328,5.57446118943445,6.78651950320752,10.2322111706197,1.93936945269462,0.195703636354119
"GT_spanishjapanese_120from75gen_sim_029.txt",120,76.7056,13.9098916666667,5.95077520186282,5.62137717325538,7.12382615543633,12.8627423234753,1.79283139241835,0.181341279732727
