"filename","n_individuals","mean_date","mean_individual_sd","mean_date_to_sd_ratio","median_date_to_sd_ratio","upperquartile_date_to_sd_ratio","max_date_to_sd_ratio","sd_of_ratios","cv_using_individual_sds"
"GT_spanishjapanese_020from20gen_068from50gen_sim_785.txt",88,46.051,7.68397727272727,6.2079115830967,6.134460509666,7.6361171804642,11.7755392755393,1.94728724361456,0.166857989462276
"GT_spanishjapanese_020from20gen_089from50gen_034from75gen_sim_1047.txt",143,54.9784475524476,9.94472027972028,6.14342643192768,5.80720506730008,7.27273447395947,13.3470899470899,1.99362557028574,0.180883977675677
"GT_spanishjapanese_020from50gen_108from75gen_sim_696.txt",128,75.3502421875,13.499859375,6.07128860963755,5.80343681446882,7.1722698019219,12.0015192240271,1.86398603601977,0.179161459646105
"GT_spanishjapanese_020from75gen_066from20gen_sim_513.txt",86,32.0341744186046,6.38372093023256,5.7349091705855,5.72009719683951,6.93040537736972,13.7001146788991,2.25495770079902,0.19927845952306
"GT_spanishjapanese_020from75gen_230from50gen_096from20gen_sim_1079.txt",346,46.2020924855491,7.86934971098266,6.23267631663487,6.11623220882455,7.47209084375821,13.6106315311222,2.03632778257561,0.170324530505712
"GT_spanishjapanese_021from20gen_097from75gen_sim_883.txt",118,68.4161779661017,12.7184830508475,5.73337243274838,5.49791902091777,6.77807608284255,11.8285859613428,1.71305884828842,0.185898765890563
"GT_spanishjapanese_021from20gen_101from50gen_096from75gen_sim_1462.txt",218,62.4405504587156,10.6681651376147,6.24414822183917,5.99671017874225,7.34151718438151,11.8467201261996,1.98922660308849,0.170853156470301
"GT_spanishjapanese_021from20gen_215from50gen_108from75gen_sim_1100.txt",344,60.0266075581395,10.4680930232558,6.32650747715548,6.15743576088844,7.57097300713847,13.3470899470899,1.97737740706839,0.174390881795491
"GT_spanishjapanese_021from20gen_sim_069.txt",21,23.4980476190476,3.94857142857143,6.36905485511528,6.67038739330269,7.24716062736614,10.2322111706197,1.82436467355528,0.168038276736264
"GT_spanishjapanese_021from50gen_041from20gen_022from75gen_sim_1075.txt",84,45.7417976190476,8.19061904761905,5.90765990456003,5.88659018897214,7.06560978166418,11.8467201261996,2.01158228851618,0.179062028034691
"GT_spanishjapanese_021from50gen_167from20gen_sim_917.txt",188,24.5533404255319,4.61134042553191,5.74891057698665,5.73640942140434,6.92249906629318,13.7001146788991,2.09957975533011,0.187809086080067
"GT_spanishjapanese_021from75gen_025from20gen_sim_565.txt",46,46.1232173913044,8.21441304347826,6.20802023085454,6.26752188395999,7.38749568483053,10.0597510373444,1.8541592016222,0.17809713866637
"GT_spanishjapanese_021from75gen_064from50gen_sim_886.txt",85,61.4367058823529,10.1428,6.40855380368971,6.09775051124744,7.26136974518869,12.0015192240271,1.8949009941031,0.16509348693634
"GT_spanishjapanese_021from75gen_066from20gen_sim_764.txt",87,35.2755287356322,6.57164367816092,5.60079518424825,5.49185924369748,6.91604287423852,12.0015192240271,2.19902261145284,0.186294689653307
"GT_spanishjapanese_021from75gen_086from50gen_116from20gen_sim_1044.txt",223,38.9630627802691,6.90063228699552,5.99264304949856,5.80720506730008,7.04623186802571,13.7001146788991,2.03863088314994,0.177107028929204
"GT_spanishjapanese_021from75gen_097from50gen_147from20gen_sim_1440.txt",265,38.3304981132075,6.68534716981132,6.00499935573645,6.0021023125438,7.14836363636364,13.3470899470899,1.89655003212667,0.174413260951278
"GT_spanishjapanese_022from20gen_025from50gen_058from75gen_sim_1211.txt",105,59.0251619047619,10.5956095238095,6.09191180006393,5.74215192906782,7.18898847631242,12.0425273390036,2.05013839242348,0.179510045917463
"GT_spanishjapanese_022from20gen_sim_408.txt",22,22.0665454545455,4.09809090909091,6.01264841189084,6.04005051382781,8.0352304728377,10.6051045728465,2.37171074731992,0.185715109668276
"GT_spanishjapanese_022from50gen_022from20gen_193from75gen_sim_1286.txt",237,70.9136286919831,12.7679789029536,5.96719094499236,5.73367952522255,7.14836363636364,12.8627423234753,1.89502304798108,0.180049718770026
"GT_spanishjapanese_022from75gen_178from20gen_sim_863.txt",200,28.048325,5.38681,5.72249413776734,5.7420199244669,6.88196275972246,13.7001146788991,2.03872291527067,0.192054605756315
"GT_spanishjapanese_023from20gen_054from50gen_149from75gen_sim_1231.txt",226,65.899389380531,12.0096061946903,6.04314233116701,5.83399769359395,7.14231166665403,13.6106315311222,2.03139958419807,0.182241539831905
"GT_spanishjapanese_023from20gen_060from50gen_220from75gen_sim_1006.txt",303,68.0877623762376,12.4432574257426,6.05283046942387,5.79656160458453,7.16827382888201,13.7001146788991,1.86788448458945,0.1827532142558
"GT_spanishjapanese_023from20gen_sim_126.txt",23,20.7164782608696,4.171,5.45888986135501,4.69411253530306,7.145962814299,8.73015252248729,1.9807542395304,0.201337309724038
"GT_spanishjapanese_023from20gen_sim_203.txt",23,20.8235217391304,3.76539130434783,6.17673118615544,6.7486829872947,7.67761775363669,9.70473295701259,2.28269458028514,0.180823942823855
"GT_spanishjapanese_023from20gen_sim_453.txt",23,20.5967826086957,3.88665217391304,5.68867936686682,6.0021023125438,6.7967398292557,9.49039780521262,2.14762944491314,0.188701907853907
"GT_spanishjapanese_023from50gen_084from75gen_sim_771.txt",107,71.393953271028,13.3300093457944,5.93129947405744,5.67740737990942,7.16756312218006,11.8285859613428,1.97267913374751,0.186710620928786
"GT_spanishjapanese_023from50gen_132from20gen_sim_660.txt",155,26.232335483871,4.90143870967742,5.76294325126876,5.73731159643187,7.25303082352206,10.6051045728465,2.00996844408919,0.18684721048536
"GT_spanishjapanese_023from75gen_028from50gen_203from20gen_sim_1413.txt",254,30.5544921259843,5.52286220472441,5.99079366353126,6.00471810351724,7.439185174422,13.7001146788991,2.14421602720529,0.180754508435362
"GT_spanishjapanese_023from75gen_054from50gen_sim_878.txt",77,61.6625324675325,9.47816883116883,6.75999912200586,6.57981220657277,7.79706774519717,12.8627423234753,1.71321039778531,0.153710340005244
"GT_spanishjapanese_023from75gen_sim_259.txt",23,74.9623913043478,15.3605652173913,5.38085279527526,4.78505392912172,7.17458114042125,8.48095715359559,1.74824008519201,0.20491028834749
"GT_spanishjapanese_024from20gen_056from75gen_sim_922.txt",80,62.9970125,11.1163625,6.11426312149715,5.80790988480995,6.87053516902766,12.8627423234753,1.96412906298389,0.176458566189944
"GT_spanishjapanese_024from20gen_sim_008.txt",24,22.0194166666667,3.87025,6.0366674337174,5.84233464749645,7.36038720624489,8.85736149372513,1.65691331317549,0.17576532832765
"GT_spanishjapanese_024from20gen_sim_449.txt",24,21.2983333333333,3.988875,5.86646180850566,6.60791014013049,7.64530003269636,8.54789505796217,2.24541204583704,0.187285781360044
"GT_spanishjapanese_024from50gen_023from75gen_sim_778.txt",47,56.9901489361702,12.4145106382979,5.67916044818837,5.46735870818916,7.48527564882161,13.3470899470899,2.45910653413338,0.217836079919747
"GT_spanishjapanese_024from50gen_025from20gen_048from75gen_sim_1296.txt",97,58.0208350515464,9.90063917525773,6.20829521294676,5.84244372990354,7.44493927125506,12.0425273390036,1.92016880729756,0.170639377500546
"GT_spanishjapanese_024from50gen_054from20gen_sim_961.txt",78,30.673782051282,5.49885897435897,5.94166392779366,6.01168919921941,7.24458636519784,11.4126544917912,2.03623965387282,0.179269024118568
"GT_spanishjapanese_024from50gen_sim_392.txt",24,53.7389166666667,9.1085,6.3260897609918,6.73343273967864,7.4042456054215,8.4869659666908,1.65085207549032,0.169495415333704
"GT_spanishjapanese_024from75gen_064from20gen_187from50gen_sim_1130.txt",275,49.3195527272727,8.11804,6.40485576510764,6.16100365917407,7.57141687830908,12.0015192240271,1.9824014306375,0.164600843906496
"GT_spanishjapanese_024from75gen_113from50gen_069from20gen_sim_1314.txt",206,44.8477330097087,7.84580097087379,6.31984940015373,6.21642092385772,7.4999732420522,13.3470899470899,1.99409609421437,0.174943089524175
"GT_spanishjapanese_024from75gen_165from20gen_sim_504.txt",189,28.8471005291005,5.57867724867725,5.77625768056467,5.73550724637681,6.94542483660131,13.7001146788991,2.08865876208263,0.19338779795389
"GT_spanishjapanese_024from75gen_sim_421.txt",24,75.5035,13.2172083333333,5.88673167392381,5.53659978218332,6.78927258378403,8.48095715359559,1.30719126564585,0.175054246933365
"GT_spanishjapanese_025from20gen_029from75gen_043from50gen_sim_1245.txt",97,52.1543298969072,9.07822680412371,6.05084617981064,5.74962311557789,6.81937303035329,10.2322111706197,1.69284229285069,0.174064681150511
"GT_spanishjapanese_025from20gen_128from50gen_180from75gen_sim_1033.txt",333,65.5225885885886,11.3555825825826,6.34954796214178,6.15517072693474,7.49489395129615,13.6106315311222,1.99326359300242,0.173307905368077
"GT_spanishjapanese_025from20gen_sim_133.txt",25,19.8868,4.30372,5.16466367475886,4.86767317939609,6.21931315878953,9.57108350586611,2.00181708917534,0.216410885612567
"GT_spanishjapanese_025from50gen_033from20gen_035from75gen_sim_1121.txt",93,52.4119032258064,9.09134408602151,6.23879870672789,5.81031202435312,7.6182404560114,12.8627423234753,2.24383558949972,0.173459529734176
"GT_spanishjapanese_025from50gen_sim_073.txt",25,54.8046,9.12232,6.37944891072312,6.09645258520751,6.8777705345502,13.6106315311222,1.99742924040251,0.166451721205884
"GT_spanishjapanese_025from50gen_sim_457.txt",25,56.78508,8.71696,6.77174174406217,6.4359325125399,7.93456614509246,10.2073810733029,1.6309547739276,0.153507928491075
"GT_spanishjapanese_025from75gen_045from50gen_183from20gen_sim_1496.txt",253,31.9869090909091,5.98008695652174,5.76144099007525,5.84244372990354,6.95816733067729,13.7001146788991,1.94478905864185,0.18695419865439
"GT_spanishjapanese_025from75gen_054from50gen_185from20gen_sim_1398.txt",264,33.9473636363636,6.06461363636364,5.96631792171595,6.00581623439419,7.39756662734139,13.7001146788991,2.14301316880069,0.178647558653638
"GT_spanishjapanese_025from75gen_097from20gen_sim_906.txt",122,33.6613114754098,6.24880327868852,5.79102257270208,5.87060898956871,7.2339699041324,10.2322111706197,1.89970636347206,0.185637546631342
"GT_spanishjapanese_025from75gen_100from20gen_196from50gen_sim_1108.txt",321,46.1721152647975,7.84932087227414,6.18671912589702,6.09645258520751,7.31707317073171,11.7755392755393,1.87948535044084,0.170001327148609
"GT_spanishjapanese_025from75gen_148from20gen_sim_636.txt",173,29.614387283237,5.58464739884393,5.67673511018594,5.68875502008032,6.93901339068896,10.5448888888889,1.9899184200401,0.188578860181419
"GT_spanishjapanese_025from75gen_sim_245.txt",25,81.22568,14.60936,5.75270385073159,5.57970405246343,7.11564699512723,8.38330727130571,1.42769513470269,0.179861344343316
"GT_spanishjapanese_025from75gen_sim_373.txt",25,83.72496,15.89464,5.47101891226961,5.1131771343043,6.7075215098529,8.57956150130063,1.57466202500085,0.189843506643658
"GT_spanishjapanese_026from50gen_089from20gen_sim_654.txt",115,28.596547826087,5.24433043478261,5.73670399411586,5.6884239888424,6.87608857436962,13.7001146788991,2.15117478784442,0.183390333220519
"GT_spanishjapanese_026from50gen_133from20gen_175from75gen_sim_1191.txt",334,54.1645628742515,9.84047604790419,5.79541107545285,5.75145184625552,6.94241812631939,12.8627423234753,1.8485744051904,0.181677383250555
"GT_spanishjapanese_026from50gen_251from75gen_061from20gen_sim_1039.txt",338,66.6225857988166,12.1189526627219,5.86149257103691,5.58532789754539,7.04178921674337,12.8627423234753,1.83915232616611,0.18190456760892
"GT_spanishjapanese_026from50gen_sim_051.txt",26,53.9623846153846,9.08269230769231,6.24605329523881,5.91986691222086,7.02233869214711,11.4126544917912,1.79342891535981,0.168315250936906
"GT_spanishjapanese_026from50gen_sim_153.txt",26,55.4358461538462,8.59761538461538,6.6547120868414,6.27637405994562,6.90645720786419,11.4126544917912,1.5260761390752,0.155091262804128
"GT_spanishjapanese_026from75gen_126from50gen_sim_514.txt",152,57.1341118421053,9.89969736842105,6.58890782510216,6.38075445079165,7.78994612705074,13.6106315311222,2.21712870659547,0.173271221853937
"GT_spanishjapanese_026from75gen_183from20gen_sim_938.txt",209,29.355004784689,5.11598564593301,6.01141523719526,6.08247863247863,7.31707317073171,13.7001146788991,1.94973848218502,0.174279843708335
"GT_spanishjapanese_026from75gen_sim_384.txt",26,81.2917307692308,15.1959230769231,5.70600665771013,5.26770999559515,6.88658964078371,8.78946710032525,1.60178536678901,0.186930736166277
"GT_spanishjapanese_027from20gen_sim_082.txt",27,20.0175925925926,3.73892592592593,5.7793791170768,6.02059925093633,7.21935975452707,9.63313096270598,2.2346552780731,0.186781997317175
"GT_spanishjapanese_027from20gen_sim_419.txt",27,21.0604444444444,4.02940740740741,5.61952034759082,5.32933255269321,7.18016011820807,8.60425280567041,2.03268359577152,0.191325848703555
"GT_spanishjapanese_027from50gen_100from20gen_sim_651.txt",127,28.787905511811,5.16733858267717,5.85990498412543,5.99103321785205,6.97113024317384,12.0425273390036,2.03515945438593,0.179496857823058
"GT_spanishjapanese_027from50gen_190from20gen_127from75gen_sim_1023.txt",344,45.0986453488372,8.18887790697674,5.86291527558305,5.82924292638771,7.16499854079703,11.8467201261996,1.95646751586564,0.181577026175308
"GT_spanishjapanese_027from50gen_sim_271.txt",27,54.3933333333333,8.29074074074074,7.05246942793819,6.75777457026637,7.74604989913122,13.6106315311222,2.34050548279671,0.152422001606951
"GT_spanishjapanese_027from75gen_033from50gen_188from20gen_sim_1365.txt",248,32.7797661290323,5.8471935483871,5.95652130763925,5.99656776519792,7.34892052294435,13.7001146788991,2.02953672373356,0.178378135016905
"GT_spanishjapanese_027from75gen_sim_022.txt",27,77.7621111111111,15.900962962963,5.57536174662601,5.49303057553957,7.22431740529124,11.131637005442,2.20879885295949,0.204482140926482
"GT_spanishjapanese_027from75gen_sim_149.txt",27,80.1794074074074,13.304962962963,6.33120578608398,5.67740737990942,7.3636296588818,10.0355921469284,1.67426725622549,0.165939901443245
"GT_spanishjapanese_027from75gen_sim_172.txt",27,77.1302962962963,14.6135555555556,5.72961482182883,5.24291433146517,6.17521288436299,10.0355921469284,1.89301011973363,0.189465829346973
"GT_spanishjapanese_027from75gen_sim_353.txt",27,79.2517037037037,13.3349259259259,6.21117546337906,6.07605016922158,7.32988296447304,9.1381181619256,1.67069432593032,0.168260432302892
"GT_spanishjapanese_028from20gen_028from75gen_sim_701.txt",56,47.0153392857143,8.69080357142857,5.75953421955996,5.38758912428285,7.23491571945442,10.0597510373444,2.14766593152525,0.184850385075691
"GT_spanishjapanese_028from20gen_081from75gen_sim_911.txt",109,64.2267431192661,11.6311834862385,5.88167646107956,5.76937038427838,7.11564699512723,12.8627423234753,1.93123999685854,0.181095645230523
"GT_spanishjapanese_028from20gen_148from50gen_sim_633.txt",176,48.3810852272727,8.05319318181818,6.61947624312764,6.47452565454593,7.72896477672252,13.6106315311222,1.99646327108903,0.166453339026768
"GT_spanishjapanese_028from20gen_sim_100.txt",28,21.0963571428571,3.91692857142857,5.75303030106698,5.71880899631906,7.06934823142309,8.73015252248729,1.77082447098802,0.185668480340208
"GT_spanishjapanese_028from50gen_085from75gen_sim_628.txt",113,74.6863982300885,13.0095486725664,6.14923061222128,6.01864728192162,7.34666193811508,12.0015192240271,1.7710002667111,0.174188995330682
"GT_spanishjapanese_028from50gen_sim_228.txt",28,54.5426428571429,9.32453571428571,6.10262166339892,6.19859731779292,6.92633893159055,9.6005772005772,1.52588229725773,0.170958633939107
"GT_spanishjapanese_029from20gen_128from50gen_047from75gen_sim_1110.txt",204,55.4950833333333,9.68102941176471,6.18214607529202,6.1470652970793,7.42666474269113,11.6125806451613,1.86614935937497,0.174448416513139
"GT_spanishjapanese_029from20gen_139from75gen_sim_534.txt",168,68.8572857142857,12.5425357142857,5.88784995483139,5.53341208453629,6.95523671452024,11.8467201261996,1.8547627591591,0.182152630388734
"GT_spanishjapanese_029from20gen_sim_269.txt",29,22.3090344827586,4.36558620689655,5.68511808219461,5.46557659208262,6.99269705363888,9.57108350586611,2.03998738946148,0.195686918242493
"GT_spanishjapanese_029from50gen_030from20gen_085from75gen_sim_1122.txt",144,63.1406944444444,11.1855902777778,6.09050024854177,5.84092411059066,6.9208962048151,13.7001146788991,1.97429798959801,0.177153425001045
"GT_spanishjapanese_029from50gen_199from75gen_086from20gen_sim_1080.txt",314,60.2307770700637,11.0684267515924,5.93583559829999,5.74508046186362,7.11669372586932,12.0425273390036,1.93112600474951,0.183766959186281
"GT_spanishjapanese_029from50gen_sim_330.txt",29,53.2173793103448,8.1931724137931,6.94488470592369,6.8178021978022,8.20527641914925,11.7755392755393,1.99763345605291,0.153956705872595
"GT_spanishjapanese_029from75gen_036from50gen_sim_939.txt",65,65.0843076923077,11.8570307692308,6.08604203384053,5.83900657414171,7.26136974518869,10.9916115912557,2.06951619519755,0.182179563548344
"GT_spanishjapanese_029from75gen_076from20gen_071from50gen_sim_1217.txt",176,43.1455511363636,7.73083522727273,6.09923849103289,6.11600578751286,7.26475127023989,13.6106315311222,2.11182016198105,0.179180356344019
"GT_spanishjapanese_029from75gen_086from50gen_sim_528.txt",115,59.8980695652174,10.3885043478261,6.60945038613059,6.60964912280702,7.78615778877006,12.0015192240271,2.01535099769173,0.173436379890591
"GT_spanishjapanese_029from75gen_090from20gen_037from50gen_sim_1418.txt",156,38.9759423076923,7.08539102564103,5.97016112890063,6.02171978062248,7.18715673531755,12.0425273390036,2.01860731803197,0.181788831933966
"GT_spanishjapanese_029from75gen_sim_210.txt",29,81.8165517241379,14.3012413793103,6.0607031952765,5.76937038427838,7.16418755052547,10.0355921469284,1.67868158156253,0.174796432725863
"GT_spanishjapanese_029from75gen_sim_256.txt",29,78.4587931034483,14.6139310344828,5.99909961829964,6.14551288100406,7.1895934085617,11.131637005442,2.15306145094596,0.186262501071285
"GT_spanishjapanese_030from20gen_036from50gen_sim_984.txt",66,39.3288787878788,6.5549696969697,6.28866306291609,6.49849266124931,7.58980802114431,13.6106315311222,1.96016207425458,0.166670647600306
"GT_spanishjapanese_030from20gen_078from50gen_sim_873.txt",108,44.722962962963,7.65552777777778,6.0642672568678,6.0840413231466,7.24614117769043,10.0465838509317,1.76626764430813,0.171176667881277
"GT_spanishjapanese_030from20gen_122from75gen_sim_729.txt",152,67.7896644736842,11.9793157894737,6.00506486935764,5.66546147493428,7.15231961490409,12.8627423234753,1.96372915252166,0.176713011968425
"GT_spanishjapanese_030from20gen_187from75gen_055from50gen_sim_1090.txt",272,68.2864264705882,12.3317426470588,5.99558832969169,5.63357818482633,7.1836964290635,13.6106315311222,1.89483684669364,0.180588490047436
"GT_spanishjapanese_030from20gen_237from50gen_069from75gen_sim_1233.txt",336,55.7788392857143,9.687125,6.37050625827487,6.15743576088844,7.7174777331375,13.6106315311222,2.14676212592099,0.17367025065509
"GT_spanishjapanese_030from50gen_069from75gen_sim_915.txt",99,72.2176868686869,12.9103636363636,5.88841923501773,5.78445438433623,6.80475541478153,11.8467201261996,1.59883620929943,0.178770107381568
"GT_spanishjapanese_030from50gen_092from75gen_212from20gen_sim_1173.txt",334,38.9502904191617,7.19175748502994,5.80763323211116,5.75352303156988,7.16833963416617,12.0425273390036,1.99508114406148,0.184639380287956
"GT_spanishjapanese_030from50gen_099from20gen_113from75gen_sim_1329.txt",242,52.6958842975207,9.3417479338843,6.1401746021362,5.81249351195024,7.24432311330574,13.7001146788991,2.04966490964903,0.177276613883939
"GT_spanishjapanese_030from50gen_136from75gen_sim_761.txt",166,74.6004939759036,13.2035,6.17603356225065,6.03669891322283,7.28775942949165,12.8627423234753,2.03012954176606,0.176989444657897
"GT_spanishjapanese_030from50gen_sim_031.txt",30,54.0225333333333,8.32296666666667,6.96191735848245,6.23252053470768,7.82968210640643,13.3470899470899,2.28563713288837,0.154064723609161
"GT_spanishjapanese_030from50gen_sim_135.txt",30,58.5269,8.76423333333333,6.79989567180165,6.71599836787849,7.54632763138208,9.42387218045113,1.26476135129692,0.149747096349428
"GT_spanishjapanese_030from50gen_sim_434.txt",30,54.2138333333333,9.18123333333333,6.18488781529653,5.88150348853902,6.49345448009578,10.2073810733029,1.4306337319366,0.169352225600477
"GT_spanishjapanese_030from75gen_058from50gen_sim_572.txt",88,63.4808409090909,10.3607045454545,6.73007212889517,6.39342814364687,7.8761895636256,13.3470899470899,2.18976097102272,0.163209944875995
"GT_spanishjapanese_030from75gen_067from50gen_sim_634.txt",97,60.7942371134021,10.1853092783505,6.82775480340112,6.71151143477705,7.78757225433526,11.8262169086251,2.06190791835431,0.167537414103107
"GT_spanishjapanese_030from75gen_237from20gen_152from50gen_sim_1009.txt",419,37.0876133651551,6.57710262529833,6.01960542568986,6.04474164133739,7.24299844629471,13.7001146788991,2.0687924574293,0.177339602862602
"GT_spanishjapanese_031from50gen_046from75gen_284from20gen_sim_1316.txt",361,32.3376620498615,5.83962326869806,5.83015104291183,5.86409448818898,7.18898847631242,13.7001146788991,2.00204826898322,0.180582729193407
"GT_spanishjapanese_031from50gen_049from75gen_049from20gen_sim_1351.txt",129,49.438496124031,8.89980620155039,5.93214720035979,5.73367952522255,7.16601009820785,13.7001146788991,2.19908850464655,0.180017737174339
"GT_spanishjapanese_031from50gen_082from75gen_176from20gen_sim_1451.txt",289,41.3119861591695,7.68261591695502,5.84981431866756,5.73731159643187,6.94542483660131,13.7001146788991,1.94661028801935,0.185965784539018
"GT_spanishjapanese_031from50gen_175from20gen_181from75gen_sim_1291.txt",387,51.4015090439276,9.16152971576227,5.97230160347522,5.8194792786337,7.13625969694443,12.8627423234753,1.85102514666827,0.178234644977696
"GT_spanishjapanese_031from50gen_sim_497.txt",31,53.1553225806452,9.31196774193548,6.16677128514356,6.15925130408101,6.93329708734219,11.8262169086251,1.89032476608931,0.175184107439245
"GT_spanishjapanese_031from75gen_057from50gen_096from20gen_sim_1433.txt",184,40.5271630434783,7.51490217391304,5.86823829079124,5.84746586596212,6.93545784542988,13.3470899470899,1.98241182296148,0.18542877442102
"GT_spanishjapanese_031from75gen_071from50gen_sim_828.txt",102,63.0364705882353,10.6302941176471,6.37685953390914,6.12268014904602,7.62978497160428,11.7236090716267,1.7935031852757,0.16863720348631
"GT_spanishjapanese_031from75gen_126from20gen_045from50gen_sim_1358.txt",202,37.8621633663366,6.33809900990099,6.20455956893958,6.11623220882455,7.55456215920063,13.7001146788991,2.15310401762907,0.167399283252161
"GT_spanishjapanese_031from75gen_sim_121.txt",31,79.9968387096774,13.9916129032258,6.03390608783106,6.02865618510828,7.19018567244573,8.82190655083353,1.46557183180158,0.174902072743197
"GT_spanishjapanese_031from75gen_sim_124.txt",31,73.6291612903226,13.1854193548387,5.80558599174118,5.55520933205497,6.95622258225944,7.649289477886,1.19056171929048,0.179078766127025
"GT_spanishjapanese_031from75gen_sim_324.txt",31,79.8005806451613,14.2799677419355,6.25549923425223,5.61026023312551,7.81473363517968,12.0015192240271,2.35910920151698,0.178945662130359
"GT_spanishjapanese_031from75gen_sim_409.txt",31,77.1125483870968,13.7428709677419,5.72804793537762,5.55520933205497,6.31986079120362,8.38303462512902,1.13022052462099,0.178218347794112
"GT_spanishjapanese_031from75gen_sim_463.txt",31,77.7384838709677,14.5734193548387,5.65994008603404,5.44603715816575,6.70894983409878,10.0588044885628,1.64866833721351,0.187467244396328
"GT_spanishjapanese_032from20gen_070from50gen_sim_757.txt",102,43.6522549019608,7.21324509803922,6.29904276841091,6.20174476911217,7.56431996464312,11.4126544917912,1.90279909999269,0.165243356024552
"GT_spanishjapanese_032from20gen_103from75gen_179from50gen_sim_1052.txt",314,58.4784649681529,10.351576433121,6.25519654964125,6.05976536449761,7.43915217811916,13.3470899470899,1.99423025785653,0.177015187364416
"GT_spanishjapanese_032from20gen_sim_299.txt",32,22.24534375,3.95434375,6.24694664420336,6.18431203160594,8.35126798564108,10.2322111706197,2.33145614500202,0.17776051448969
"GT_spanishjapanese_032from20gen_sim_477.txt",32,21.217,4.08790625,5.49207168986791,5.67220542222979,6.20657641538896,10.2322111706197,1.95146711087698,0.192671265965971
"GT_spanishjapanese_032from50gen_033from20gen_sim_579.txt",65,37.2219384615385,6.30772307692308,6.16240990026753,6.15346130283847,6.9678517397882,13.7001146788991,2.10323094247182,0.169462508876072
"GT_spanishjapanese_032from50gen_052from75gen_094from20gen_sim_1384.txt",178,44.8808820224719,7.83160112359551,5.94179746170992,6.09972372301694,7.21394883743429,11.8467201261996,1.9076344524473,0.174497486918243
"GT_spanishjapanese_032from50gen_080from20gen_296from75gen_sim_1071.txt",408,65.7091102941177,11.8666200980392,5.94752777417205,5.68246286763459,7.15231961490409,13.7001146788991,1.87162717318291,0.180593224363008
"GT_spanishjapanese_032from75gen_253from20gen_sim_981.txt",285,27.2797403508772,5.30427719298246,5.6118714494905,5.5757793764988,6.8782587309395,13.7001146788991,1.95275498219399,0.194440164193568
"GT_spanishjapanese_033from20gen_022from75gen_sim_745.txt",55,43.0123636363636,7.89596363636364,5.66050050542525,5.59095174262735,6.8541535380246,9.63313096270598,1.77848164932436,0.183574278854283
"GT_spanishjapanese_033from20gen_030from75gen_sim_855.txt",63,48.8853174603175,8.37893650793651,6.10827257174756,5.90465559130606,7.39696385652583,10.2322111706197,1.85584682585886,0.171399858755916
"GT_spanishjapanese_033from20gen_073from50gen_085from75gen_sim_1459.txt",191,60.3571623036649,10.4313298429319,6.20899237087548,6.05780735865989,7.28093014644203,13.6106315311222,1.81190970125646,0.172826710945265
"GT_spanishjapanese_033from20gen_089from75gen_sim_622.txt",122,62.7494016393443,11.6443524590164,5.83985335660703,5.69430062335229,7.12202856692573,10.2322111706197,1.84964171899976,0.185569139383081
"GT_spanishjapanese_033from20gen_094from50gen_sim_668.txt",127,45.8843858267717,7.83418897637795,6.24894493810743,6.12156458118375,7.60858444240962,13.7001146788991,1.99501625960408,0.170737579575643
"GT_spanishjapanese_033from20gen_124from75gen_sim_649.txt",157,66.2023630573248,12.0744203821656,5.84552755488368,5.59408225500701,6.91485714285714,12.0015192240271,1.91120318634547,0.182386546711487
"GT_spanishjapanese_033from20gen_sim_336.txt",33,21.0081515151515,3.93754545454545,5.73709340349044,5.9502430654847,6.89670932358318,9.4710547184774,1.80588990746437,0.187429410517418
"GT_spanishjapanese_033from50gen_035from20gen_046from75gen_sim_1160.txt",114,53.8840614035088,9.65581578947368,6.13869306523256,5.94692048043702,7.17260418909272,13.3470899470899,2.03401852575248,0.179196139599917
"GT_spanishjapanese_033from50gen_058from75gen_050from20gen_sim_1318.txt",141,52.4571205673759,9.61893617021277,5.81023867755387,5.67740737990942,6.89273810726189,10.081799016163,1.69512367525979,0.183367597500099
"GT_spanishjapanese_033from50gen_069from20gen_052from75gen_sim_1019.txt",154,46.7413636363636,8.37087012987013,6.00653828467998,5.78817717534926,7.25313928468054,13.7001146788991,2.09572286550158,0.179089129598217
"GT_spanishjapanese_033from50gen_086from20gen_178from75gen_sim_1240.txt",297,59.8102962962963,10.6737542087542,6.00668900405056,5.8485161085542,7.14836363636364,13.7001146788991,1.98917485060415,0.178460145990201
"GT_spanishjapanese_033from50gen_170from75gen_059from20gen_sim_1367.txt",262,63.3553969465649,11.4571870229008,5.92593166350475,5.7586896894689,7.15400349475251,12.8627423234753,1.85969216217893,0.180839953264975
"GT_spanishjapanese_033from50gen_sim_417.txt",33,53.6637272727273,8.80242424242424,6.44974866867868,6.15517072693474,7.66716397667164,11.2544002903284,1.74769253940797,0.164029311599788
"GT_spanishjapanese_033from75gen_034from50gen_sim_814.txt",67,64.3500298507463,11.6661791044776,6.06980879610955,5.59977349943375,6.78668022991758,13.3470899470899,2.0808092502409,0.18129252047802
"GT_spanishjapanese_033from75gen_080from20gen_089from50gen_sim_1057.txt",202,44.7530198019802,7.94755940594059,6.10323420354388,5.94774640691994,7.20775653201474,13.6106315311222,2.11334099235421,0.177587109006417
"GT_spanishjapanese_034from20gen_123from75gen_sim_680.txt",157,65.6418598726115,12.4933248407643,5.76255326054344,5.49201525829185,7.16911614615227,12.8627423234753,2.05789080264967,0.19032557677387
"GT_spanishjapanese_034from20gen_sim_083.txt",34,21.2274705882353,3.98276470588235,5.63782438056285,5.86625170108339,6.59728499692021,10.5448888888889,1.83168498320011,0.18762314093558
"GT_spanishjapanese_034from50gen_043from75gen_sim_897.txt",77,71.6605584415584,12.0233246753247,6.34296691375995,6.23935723707879,7.23581057112451,11.8285859613428,1.7174926145544,0.16778162125446
"GT_spanishjapanese_034from50gen_044from75gen_sim_999.txt",78,69.7178461538462,11.9102179487179,6.33061896760553,6.34073658812297,7.25313928468054,11.8285859613428,1.82731861859055,0.17083456540576
"GT_spanishjapanese_034from50gen_096from75gen_215from20gen_sim_1078.txt",345,39.6355217391304,7.69675362318841,5.72802452422026,5.68875502008032,6.99269705363888,13.7001146788991,2.06362672924004,0.194188275704965
"GT_spanishjapanese_034from75gen_068from20gen_179from50gen_sim_1209.txt",281,49.7517971530249,8.56433096085409,6.30777635285296,6.12156458118375,7.4071809884622,12.8627423234753,2.04017004100086,0.172141137625887
"GT_spanishjapanese_034from75gen_sim_027.txt",34,82.6292647058823,13.6450294117647,6.56107691805963,6.19243505904142,7.27367409072592,12.8627423234753,2.00041873724825,0.165135554096167
"GT_spanishjapanese_035from20gen_044from75gen_sim_706.txt",79,55.3156455696203,9.37851898734177,6.1576771009145,6.06345015202432,7.32246897270415,11.8285859613428,1.97672109570317,0.169545503641243
"GT_spanishjapanese_035from20gen_058from50gen_045from75gen_sim_1235.txt",138,54.021615942029,9.43941304347826,6.08363438225966,5.73204515063316,7.20836711234637,12.0015192240271,1.85334069312492,0.174734000064118
"GT_spanishjapanese_035from20gen_091from75gen_082from50gen_sim_1289.txt",208,58.6354471153846,10.8341730769231,5.96521277711444,5.73449138871548,7.04397690214191,13.6106315311222,2.1065626232294,0.184771731263569
"GT_spanishjapanese_035from20gen_sim_301.txt",35,20.4797714285714,4.43568571428571,5.07091099395009,5.06789484578762,6.1658840353676,8.40153076243745,1.79220923521718,0.216588633801717
"GT_spanishjapanese_035from50gen_048from20gen_sim_963.txt",83,32.6930361445783,6.46912048192771,5.89017145693634,6.12000950570342,7.04909882565713,11.0180338333865,2.19950927134321,0.19787457039228
"GT_spanishjapanese_035from50gen_052from20gen_sim_751.txt",87,34.8300804597701,6.1273908045977,6.03913245615762,5.89178425125171,7.17231611292491,13.6106315311222,2.33046856193175,0.175922384436494
"GT_spanishjapanese_035from75gen_123from50gen_052from20gen_sim_1250.txt",210,51.406980952381,8.72122380952381,6.27980081536422,6.20459268241276,7.33070172282625,13.6106315311222,2.00582120670858,0.169650573676023
"GT_spanishjapanese_035from75gen_199from20gen_sim_824.txt",234,30.1407606837607,5.6655811965812,5.76217857116662,5.76484409745811,7.23261758960271,12.0425273390036,2.12556260943402,0.187970743539784
"GT_spanishjapanese_035from75gen_217from50gen_sim_515.txt",252,57.8822103174603,9.58946825396825,6.53218962304027,6.19859731779292,7.78784064652551,13.6106315311222,1.96918442531819,0.165672115860364
"GT_spanishjapanese_036from20gen_038from75gen_sim_937.txt",74,52.0325540540541,9.08751351351351,6.12039632538118,6.23994529402905,7.39312181416019,10.0597510373444,1.74763308680562,0.174650537124757
"GT_spanishjapanese_036from20gen_183from75gen_105from50gen_sim_1205.txt",324,63.1064104938272,11.5994413580247,6.05257029737807,5.83419707782787,7.33974415139951,13.3470899470899,2.06851926539024,0.183807655470427
"GT_spanishjapanese_036from20gen_sim_398.txt",36,21.2885277777778,3.85211111111111,5.97120213695428,6.13890322311289,7.41163034447753,9.70473295701259,2.08745884265557,0.180947745721157
"GT_spanishjapanese_036from50gen_049from75gen_sim_847.txt",85,66.6237058823529,11.6950823529412,6.19396653008796,6.24137931034483,7.26311899482631,10.0588044885628,1.79121006156112,0.175539354919597
"GT_spanishjapanese_036from50gen_073from75gen_sim_568.txt",109,70.9319633027523,11.8308440366972,6.46202930123903,6.39834227206241,7.78757225433526,11.8467201261996,1.80853207077495,0.166791436269722
"GT_spanishjapanese_036from50gen_077from20gen_sim_657.txt",113,31.9081769911504,5.56071681415929,5.88794411434235,6.04374838208646,6.88734567901235,12.0425273390036,1.76514638933457,0.174272469897028
"GT_spanishjapanese_036from50gen_sim_063.txt",36,51.8174166666667,8.63777777777778,6.27062807090542,6.16012748162754,6.75994216199394,10.9916115912557,1.61953831084897,0.166696418567974
"GT_spanishjapanese_036from50gen_sim_372.txt",36,54.8304166666667,9.11391666666667,6.34606909741434,6.15898616601087,6.92306071465747,11.8262169086251,1.84378793596274,0.166220087694634
"GT_spanishjapanese_036from75gen_057from20gen_sim_787.txt",93,42.6952043010753,8.41720430107527,5.68793857733628,5.59408225500701,6.9678517397882,10.2322111706197,1.94007757810733,0.197146364301699
"GT_spanishjapanese_036from75gen_063from20gen_sim_744.txt",99,42.688101010101,7.81762626262626,5.73590156560529,5.59095174262735,6.68072317881079,10.5448888888889,1.67539662056605,0.183133615167759
"GT_spanishjapanese_036from75gen_083from20gen_090from50gen_sim_1010.txt",209,43.9904449760766,8.0641052631579,6.06261817243827,5.92574200254071,7.13079229950663,13.7001146788991,2.16336899873371,0.183314928220058
"GT_spanishjapanese_036from75gen_122from50gen_159from20gen_sim_1120.txt",317,39.5439779179811,7.37582965299685,5.95175231086526,6.03123814341722,7.0786703601108,13.7001146788991,2.12290506611089,0.186522197344314
"GT_spanishjapanese_036from75gen_141from20gen_sim_737.txt",177,32.8946666666667,5.94097175141243,5.84077453377667,5.74672825250192,7.21482665769101,13.7001146788991,2.2583896788017,0.180605926535581
"GT_spanishjapanese_036from75gen_144from50gen_sim_802.txt",180,59.9192944444444,10.2983777777778,6.31751384326474,6.14813207551639,7.29368384594272,13.3470899470899,1.88438638414466,0.171870811785445
"GT_spanishjapanese_036from75gen_sim_122.txt",36,79.4098888888889,14.3628888888889,5.85054295654537,5.62542624258534,7.12382615543633,9.1381181619256,1.48633928926692,0.180870280639551
"GT_spanishjapanese_036from75gen_sim_165.txt",36,79.1179722222222,14.48475,5.79767579311244,5.52794890848333,6.69138608088528,11.131637005442,1.81360913638784,0.183077872108704
"GT_spanishjapanese_036from75gen_sim_317.txt",36,80.1551388888889,13.9384444444444,6.06496799165485,5.83701298779222,6.92724520725346,9.41156032849021,1.58482539845949,0.173893335320221
"GT_spanishjapanese_037from20gen_050from50gen_172from75gen_sim_1265.txt",259,65.9807953667954,11.6832895752896,6.11079187051976,5.79656160458453,7.29912848785331,12.8627423234753,1.96352286182144,0.177071063031913
"GT_spanishjapanese_037from20gen_051from75gen_112from50gen_sim_1279.txt",200,53.98468,9.8639,6.08060702094172,6.05487365192577,7.12581489302057,13.3470899470899,1.9981054271705,0.182716652205774
"GT_spanishjapanese_037from20gen_060from50gen_sim_598.txt",97,41.739381443299,6.89842268041237,6.34425904306217,6.13312693498452,7.4308768154922,13.3470899470899,2.28222288015645,0.165273716137446
"GT_spanishjapanese_037from20gen_sim_075.txt",37,21.0105945945946,4.10521621621622,5.57147981183668,5.34962320164421,6.97842135150483,10.2322111706197,2.06326316600223,0.195387912404553
"GT_spanishjapanese_037from20gen_sim_146.txt",37,21.4888108108108,3.91305405405405,6.1183613479007,6.69677033492823,7.445463093559,12.0425273390036,2.42932837390388,0.182097282558113
"GT_spanishjapanese_037from50gen_097from20gen_294from75gen_sim_1024.txt",428,63.3793691588785,11.6079135514019,5.94632778864293,5.68797117210108,7.1836964290635,13.7001146788991,2.03629068635877,0.183149717415194
"GT_spanishjapanese_037from50gen_sim_064.txt",37,52.9452702702703,8.28113513513514,6.76698365147213,6.81857536402991,7.93456614509246,11.7755392755393,1.82482009309616,0.15640934672469
"GT_spanishjapanese_037from75gen_037from20gen_152from50gen_sim_1003.txt",226,53.1211327433628,8.75967699115044,6.45276236397001,6.16167788674997,7.64818317445673,13.6106315311222,2.06845006575244,0.164900041448098
"GT_spanishjapanese_037from75gen_060from50gen_sim_677.txt",97,63.5049072164948,10.6736907216495,6.44410272784314,6.15562021769587,7.42179089871147,13.6106315311222,1.92496377604907,0.168076628869983
"GT_spanishjapanese_037from75gen_sim_035.txt",37,80.3262702702703,14.7578378378378,5.92716137557367,5.60354156419085,7.16911614615227,11.8467201261996,2.01217004069026,0.183723678295815
"GT_spanishjapanese_037from75gen_sim_101.txt",37,86.3466216216216,13.9175135135135,6.51423106449419,5.89374612149211,7.44493927125506,12.0015192240271,1.81767517855072,0.161181911372297
"GT_spanishjapanese_037from75gen_sim_364.txt",37,76.8984054054054,13.8947837837838,6.03869062093239,6.06860100605089,7.38402235713597,12.8627423234753,2.22054992877061,0.180690141889562
"GT_spanishjapanese_038from20gen_172from50gen_sim_759.txt",210,49.1609619047619,7.9304619047619,6.51158849779897,6.31926583618136,7.66158904854596,13.6106315311222,2.05886637171355,0.161316247638225
"GT_spanishjapanese_038from50gen_043from20gen_047from75gen_sim_1382.txt",128,51.3443828125,9.336140625,5.9268350492859,5.69638575243624,7.1836964290635,13.3470899470899,2.10007424532104,0.181833729681664
"GT_spanishjapanese_038from50gen_062from75gen_sim_750.txt",100,69.92669,12.61963,6.16993840281812,5.74517208352496,7.19830329984205,13.6106315311222,2.2010693082511,0.180469431629039
"GT_spanishjapanese_038from75gen_032from50gen_033from20gen_sim_1026.txt",103,53.8725631067961,9.12795145631068,6.09138230365245,5.83900657414171,7.38472401478254,12.0015192240271,1.98599181527139,0.169435997285215
"GT_spanishjapanese_038from75gen_062from50gen_sim_848.txt",100,63.52917,10.83897,6.42588167322908,6.24257007958005,7.6361171804642,13.3470899470899,1.99823878149924,0.170614065947973
"GT_spanishjapanese_038from75gen_069from20gen_123from50gen_sim_1489.txt",230,47.2109130434783,8.4051,6.10996000272852,5.89123804930441,7.48826962936646,11.8262169086251,1.99505994866396,0.178032989793259
"GT_spanishjapanese_038from75gen_sim_170.txt",38,80.6632631578947,14.8673157894737,5.85929214269834,5.63923504899356,7.10789401056634,9.83995229576625,1.7369355821531,0.184313344234185
"GT_spanishjapanese_039from20gen_074from50gen_sim_615.txt",113,41.8192300884956,7.30405309734513,5.97220103931132,5.80550774526678,7.26311899482631,13.3470899470899,2.17348932176271,0.174657761079979
"GT_spanishjapanese_039from20gen_084from75gen_sim_611.txt",123,63.0930081300813,10.6843170731707,6.42468250664696,6.43031930766935,7.77984848431135,12.8627423234753,2.14070790634998,0.169342331104937
"GT_spanishjapanese_039from20gen_161from75gen_sim_529.txt",200,69.240245,12.6111,5.87952301084626,5.61910191022913,6.90566794180762,12.8627423234753,1.80557845066364,0.182135404055835
"GT_spanishjapanese_039from20gen_168from50gen_sim_708.txt",207,47.9230483091787,7.98550724637681,6.26485913847233,6.14890771288453,7.31984003696497,11.7236090716267,1.95934777108582,0.16663187188882
"GT_spanishjapanese_039from20gen_226from75gen_089from50gen_sim_1380.txt",354,66.7077485875706,11.6826779661017,6.19322921659494,5.91519879692338,7.27228808782389,13.7001146788991,1.99632160404159,0.175132247954153
"GT_spanishjapanese_039from20gen_sim_282.txt",39,21.3140512820513,4.39830769230769,5.14809546144941,4.85902988306626,6.42684722138648,10.2322111706197,1.89969397676963,0.206357188227821
"GT_spanishjapanese_039from20gen_sim_323.txt",39,20.9212564102564,3.81641025641026,5.94168177678755,6.16625,6.96906094512009,13.7001146788991,2.11382462369525,0.182417832924188
"GT_spanishjapanese_039from20gen_sim_402.txt",39,19.6797179487179,3.98664102564103,5.56562066472981,4.99106915029344,7.21807455183928,13.7001146788991,2.59638365960616,0.202576126143146
"GT_spanishjapanese_039from50gen_033from75gen_074from20gen_sim_1169.txt",146,43.0031301369863,7.63703424657534,5.92368336977031,5.77885689459,7.16555446128725,9.98009950248756,1.74369522127542,0.177592519945585
"GT_spanishjapanese_039from50gen_105from20gen_118from75gen_sim_1134.txt",262,52.3874007633588,9.31120610687023,6.02670271332392,5.77691238430731,7.20851834540869,13.6106315311222,2.01524006656378,0.177737508851226
"GT_spanishjapanese_039from50gen_sim_125.txt",39,53.153358974359,8.51012820512821,6.72466665708717,6.49507192328183,7.68882954244196,13.3470899470899,2.25461503911935,0.160105181861291
"GT_spanishjapanese_039from50gen_sim_131.txt",39,53.9677179487179,8.75666666666667,6.57105371453243,6.48860215053764,7.49789492719598,11.7755392755393,1.76495325533936,0.162257493914928
"GT_spanishjapanese_039from75gen_081from50gen_051from20gen_sim_1183.txt",171,49.613269005848,8.61812280701754,6.18956637254128,5.83600991098467,7.46130407119935,13.6106315311222,2.1289051857225,0.173706006068693
"GT_spanishjapanese_039from75gen_095from20gen_225from50gen_sim_1285.txt",359,48.0095515320334,8.31513091922006,6.35224249138541,6.16235211432587,7.57141687830908,13.6106315311222,1.99009407424311,0.173197429550492
"GT_spanishjapanese_039from75gen_293from20gen_122from50gen_sim_1085.txt",454,35.7540066079295,6.37206167400881,5.94237438948204,6.01037479723271,7.15827170858546,13.7001146788991,2.02546038135789,0.178219513798367
"GT_spanishjapanese_039from75gen_sim_141.txt",39,78.9282564102564,15.0984615384615,5.59116468222474,5.17473158929382,6.47089042718182,9.77053140096618,1.69861231072003,0.191293488861355
"GT_spanishjapanese_039from75gen_sim_230.txt",39,79.1791538461539,14.6356666666667,5.78466595783393,5.41957583700703,7.03030607055554,10.0588044885628,1.69123333641336,0.18484242323559
"GT_spanishjapanese_040from20gen_085from75gen_107from50gen_sim_1309.txt",232,57.5966293103448,10.1540043103448,6.24614677256086,6.08038471342888,7.4402567775135,13.6106315311222,2.0688391467287,0.176295113653831
"GT_spanishjapanese_040from50gen_078from75gen_159from20gen_sim_1037.txt",277,42.5699133574007,7.59170036101083,5.91252031003531,5.8887299771167,7.2680559150919,13.7001146788991,2.00657597400438,0.178334879314266
"GT_spanishjapanese_040from50gen_106from75gen_263from20gen_sim_1292.txt",409,38.9080122249389,7.1901173594132,5.80884125270161,5.73731159643187,7.03965380199594,12.8627423234753,2.05361124542353,0.18479785905908
"GT_spanishjapanese_040from50gen_124from75gen_sim_817.txt",164,73.3810243902439,12.8519268292683,6.18070114731614,5.84674103485151,7.35056321386203,12.8627423234753,1.82736033047111,0.175139648649781
"GT_spanishjapanese_040from50gen_sim_489.txt",40,55.5787,8.93385,6.67279632323937,6.81226433431351,8.12780002348974,10.9916115912557,1.97582042695809,0.160742334743346
"GT_spanishjapanese_040from75gen_135from20gen_sim_614.txt",175,35.04404,6.49001142857143,5.80509447139969,5.76031781063783,6.979002540628,10.6051045728465,1.92531967807454,0.185195868643325
"GT_spanishjapanese_041from20gen_066from50gen_sim_973.txt",107,41.6832990654206,7.19105607476636,6.16417934364745,6.29348468724134,7.72446035806272,11.2544002903284,1.9906875773069,0.172516481084672
"GT_spanishjapanese_041from20gen_090from75gen_sim_683.txt",131,61.2268702290076,11.227427480916,6.00120258890633,5.90465559130606,7.20508933619342,11.8467201261996,1.98059863158397,0.183374185858626
"GT_spanishjapanese_041from20gen_178from75gen_053from50gen_sim_1046.txt",272,65.4737058823529,11.7320294117647,6.03017877141763,5.87977960122282,7.23028857014818,13.7001146788991,1.80062349517875,0.179186885080944
"GT_spanishjapanese_041from50gen_sim_445.txt",41,49.8831951219512,10.1150487804878,6.18106251288481,6.33281853281853,6.72048530097994,11.7236090716267,2.23153491721195,0.202774677038213
"GT_spanishjapanese_041from75gen_084from20gen_sim_690.txt",125,39.98452,6.946752,6.09027545172711,6.18514259429623,7.44493927125506,12.8627423234753,2.19606103890507,0.173736035845872
"GT_spanishjapanese_041from75gen_123from50gen_sim_997.txt",164,59.1432134146341,10.213987804878,6.21243955849414,6.05127449999864,6.9983861362121,11.8285859613428,1.78364035361168,0.172699236567872
"GT_spanishjapanese_041from75gen_153from20gen_sim_796.txt",194,33.0077835051546,6.51036082474227,5.73723801036035,5.75760625424473,6.96543063751047,13.7001146788991,2.10674618684288,0.197237140255891
"GT_spanishjapanese_042from20gen_057from75gen_sim_784.txt",99,52.7784343434343,9.81353535353535,5.66393358482031,5.7344262295082,7.01180687163553,12.0015192240271,1.93938693031648,0.185938356747715
"GT_spanishjapanese_042from20gen_sim_277.txt",42,21.207619047619,3.9932619047619,5.68671679829894,5.6192937480997,7.15385007497455,9.4710547184774,1.8195628457009,0.188293739895815
"GT_spanishjapanese_042from20gen_sim_354.txt",42,20.6542142857143,4.03961904761905,5.60704065619451,6.12436431623932,6.98548257393987,9.70473295701259,1.9729463607036,0.195583283476104
"GT_spanishjapanese_042from20gen_sim_426.txt",42,20.8509761904762,4.03864285714286,5.55546173156831,5.72153988030135,6.99022979768606,8.85736149372513,2.01116451847105,0.193690828681083
"GT_spanishjapanese_042from20gen_sim_470.txt",42,20.6790476190476,3.94207142857143,5.65005835686137,5.93152149041993,7.1959957259394,8.61699507389163,1.88522369274523,0.190631188688804
"GT_spanishjapanese_042from50gen_180from20gen_sim_700.txt",222,27.6267477477477,5.06579279279279,5.80655584864804,5.74737202007301,6.98548257393987,13.6106315311222,2.1122134475727,0.183365513706034
"GT_spanishjapanese_042from50gen_sim_166.txt",42,54.1554285714286,8.82473809523809,6.43767616887811,6.31049067362663,7.13858252291592,11.0180338333865,1.66926535614126,0.162952049831877
"GT_spanishjapanese_042from50gen_sim_391.txt",42,48.9002619047619,9.7487380952381,6.2073021933796,6.16050182958704,6.98118421141343,10.0465838509317,2.08763030831076,0.199359629488789
"GT_spanishjapanese_042from75gen_056from50gen_sim_670.txt",98,65.5468775510204,11.2877244897959,6.18688142629748,6.03696336101355,7.27911519374934,13.3470899470899,1.72157578146212,0.172208424131413
"GT_spanishjapanese_042from75gen_158from20gen_123from50gen_sim_1257.txt",323,40.797346749226,7.4016439628483,6.05021803443901,5.94768574343753,7.20068640633847,13.7001146788991,2.07570633905534,0.181424640390094
"GT_spanishjapanese_042from75gen_198from50gen_051from20gen_sim_1472.txt",291,51.450295532646,8.91069759450172,6.36967742489296,6.16235211432587,7.57141687830908,13.6106315311222,2.09858740340914,0.173190406435037
"GT_spanishjapanese_042from75gen_sim_346.txt",42,85.025619047619,14.5975952380952,6.33658475483765,5.80802044160912,7.34766477788472,11.131637005442,2.00538256231859,0.171684668710495
"GT_spanishjapanese_042from75gen_sim_458.txt",42,76.6380952380952,14.1511428571429,5.81029937566447,5.59594446779164,6.8150219208883,10.0355921469284,1.65149247397829,0.184648937492233
"GT_spanishjapanese_043from20gen_032from75gen_033from50gen_sim_1188.txt",108,49.278537037037,8.31853703703704,6.27004415583071,6.31973871165077,7.48204884374276,11.8285859613428,2.09938519311646,0.168806493398636
"GT_spanishjapanese_043from20gen_050from50gen_113from75gen_sim_1354.txt",206,61.172140776699,10.6647087378641,6.19952143235367,5.98031441005864,7.34736114538877,12.8627423234753,2.02662073217387,0.17433930875158
"GT_spanishjapanese_043from20gen_157from50gen_sim_725.txt",200,47.95827,7.67324,6.53477256735162,6.25128986866792,7.56985308000267,13.6106315311222,2.0008791173665,0.159998265158439
"GT_spanishjapanese_043from20gen_177from75gen_150from50gen_sim_1269.txt",370,62.1272297297297,10.5693756756757,6.34772837911677,6.19859731779292,7.5434562068032,13.6106315311222,1.95594779193728,0.170124689635371
"GT_spanishjapanese_043from20gen_239from75gen_sim_766.txt",282,69.8109716312057,12.7909184397163,5.90716919213667,5.60285157239277,7.10640283637313,13.7001146788991,1.92274025703502,0.18322218042298
"GT_spanishjapanese_043from20gen_sim_090.txt",43,20.7896976744186,4.08286046511628,5.50049749022159,5.34595300261097,6.23615362082258,10.5448888888889,1.8939206766735,0.196388640616942
"GT_spanishjapanese_043from20gen_sim_094.txt",43,20.2500465116279,4.26823255813953,5.10044627057224,5.1093489148581,6.34448115613777,8.47522592708009,1.67759655647386,0.210776432325163
"GT_spanishjapanese_043from50gen_263from75gen_248from20gen_sim_1349.txt",554,51.3153790613718,9.32675451263538,5.90537081218006,5.6666971177633,7.18717404954201,13.7001146788991,1.98229392442593,0.181753592845545
"GT_spanishjapanese_043from75gen_054from20gen_027from50gen_sim_1363.txt",124,48.0911129032258,8.73784677419355,6.24318275216487,6.09410253757445,7.583743797928,12.8627423234753,2.06976460866156,0.181693586334273
"GT_spanishjapanese_043from75gen_084from20gen_082from50gen_sim_1393.txt",209,45.7078038277512,8.16846411483254,6.07650073764215,5.8485161085542,7.33857988165681,13.6106315311222,2.13255114045442,0.178710492099231
"GT_spanishjapanese_043from75gen_116from50gen_sim_522.txt",159,61.2795849056604,10.0875786163522,6.54042405183017,6.29071927806777,7.70034841865945,11.8467201261996,1.89138289146717,0.164615648619063
"GT_spanishjapanese_043from75gen_286from50gen_153from20gen_sim_1118.txt",482,45.9848029045643,7.82665560165975,6.29153896443972,6.18460843337379,7.46266327107279,13.6106315311222,2.00922124305247,0.170200916548517
"GT_spanishjapanese_044from20gen_062from75gen_088from50gen_sim_1378.txt",194,53.6814175257732,9.65471649484536,6.25853161525417,6.1596256520405,7.39595250162237,12.8627423234753,2.13234779834612,0.179852115309921
"GT_spanishjapanese_044from20gen_sim_099.txt",44,21.0453863636364,4.12145454545455,5.68221646380232,5.84287515593076,7.03833692013391,9.70473295701259,2.14026018775581,0.195836487591212
"GT_spanishjapanese_044from50gen_023from20gen_290from75gen_sim_1455.txt",357,72.4953697478992,12.8817871148459,6.11542631524598,5.79656160458453,7.2680559150919,13.6106315311222,1.91201316501873,0.177691170617407
"GT_spanishjapanese_044from50gen_071from75gen_sim_975.txt",115,68.3839913043478,12.0836956521739,6.25371326182286,6.0878909998081,7.19663847027622,12.0015192240271,2.0724687657045,0.176703573770571
"GT_spanishjapanese_044from50gen_203from20gen_155from75gen_sim_1165.txt",402,46.4102014925373,8.38473631840796,5.95815437961766,5.87641223265284,7.32807390897409,13.7001146788991,2.10807431593886,0.180665802964812
"GT_spanishjapanese_044from50gen_277from75gen_066from20gen_sim_1058.txt",387,66.7174935400517,11.8083359173127,6.11516470016042,5.85248800202071,7.29586944783531,12.8627423234753,1.88174274606403,0.176990100957913
"GT_spanishjapanese_044from50gen_sim_361.txt",44,54.5249772727273,9.30795454545455,6.17664822493689,6.00634570297584,7.37714800550503,9.89684372594303,1.62971373976392,0.170709920682723
"GT_spanishjapanese_044from75gen_111from20gen_sim_658.txt",155,37.0252193548387,7.1053935483871,5.62681361609865,5.70576816417083,6.87204884046088,12.0425273390036,1.88132048185886,0.191906858951762
"GT_spanishjapanese_044from75gen_116from20gen_021from50gen_sim_1376.txt",181,38.475408839779,7.1729226519337,5.89623889609689,5.8194792786337,7.18173076923077,12.8627423234753,1.87326384131994,0.186428757178475
"GT_spanishjapanese_044from75gen_116from50gen_sim_637.txt",160,60.82605625,10.34824375,6.41062709359016,6.13353873109391,7.56560388704835,13.6106315311222,1.9985208415462,0.170128467764997
"GT_spanishjapanese_044from75gen_165from50gen_sim_557.txt",209,59.2344784688995,10.1383444976077,6.4649207329968,6.14551288100406,7.46839666357739,13.6106315311222,2.05128984377597,0.17115613675793
"GT_spanishjapanese_045from20gen_097from50gen_sim_544.txt",142,43.4815422535211,7.33884507042254,6.27865806290706,6.05568000853819,7.42439326349594,13.7001146788991,2.11055308814147,0.168780698431373
"GT_spanishjapanese_045from20gen_175from50gen_183from75gen_sim_1379.txt",403,62.3807965260546,10.8785905707196,6.16043244251266,6.05527944010549,7.29307412241884,13.6106315311222,1.96717001142243,0.174390055538581
"GT_spanishjapanese_045from20gen_sim_024.txt",45,21.2514222222222,4.68762222222222,5.01613394680759,4.84405458089669,6.44146023468057,10.5448888888889,1.87698800431717,0.220579223978735
"GT_spanishjapanese_045from20gen_sim_358.txt",45,20.5179777777778,3.92837777777778,5.58980907468443,5.77979274611399,6.22514071294559,12.0425273390036,1.88873772166529,0.191460280361179
"GT_spanishjapanese_045from50gen_064from75gen_091from20gen_sim_1034.txt",200,47.51357,8.01348,6.1740560172115,6.08197058451484,7.37073902245256,12.0015192240271,1.93002288136264,0.168656659560627
"GT_spanishjapanese_045from50gen_098from20gen_289from75gen_sim_1172.txt",432,63.4675763888889,11.4343402777778,5.98587968025735,5.76598443400035,7.02827611308506,13.7001146788991,1.8790360247122,0.180160342151958
"GT_spanishjapanese_045from50gen_120from20gen_sim_604.txt",165,29.7030666666667,5.71835151515152,5.96890588231737,6.03123814341722,7.31707317073171,13.7001146788991,2.1692316626986,0.192517209732043
"GT_spanishjapanese_045from50gen_sim_468.txt",45,51.3559333333333,9.71502222222222,6.48157986164411,6.33281853281853,6.9196915776987,11.7236090716267,2.21481427299398,0.189170395544472
"GT_spanishjapanese_045from75gen_041from20gen_086from50gen_sim_1304.txt",172,53.5118139534884,9.14086627906977,6.29782278016697,6.13523614703414,7.28713117122893,13.6106315311222,2.09514899732767,0.170819592978382
"GT_spanishjapanese_045from75gen_130from50gen_sim_731.txt",175,60.70888,10.6431771428571,6.30899903742176,6.09775051124744,7.44963673953479,13.3470899470899,2.00514747431133,0.175314997457656
"GT_spanishjapanese_045from75gen_sim_123.txt",45,77.3545777777778,14.6509333333333,5.69652732467593,5.42555504692149,6.66807298808143,12.8627423234753,1.84293944581444,0.189399693647377
"GT_spanishjapanese_046from20gen_037from50gen_038from75gen_sim_1429.txt",121,46.7149173553719,8.93509917355372,6.00590021807981,6.16235211432587,7.34323696062763,13.6106315311222,2.07824182522977,0.191268649917161
"GT_spanishjapanese_046from20gen_132from75gen_094from50gen_sim_1102.txt",272,59.8953345588235,10.8034779411765,6.05643821288429,5.81297459304928,7.29784223938964,13.3470899470899,1.89421839183405,0.180372612003132
"GT_spanishjapanese_046from20gen_140from75gen_sim_901.txt",186,65.1110591397849,12.0561827956989,5.8435625192865,5.60690089865818,7.16662052134017,13.7001146788991,2.0291633111808,0.185163364795155
"GT_spanishjapanese_046from20gen_sim_389.txt",46,22.1753913043478,3.85108695652174,6.09686849382854,6.14950671437377,7.27197372003429,10.5448888888889,1.73012346621835,0.173664892928707
"GT_spanishjapanese_046from50gen_206from75gen_sim_968.txt",252,74.6320357142857,13.2056388888889,6.13071163124021,5.81489565149341,7.22007263604939,13.6106315311222,1.9202911377826,0.176943302731874
"GT_spanishjapanese_046from50gen_sim_348.txt",46,50.6355869565217,9.62480434782609,6.5414844033846,6.36637325313796,7.85211757035877,11.8262169086251,2.25248327932066,0.190079841596197
"GT_spanishjapanese_046from75gen_096from50gen_sim_678.txt",142,61.2709154929577,10.7229436619718,6.32001300174575,6.14643465957615,7.52852094538269,11.8467201261996,2.05509416561078,0.175008706426205
"GT_spanishjapanese_046from75gen_174from50gen_205from20gen_sim_1348.txt",425,40.4429929411765,7.09612941176471,6.1397850239234,6.16235211432587,7.3961549665016,13.6106315311222,2.07703054644791,0.175460046245486
"GT_spanishjapanese_046from75gen_sim_139.txt",46,75.0425434782609,13.5201304347826,5.79467645050219,5.49768655273595,6.57921054411792,9.83995229576625,1.40646012333933,0.180166207168861
"GT_spanishjapanese_047from20gen_185from75gen_sim_722.txt",232,67.1483706896552,12.2669784482759,5.96878766269429,5.77572815121808,7.19590172084403,12.8627423234753,1.9185964367885,0.182684677562336
"GT_spanishjapanese_047from20gen_198from50gen_sim_573.txt",245,47.5795224489796,8.02437551020408,6.40908819870371,6.18514259429623,7.64486426416892,13.3470899470899,2.07419616605868,0.168651871586327
"GT_spanishjapanese_047from20gen_266from50gen_180from75gen_sim_1221.txt",493,60.5528498985801,10.4199472616633,6.27205865844035,6.0783452738618,7.3961549665016,13.6106315311222,1.88184349089817,0.17208021222974
"GT_spanishjapanese_047from20gen_sim_074.txt",47,20.6473617021277,4.30731914893617,5.28770222784419,5.34962320164421,6.87608857436962,9.23907380607815,1.97885336667899,0.208613536735413
"GT_spanishjapanese_047from20gen_sim_493.txt",47,21.4761063829787,4.03959574468085,5.77033604578231,5.85248800202071,6.97113024317384,10.2322111706197,2.06969200265742,0.18809721243896
"GT_spanishjapanese_047from50gen_044from20gen_089from75gen_sim_1421.txt",180,58.2134888888889,10.2220944444444,5.91463456948651,5.64144891146108,7.04671752837542,12.0015192240271,1.76390804432291,0.17559666392707
"GT_spanishjapanese_047from50gen_137from75gen_113from20gen_sim_1321.txt",297,53.0123569023569,9.53727946127946,5.95783138216117,5.74215192906782,7.23883626522327,12.0015192240271,1.91524109415881,0.179906723989769
"GT_spanishjapanese_047from50gen_212from75gen_sim_868.txt",259,73.8767606177606,13.2402432432432,6.05105753065592,5.67740737990942,7.20221003312636,12.8627423234753,1.88649101439706,0.179220679582155
"GT_spanishjapanese_047from50gen_231from20gen_048from75gen_sim_1487.txt",326,33.9091779141104,6.38706748466258,5.81900487731909,5.75416340264863,6.99379872321957,13.7001146788991,2.05439130988703,0.188358075233808
"GT_spanishjapanese_047from75gen_024from50gen_119from20gen_sim_1397.txt",190,39.9582263157895,7.46772631578947,5.71034706102679,5.74791252850732,6.86294942890482,11.7236090716267,1.70896881142291,0.186888333250132
"GT_spanishjapanese_047from75gen_172from20gen_sim_881.txt",219,34.1184109589041,6.37584931506849,5.71038592720749,5.82938758151403,6.96100323276007,12.0425273390036,2.03896031416576,0.186874157848332
"GT_spanishjapanese_047from75gen_sim_333.txt",47,80.0768723404255,15.9355957446809,5.60032856266388,5.60216158059468,6.6357812597436,11.8467201261996,2.04645776741407,0.199003723283983
"GT_spanishjapanese_048from20gen_114from75gen_055from50gen_sim_1065.txt",217,58.9582534562212,10.7957096774194,5.89361059538507,5.60354156419085,6.96383913484285,12.8627423234753,1.952003417092,0.183107691367343
"GT_spanishjapanese_048from20gen_191from75gen_200from50gen_sim_1203.txt",439,61.8368223234624,10.7703986332574,6.25271639260236,6.09775051124744,7.42806876695815,13.6106315311222,1.969043987934,0.174174516551295
"GT_spanishjapanese_048from20gen_sim_294.txt",48,20.9063333333333,3.73433333333333,6.17300013913038,6.23401715898948,7.07191809275754,13.7001146788991,2.41338391247909,0.178622108133102
"GT_spanishjapanese_048from50gen_080from20gen_sim_560.txt",128,34.772296875,5.9171015625,6.12102410287068,6.2106592334791,7.43031131220783,10.9164753664136,2.00441902058979,0.17016711849007
"GT_spanishjapanese_048from50gen_sim_025.txt",48,55.469625,9.15389583333333,6.48054155468278,6.35508878380102,7.66825460010498,9.89684372594303,1.74734324624779,0.165025378003427
"GT_spanishjapanese_048from50gen_sim_438.txt",48,50.879875,9.34422916666667,5.83235677316898,5.8774454053688,6.71193950706316,10.243879472693,1.71906260802148,0.183652753994908
"GT_spanishjapanese_048from50gen_sim_474.txt",48,52.3801666666667,9.298,6.96536184171535,6.89200721186466,8.66947112453824,13.3470899470899,2.43526490337242,0.177509935376303
"GT_spanishjapanese_048from75gen_084from50gen_068from20gen_sim_1082.txt",200,48.138825,8.84093,6.03945824749993,5.852474320844,7.17297198584923,13.7001146788991,2.13597547376258,0.18365487732615
"GT_spanishjapanese_048from75gen_162from20gen_070from50gen_sim_1115.txt",280,38.7358857142857,6.58452142857143,6.15321111439549,6.15203921990964,7.41291334106175,13.7001146788991,2.0111534201989,0.169985048932109
"GT_spanishjapanese_048from75gen_sim_040.txt",48,78.9242916666667,15.1120625,5.60857972498454,5.67196987917403,6.34354657851628,11.8467201261996,1.76989784807348,0.191475427664592
"GT_spanishjapanese_048from75gen_sim_237.txt",48,78.348125,13.8414375,6.23398947014785,5.33326941689695,7.57031489034844,12.8627423234753,2.36593168214132,0.176665842354236
"GT_spanishjapanese_049from20gen_024from50gen_040from75gen_sim_1274.txt",113,48.967796460177,8.88051327433628,5.81234644547666,5.7344262295082,6.78976067858225,11.2544002903284,1.78648491864362,0.181354153470197
"GT_spanishjapanese_049from20gen_106from75gen_sim_985.txt",155,60.9026129032258,10.7284129032258,6.05965561465586,5.8887299771167,7.11351699823722,11.8285859613428,1.915729498683,0.176156857510748
"GT_spanishjapanese_049from20gen_sim_262.txt",49,20.9031632653061,4.2404693877551,5.66318062340772,5.51170230678565,6.94542483660131,12.0425273390036,2.36284387482323,0.202862568403376
"GT_spanishjapanese_049from50gen_020from20gen_sim_792.txt",69,46.0264782608696,6.89389855072464,6.92089009676163,6.8178021978022,8.21962937542896,11.7755392755393,1.97290321351974,0.149781143620229
"GT_spanishjapanese_049from50gen_sim_013.txt",49,53.8053265306122,8.72516326530612,6.50403982893383,6.33281853281853,7.4252607184241,13.3470899470899,1.93329573846753,0.162161700855806
"GT_spanishjapanese_049from75gen_031from20gen_sim_714.txt",80,55.307625,10.1541375,5.99552581117483,5.66467363606274,7.19000474134583,11.8467201261996,2.18019481053543,0.183593808267847
"GT_spanishjapanese_050from20gen_061from75gen_sim_933.txt",111,52.7813243243243,9.70182882882883,5.7368149359551,5.5757793764988,6.98387291042846,11.8285859613428,1.96844233719565,0.183811773444982
"GT_spanishjapanese_050from20gen_sim_264.txt",50,21.25228,4.15402,5.66614218525577,5.7349667379425,6.95159363684643,12.0425273390036,2.1560403883581,0.195462322160258
"GT_spanishjapanese_050from20gen_sim_275.txt",50,21.22742,3.99612,5.59906097164752,5.58265967829329,6.85580122345662,10.2322111706197,1.86498712409097,0.188252741030234
"GT_spanishjapanese_050from20gen_sim_347.txt",50,21.04038,4.15702,5.54326440464457,5.16850155354814,6.4348829479873,13.7001146788991,2.21516782283088,0.197573427856341
"GT_spanishjapanese_050from50gen_035from75gen_sim_887.txt",85,67.4672117647059,11.8716352941176,6.16574165099595,6.01864728192162,7.0786703601108,10.9164753664136,1.74613844185439,0.175961552042796
"GT_spanishjapanese_050from50gen_sim_370.txt",50,54.53432,9.03914,6.50271427863361,6.1596256520405,7.83799850894711,11.8262169086251,1.98459093538656,0.165751402052872
"GT_spanishjapanese_050from75gen_sim_197.txt",50,81.00082,14.01924,6.10924841810233,6.09410253757445,7.13305411339308,12.0015192240271,1.67593897569018,0.173075284916869
"GT_spanishjapanese_050from75gen_sim_232.txt",50,77.19926,13.86548,5.86613330400578,5.55627601498677,6.79252955465556,11.131637005442,1.65678720475489,0.179606384828041
"GT_spanishjapanese_051from20gen_sim_156.txt",51,21.4273333333333,4.03882352941176,5.77664076847092,5.51170230678565,6.9600293734017,10.6051045728465,1.98053317746771,0.188489321866701
"GT_spanishjapanese_051from20gen_sim_480.txt",51,21.0226470588235,4.10539215686275,5.58212710336897,5.73731159643187,6.68441399494202,13.7001146788991,2.04604126496289,0.195284263935718
"GT_spanishjapanese_051from50gen_031from20gen_sim_503.txt",82,41.7081707317073,6.87021951219512,6.32525605341573,6.08739892953466,7.6790081046368,11.7236090716267,1.85007993057569,0.164721189917165
"GT_spanishjapanese_051from50gen_084from20gen_074from75gen_sim_1361.txt",209,50.0414545454545,8.96109090909091,5.99877559896453,5.76937038427838,7.24716062736614,13.3470899470899,2.01406452137237,0.179073350095194
"GT_spanishjapanese_051from50gen_118from75gen_sim_919.txt",169,70.7522544378698,12.7068047337278,6.08863826530554,5.89178425125171,7.22844790315607,12.0015192240271,1.90764388479545,0.17959575754418
"GT_spanishjapanese_051from50gen_279from75gen_069from20gen_sim_1473.txt",399,65.8394461152882,11.7045639097744,6.06182577840398,5.76937038427838,7.20221003312636,12.8627423234753,1.86015713982731,0.177774337428039
"GT_spanishjapanese_051from75gen_044from50gen_sim_741.txt",95,66.3673368421053,11.7116947368421,6.27730722388116,6.11106853164719,7.30799645724193,12.8627423234753,2.18540645448594,0.176467751971206
"GT_spanishjapanese_051from75gen_060from20gen_sim_806.txt",111,46.3272252252252,8.73297297297297,5.79135966980079,5.76937038427838,7.05977684057065,9.77053140096618,1.78318141617013,0.188506281792544
"GT_spanishjapanese_051from75gen_066from20gen_059from50gen_sim_1087.txt",176,46.9365340909091,8.87514204545455,5.95940583126896,5.71206781620567,7.18730796837987,13.3470899470899,2.09625245862202,0.189088142474788
"GT_spanishjapanese_051from75gen_066from20gen_161from50gen_sim_1197.txt",278,50.6792949640288,8.79125179856115,6.31084518332976,6.15407950848277,7.4002470270109,13.7001146788991,2.02215876999187,0.173468312943205
"GT_spanishjapanese_052from20gen_026from50gen_033from75gen_sim_1377.txt",111,44.0082702702703,8.63776576576577,5.72838473772155,5.5757793764988,6.66923019069206,11.7236090716267,1.99537208112261,0.196275966147231
"GT_spanishjapanese_052from20gen_031from75gen_127from50gen_sim_1064.txt",210,49.7623428571429,8.83508095238095,6.15951523065701,6.1044537485766,7.22229166037815,11.8285859613428,1.93147965205243,0.177545518259552
"GT_spanishjapanese_052from20gen_043from75gen_139from50gen_sim_1340.txt",234,50.593405982906,9.1259358974359,6.20799627323088,6.03620228359737,7.35750952098407,11.8262169086251,2.07330714861538,0.180377970609832
"GT_spanishjapanese_052from20gen_164from75gen_sim_652.txt",216,64.1703935185185,11.7854861111111,5.85883582018331,5.62137717325538,6.99549946173268,12.0425273390036,1.96055381017734,0.183659246342474
"GT_spanishjapanese_052from20gen_173from75gen_sim_781.txt",225,65.9572311111111,11.7551066666667,5.97757663593125,5.82938758151403,7.22844790315607,12.0015192240271,1.86917795219255,0.178223167780711
"GT_spanishjapanese_052from20gen_sim_043.txt",52,21.8851730769231,3.92782692307692,6.09862194508467,6.0161852332766,7.67001268390981,12.0425273390036,2.19082773360993,0.179474336769977
"GT_spanishjapanese_052from20gen_sim_386.txt",52,22.6361923076923,4.12978846153846,5.81325778550378,6.06607784858106,6.72127014942696,9.63313096270598,1.6264621694051,0.182441834978362
"GT_spanishjapanese_052from50gen_032from20gen_sim_571.txt",84,40.6132738095238,7.73138095238095,6.32364773138247,6.397175866413,7.67731016995767,13.7001146788991,2.28306664287965,0.190365863846414
"GT_spanishjapanese_052from50gen_099from20gen_sim_554.txt",151,31.8170728476821,5.80996688741722,6.32458703290823,6.34802481227555,7.55575487662374,13.7001146788991,2.07838694488091,0.18260532372765
"GT_spanishjapanese_052from50gen_187from75gen_106from20gen_sim_1140.txt",345,57.260052173913,10.3120260869565,5.9747122131025,5.8485161085542,7.18654615498592,13.7001146788991,1.93455036183261,0.180091105324814
"GT_spanishjapanese_052from50gen_sim_171.txt",52,55.80675,8.62965384615385,6.90623802569498,6.16012748162754,8.26144657890511,13.3470899470899,2.264370448885,0.154634588936891
"GT_spanishjapanese_052from75gen_027from20gen_108from50gen_sim_1328.txt",187,55.597577540107,9.96598930481283,6.2253158917977,6.05527944010549,7.39202896990718,13.3470899470899,2.11588170053771,0.179252221872861
"GT_spanishjapanese_052from75gen_133from50gen_070from20gen_sim_1258.txt",255,50.7705176470588,8.80670196078431,6.20542853758699,6.06500566251416,7.31952613810786,13.6106315311222,2.06371465083799,0.17346094483428
"GT_spanishjapanese_052from75gen_sim_006.txt",52,79.6637115384615,13.8253846153846,6.14092348145815,5.59594446779164,6.8734853601331,12.0015192240271,2.01178767278162,0.173546830148753
"GT_spanishjapanese_052from75gen_sim_054.txt",52,78.8244038461538,14.7654230769231,5.72869663800229,5.47947102354981,6.66486189035153,11.131637005442,1.73665118718208,0.187320453520227
"GT_spanishjapanese_053from20gen_030from75gen_sim_833.txt",83,40.4854698795181,8.20840963855422,5.24160193414756,5.23863938347064,6.46228077758252,9.4710547184774,1.76432236615494,0.202749521321646
"GT_spanishjapanese_053from50gen_057from75gen_sim_948.txt",110,66.1522,12.3784636363636,5.95243110697872,5.78101292644197,6.97064880528628,11.8262169086251,1.79664123698218,0.187120967048165
"GT_spanishjapanese_053from50gen_sim_086.txt",53,55.1967547169811,8.96930188679245,6.52468832999318,6.15346130283847,7.36226704110289,11.8262169086251,1.98855325030605,0.162496906435571
"GT_spanishjapanese_053from50gen_sim_182.txt",53,52.7431698113208,9.94145283018868,6.57248540989716,6.33281853281853,7.78474332320486,13.6106315311222,2.50098775429293,0.188487966607855
"GT_spanishjapanese_053from75gen_030from20gen_276from50gen_sim_1220.txt",359,54.812364902507,9.33856545961003,6.41765087953947,6.29348468724134,7.57842585728035,13.6106315311222,2.01014981185244,0.170373335947468
"GT_spanishjapanese_053from75gen_074from50gen_074from20gen_sim_1021.txt",201,48.4449253731343,8.58933333333333,6.14292864603251,6.0560805769709,7.36226704110289,12.0015192240271,1.91889389310641,0.177300992150906
"GT_spanishjapanese_054from20gen_059from75gen_139from50gen_sim_1261.txt",252,52.6130793650794,9.33738888888889,6.23773783985034,6.05936479606491,7.43018035663184,13.6106315311222,2.1551350807665,0.177472769158734
"GT_spanishjapanese_054from20gen_075from75gen_063from50gen_sim_1456.txt",192,54.6277864583333,9.64066666666667,6.05453604946251,5.95587647806452,7.17297198584923,13.7001146788991,1.95782167911842,0.176479174641644
"GT_spanishjapanese_054from20gen_087from50gen_224from75gen_sim_1166.txt",365,63.7430410958904,11.6516,6.0039454674417,5.75489469785162,7.16601009820785,12.8627423234753,1.98070910344315,0.18279014931955
"GT_spanishjapanese_054from20gen_sim_289.txt",54,20.8366666666667,4.15103703703704,5.46601308353482,5.46923841284682,6.8676384262468,9.23907380607815,1.94653064486938,0.199217902913312
"GT_spanishjapanese_054from75gen_071from50gen_050from20gen_sim_1373.txt",175,51.4907142857143,9.53610285714286,5.94266954576275,5.92574200254071,6.98100884310067,12.8627423234753,2.06559912294612,0.185200438359205
"GT_spanishjapanese_054from75gen_087from20gen_sim_840.txt",141,43.2627163120567,7.69439716312057,5.94306203091795,5.92574200254071,7.445463093559,12.0425273390036,2.26891855011353,0.177852844643882
"GT_spanishjapanese_054from75gen_sim_137.txt",54,81.451462962963,14.7352037037037,5.96585924013546,5.77623197671047,7.29738755359975,10.0355921469284,1.85307759735952,0.180907784436039
"GT_spanishjapanese_054from75gen_sim_487.txt",54,78.5562777777778,14.2733518518519,6.05082501986658,5.62722638145754,7.11278440817162,12.8627423234753,2.06888996584249,0.181695877854965
"GT_spanishjapanese_055from20gen_074from75gen_149from50gen_sim_1151.txt",278,53.6289352517986,9.70713309352518,6.09130366236619,6.02365173351495,7.20093866502932,13.7001146788991,1.99607698149563,0.181005515920617
"GT_spanishjapanese_055from20gen_sim_261.txt",55,21.0181454545455,4.21050909090909,5.40864887091674,5.51170230678565,6.71332590358389,9.37804878048781,1.95226659056004,0.200327336206464
"GT_spanishjapanese_055from20gen_sim_284.txt",55,20.1669818181818,4.14254545454545,5.55943051780427,6.04133724870115,7.37230979299713,13.7001146788991,2.42132006190288,0.205412267035947
"GT_spanishjapanese_055from50gen_073from75gen_105from20gen_sim_1294.txt",233,45.8646094420601,8.57163948497854,5.80126676795964,5.79656160458453,7.11564699512723,13.3470899470899,2.03142284737239,0.186890057263148
"GT_spanishjapanese_055from50gen_074from75gen_sim_632.txt",129,68.6678217054264,11.8652248062015,6.1794340206019,6.12156458118375,7.14836363636364,12.0015192240271,1.76740088478762,0.172791629492798
"GT_spanishjapanese_055from50gen_114from75gen_103from20gen_sim_1399.txt",272,52.2048161764706,9.42301838235294,5.97058270870958,5.77458156519619,7.17423546175463,11.7236090716267,1.82393569839575,0.180500939807926
"GT_spanishjapanese_055from50gen_142from75gen_sim_773.txt",197,71.9343807106599,12.5535126903553,6.2754470831758,6.03123814341722,7.38402235713597,12.0015192240271,1.96310403597507,0.174513390764411
"GT_spanishjapanese_055from50gen_148from75gen_sim_505.txt",203,71.0109014778325,13.1524581280788,5.99480493172836,5.89546471425666,7.13625969694443,13.6106315311222,1.93066854362932,0.185217450480961
"GT_spanishjapanese_055from50gen_154from20gen_sim_826.txt",209,28.9582105263158,5.72475598086124,5.73636377753493,5.83900657414171,6.88734567901235,13.6106315311222,2.13277667656895,0.197690253534792
"GT_spanishjapanese_055from50gen_265from75gen_sim_965.txt",320,74.0074,13.302371875,6.12251300666341,5.82951951486109,7.19590172084403,12.8627423234753,1.94032547544282,0.179743807713823
"GT_spanishjapanese_055from50gen_sim_427.txt",55,55.5415454545455,8.97410909090909,6.62538920064114,6.16,8.00174091141833,11.4126544917912,1.97512846792864,0.161574709840463
"GT_spanishjapanese_055from75gen_027from50gen_sim_918.txt",82,71.8762804878049,13.1764390243902,6.04552046457846,5.5972466534091,7.4195136935982,12.0015192240271,2.00319147321747,0.18332110308109
"GT_spanishjapanese_055from75gen_217from20gen_sim_720.txt",272,33.2750294117647,6.10573529411765,5.69569715752661,5.64828955383117,6.95958528171868,12.0425273390036,1.95662365273213,0.183493009684881
"GT_spanishjapanese_055from75gen_235from20gen_042from50gen_sim_1098.txt",332,34.7822801204819,6.4856265060241,5.73313932334108,5.57774171448111,6.94061625216705,13.7001146788991,2.0205871771205,0.186463523482607
"GT_spanishjapanese_056from20gen_115from75gen_sim_742.txt",171,59.4634970760234,10.9233567251462,5.78011212683513,5.57970405246343,7.12389325313154,10.6051045728465,1.86994789084371,0.18369852535213
"GT_spanishjapanese_056from20gen_246from50gen_sim_971.txt",302,48.1923112582781,7.84323841059603,6.47672904809796,6.26911299930503,7.49309568485617,13.6106315311222,1.90933674054855,0.162748749869281
"GT_spanishjapanese_056from20gen_sim_374.txt",56,21.0537678571429,4.17153571428571,5.4634411365942,5.50178077524157,6.88884062568366,10.6051045728465,2.12839377276742,0.198137252324194
"GT_spanishjapanese_056from20gen_sim_500.txt",56,21.7711964285714,4.13205357142857,5.77911947762776,5.86970695448783,7.07912288532249,10.2322111706197,1.83791234199418,0.189794510604198
"GT_spanishjapanese_056from50gen_133from75gen_sim_803.txt",189,71.2589576719577,12.5431005291005,6.19974987788688,5.81031202435312,7.52813770925943,12.8627423234753,1.97413420007213,0.176021386487899
"GT_spanishjapanese_056from50gen_172from75gen_sim_510.txt",228,73.5714649122807,12.7738684210526,6.25302642579745,5.92180271287645,7.31294122311427,12.8627423234753,1.87762820803983,0.173625310251507
"GT_spanishjapanese_056from50gen_176from75gen_sim_713.txt",232,72.311474137931,13.2906810344828,5.98588153701291,5.6589802119364,7.04940794152465,12.8627423234753,1.89703454228514,0.183797677933261
"GT_spanishjapanese_056from75gen_038from20gen_103from50gen_sim_1497.txt",197,55.2497918781726,9.54464467005076,6.08684968843354,6.08440133933726,7.11704263611669,13.3470899470899,1.85815937894007,0.172754400434611
"GT_spanishjapanese_056from75gen_052from50gen_025from20gen_sim_1454.txt",133,55.5868270676692,10.4609473684211,6.00054062342975,5.82938758151403,7.23883626522327,10.9916115912557,2.0350221627367,0.188191122254312
"GT_spanishjapanese_056from75gen_089from50gen_032from20gen_sim_1492.txt",177,56.4541807909605,9.61432768361582,6.19033518204313,6.07713654350172,7.5073347107438,11.7755392755393,1.85197534838114,0.17030320073576
"GT_spanishjapanese_056from75gen_sim_368.txt",56,80.2527678571429,15.239875,5.66500819439663,5.34402811595598,7.15231961490409,9.83995229576625,1.75026210751765,0.189898434744685
"GT_spanishjapanese_057from20gen_034from50gen_sim_507.txt",91,31.3071538461538,6.17276923076923,5.9931553689363,6.03488681757656,7.33210544079675,11.2544002903284,2.11286101562906,0.197168010260619
"GT_spanishjapanese_057from20gen_055from75gen_sim_646.txt",112,50.7870982142857,8.853,6.08720936499266,6.02774303425645,7.36179170070186,13.7001146788991,1.95405520519726,0.174315924935238
"GT_spanishjapanese_057from20gen_071from50gen_sim_853.txt",128,40.67771875,6.8415234375,6.11784617082795,6.0474116658027,7.16343666092714,13.7001146788991,2.08978307033922,0.168188473880434
"GT_spanishjapanese_057from20gen_sim_293.txt",57,21.0061403508772,3.95008771929825,5.83140331883609,6.08247863247863,7.45805647840532,10.6051045728465,2.05913934228376,0.188044431452792
"GT_spanishjapanese_057from20gen_sim_455.txt",57,21.0224035087719,3.76875438596491,6.05627584328184,6.16625,7.34846461949266,12.0425273390036,2.23214363162591,0.179273239826851
"GT_spanishjapanese_057from50gen_098from75gen_182from20gen_sim_1391.txt",337,43.574821958457,7.6529940652819,6.01837532649216,5.92071973827699,7.17676902536716,13.7001146788991,2.02179847908023,0.175628808594515
"GT_spanishjapanese_057from50gen_102from20gen_sim_525.txt",159,32.926144654088,5.93903773584906,5.8809046996083,5.89178425125171,6.9517960836393,13.7001146788991,2.08209070290915,0.180374526026134
"GT_spanishjapanese_057from50gen_sim_238.txt",57,55.6321403508772,8.33084210526316,7.06049615022307,6.70909090909091,7.84466170080695,13.6106315311222,2.02680510521959,0.149748725336105
"GT_spanishjapanese_057from75gen_025from50gen_sim_541.txt",82,72.6831463414634,12.8367073170732,6.3376887426913,6.45266365241012,7.64152722241735,12.8627423234753,2.15466554907213,0.17661188271579
"GT_spanishjapanese_057from75gen_195from20gen_229from50gen_sim_1227.txt",481,43.4765176715177,7.49724116424116,6.23716897346647,6.14735643814824,7.445463093559,13.7001146788991,2.0434137187668,0.172443460648937
"GT_spanishjapanese_057from75gen_sim_129.txt",57,75.6233333333333,14.2434561403509,5.78701636434998,5.60093719295594,6.89642459058561,12.0015192240271,2.028472684473,0.188347372596873
"GT_spanishjapanese_057from75gen_sim_184.txt",57,79.653649122807,13.7738421052632,6.25574736450063,5.67740737990942,7.30170098478066,11.8467201261996,1.90466162627491,0.172921670971121
"GT_spanishjapanese_058from20gen_090from50gen_sim_791.txt",148,42.1891418918919,6.68953378378378,6.46796636272638,6.41321643756074,7.731060685886,13.6106315311222,1.80229603564016,0.158560555721315
"GT_spanishjapanese_058from20gen_110from75gen_sim_820.txt",168,58.5794761904762,10.6964880952381,5.84654008138647,5.59812191780084,6.99660113131337,11.8467201261996,1.90360625351943,0.182597878828031
"GT_spanishjapanese_058from20gen_153from50gen_sim_902.txt",211,45.4589004739336,7.5594644549763,6.24962221206144,6.06500566251416,7.29724310177938,13.3470899470899,1.86343873664998,0.166292285474677
"GT_spanishjapanese_058from20gen_156from75gen_086from50gen_sim_1273.txt",300,60.73411,10.79566,6.08088302511381,5.95917101190902,7.171029365956,12.8627423234753,1.87771155322245,0.177752831152049
"GT_spanishjapanese_058from50gen_292from75gen_sim_923.txt",350,74.8082314285714,13.4028285714286,6.04216902386239,5.73791572714518,7.16869498751714,13.3470899470899,1.86338119278575,0.179162484067357
"GT_spanishjapanese_058from50gen_sim_281.txt",58,51.4923793103448,9.37256896551724,6.57625737680125,6.40253963026913,7.66119626142495,13.6106315311222,2.26562119458813,0.182018564514736
"GT_spanishjapanese_058from75gen_sim_175.txt",58,76.5261206896552,13.6703103448276,6.01022665900734,5.49275538509753,6.79835639406973,11.8285859613428,1.80889372570716,0.17863587258351
"GT_spanishjapanese_058from75gen_sim_211.txt",58,77.1208275862069,13.6123620689655,6.16997513490439,6.28050809203648,7.48003331299364,11.8285859613428,1.86983796642128,0.176506950132886
"GT_spanishjapanese_058from75gen_sim_292.txt",58,75.7392068965517,13.9480689655172,5.9013362833834,5.69025155402234,6.88877818043477,11.8285859613428,1.85682164046427,0.184159163226626
"GT_spanishjapanese_058from75gen_sim_375.txt",58,77.0108620689655,14.0739137931034,5.92132628229662,5.82941406645366,7.16662052134017,9.87967865619865,1.77944282378964,0.182752321101143
"GT_spanishjapanese_059from20gen_039from75gen_sim_756.txt",98,44.0703673469388,7.84331632653061,5.96491646083519,6.13931990799429,7.18049033326487,10.2322111706197,1.72086892624512,0.17797256521111
"GT_spanishjapanese_059from20gen_050from75gen_sim_545.txt",109,47.8374403669725,8.75411926605505,5.67962322584176,5.75489469785162,6.78976067858225,9.37804878048781,1.61371117198205,0.182997233942705
"GT_spanishjapanese_059from20gen_sim_331.txt",59,20.9846440677966,3.90001694915254,6.01012007063916,5.74672825250192,7.67216445682531,13.7001146788991,2.38634420581066,0.185850993543301
"GT_spanishjapanese_059from50gen_020from75gen_sim_549.txt",79,62.4194683544304,10.1479620253165,6.63858113994704,6.29348468724134,7.48517663568129,11.8262169086251,1.93623275073197,0.162576873735839
"GT_spanishjapanese_059from50gen_027from20gen_155from75gen_sim_1069.txt",241,66.9977800829875,11.5843485477178,6.23697789189805,5.91786342321219,7.52813770925943,12.8627423234753,2.05251727954493,0.172906453517844
"GT_spanishjapanese_059from50gen_100from20gen_063from75gen_sim_1481.txt",222,45.9281486486487,8.39518918918919,6.0222438157778,6.06320418235539,7.26268168241691,13.7001146788991,2.11570540901238,0.182789627629291
"GT_spanishjapanese_059from50gen_150from75gen_036from20gen_sim_1319.txt",245,64.779412244898,11.5468612244898,6.09685002767724,5.82938758151403,7.17676902536716,13.3470899470899,1.96857502801007,0.178248934720757
"GT_spanishjapanese_059from50gen_sim_254.txt",59,54.7488983050847,8.26998305084746,6.93553768218648,6.4166928803607,7.65601412042028,13.6106315311222,1.96646202139831,0.151052958267096
"GT_spanishjapanese_059from50gen_sim_456.txt",59,56.1885254237288,8.90838983050847,6.63208632259842,6.33281853281853,7.72446035806272,11.7755392755393,1.62538673021181,0.158544645251473
"GT_spanishjapanese_059from75gen_027from50gen_sim_801.txt",86,72.8643837209302,13.1456046511628,6.03987187621042,5.87843499867695,7.31370311800906,11.7236090716267,1.78924831251095,0.180411937627995
"GT_spanishjapanese_059from75gen_194from20gen_069from50gen_sim_1457.txt",322,38.7238198757764,7.24897204968944,5.95261970881783,6.04254281539381,7.18278824486568,13.7001146788991,2.08487129747363,0.187196719562886
"GT_spanishjapanese_060from20gen_063from75gen_sim_882.txt",123,50.2662357723577,9.60969918699187,5.62169225037133,5.36959966926204,6.89472371542254,12.0015192240271,1.98694854666738,0.191176025802123
"GT_spanishjapanese_060from20gen_075from50gen_065from75gen_sim_1179.txt",200,52.66015,9.043195,6.12987155028698,6.00805516213202,7.35764494957613,13.7001146788991,1.96975852043601,0.171727482735997
"GT_spanishjapanese_060from20gen_080from75gen_186from50gen_sim_1128.txt",326,54.8218312883436,9.17249693251534,6.36894640315669,6.15539547231531,7.45014818601658,13.7001146788991,2.02932206021125,0.167314675868291
"GT_spanishjapanese_060from20gen_186from75gen_sim_786.txt",246,64.5741097560976,11.8617317073171,5.82184121545173,5.50697868347497,6.98548257393987,12.0015192240271,1.88974755342774,0.183691757456974
"GT_spanishjapanese_060from20gen_sim_005.txt",60,21.1648166666667,4.00186666666667,5.75488034200616,5.82397573758516,6.94576987914325,10.6051045728465,2.03553068794965,0.18908109291442
"GT_spanishjapanese_060from20gen_sim_337.txt",60,21.2052166666667,3.94975,5.84465283613012,5.81302078677429,7.32492103292194,9.37804878048781,1.9071902638155,0.186263128648375
"GT_spanishjapanese_060from20gen_sim_403.txt",60,20.98955,4.13453333333333,5.42994915336522,5.46923841284682,6.67006885069776,10.5448888888889,1.94663648877906,0.196980560961685
"GT_spanishjapanese_060from50gen_079from75gen_sim_952.txt",139,68.1025611510791,11.8380431654676,6.29935983147301,6.08440133933726,7.11634481562196,13.6106315311222,2.1338231318299,0.173826695580597
"GT_spanishjapanese_060from50gen_sim_342.txt",60,53.4507166666667,8.47226666666667,6.65445592857149,6.45264751544917,7.6504391922946,11.8262169086251,1.66441107891479,0.158506137897122
"GT_spanishjapanese_060from75gen_021from20gen_138from50gen_sim_1242.txt",219,56.8185616438356,9.87655707762557,6.29390887626756,6.20362353695687,7.53201797377841,12.0015192240271,2.0222690088232,0.173826242549685
"GT_spanishjapanese_060from75gen_050from50gen_130from20gen_sim_1342.txt",240,42.3841875,7.42597916666667,6.04000929007185,5.95917101190902,7.30701124988093,13.7001146788991,2.09196737232124,0.175206358896621
"GT_spanishjapanese_061from20gen_028from50gen_sim_551.txt",89,30.4945280898876,6.0161797752809,6.18136146329774,6.09775051124744,7.34846461949266,11.8262169086251,2.27166232283358,0.197287190591939
"GT_spanishjapanese_061from20gen_030from50gen_197from75gen_sim_1106.txt",288,64.1181909722222,11.8350486111111,5.87926071132176,5.60690089865818,6.96738842109585,13.6106315311222,1.9232593862144,0.184581761145419
"GT_spanishjapanese_061from20gen_032from50gen_035from75gen_sim_1498.txt",128,45.6409140625,7.79515625,6.08438501938064,6.08802065281328,7.02090118047144,11.8285859613428,1.89432055558884,0.170793166835472
"GT_spanishjapanese_061from20gen_064from75gen_sim_721.txt",125,51.124968,9.486024,5.83241720212178,5.7344262295082,7.35028823329942,12.8627423234753,2.17919991873978,0.185545817847749
"GT_spanishjapanese_061from20gen_sim_080.txt",61,21.9789508196721,4.10503278688525,5.64794877393232,5.8887299771167,6.73307692307692,8.60425280567041,1.6222447990835,0.186771098428004
"GT_spanishjapanese_061from50gen_111from75gen_sim_749.txt",172,70.4622848837209,12.3311279069767,6.18296376954377,5.81489565149341,7.23028857014818,11.8262169086251,1.80337427644114,0.175003236516187
"GT_spanishjapanese_061from50gen_140from20gen_sim_600.txt",201,31.4409054726368,5.5379552238806,6.04018861637002,6.0560805769709,7.34846461949266,13.7001146788991,2.11401035437864,0.176138541197559
"GT_spanishjapanese_061from50gen_172from75gen_sim_779.txt",233,73.2293690987124,12.9631201716738,6.21596363211762,6.06860100605089,7.23581057112451,13.6106315311222,2.0079818589693,0.177020781842319
"GT_spanishjapanese_061from50gen_213from20gen_sim_523.txt",274,28.3968576642336,5.11672627737226,5.83586947373895,6.01037479723271,6.96684858855186,12.0425273390036,1.90611378879011,0.180186355049308
"GT_spanishjapanese_061from75gen_045from20gen_189from50gen_sim_1089.txt",295,54.1105288135593,9.20492881355932,6.34001589753738,6.12156458118375,7.53578387844499,13.3470899470899,2.02366176099481,0.170113451400103
"GT_spanishjapanese_061from75gen_055from50gen_043from20gen_sim_1204.txt",159,55.7300691823899,10.0614716981132,6.20859341521495,6.1864406779661,7.30230335290816,12.8627423234753,2.16923915057723,0.180539372114982
"GT_spanishjapanese_061from75gen_071from50gen_sim_958.txt",132,64.0900151515151,11.3949090909091,6.28427947146739,6.12829070632562,7.43439242943291,12.8627423234753,2.0578491894321,0.177795387689805
"GT_spanishjapanese_061from75gen_186from50gen_sim_858.txt",247,59.2324898785425,10.397963562753,6.34940962210371,6.09775051124744,7.60913614798385,12.8627423234753,2.05584303517777,0.175544934613998
"GT_spanishjapanese_061from75gen_287from20gen_036from50gen_sim_1202.txt",384,33.5443723958333,6.12059895833333,5.8214851789826,5.78401332381457,7.01355526992534,13.7001146788991,2.04698633027946,0.182462765620071
"GT_spanishjapanese_061from75gen_sim_280.txt",61,80.8131639344262,15.6111475409836,5.57069559132383,5.25630887312478,6.24137931034483,12.0015192240271,1.85630495484406,0.193175799349359
"GT_spanishjapanese_062from20gen_060from50gen_191from75gen_sim_1129.txt",313,62.9805782747604,11.5456581469649,6.03479121806254,5.76259848372231,7.22844790315607,13.7001146788991,2.04511597160837,0.183320929455356
"GT_spanishjapanese_062from20gen_107from50gen_sim_846.txt",169,41.0497869822485,7.44149704142012,6.12834769397162,6.14890771288453,7.48770088553624,13.7001146788991,2.07686142133211,0.181279796765769
"GT_spanishjapanese_062from20gen_151from75gen_sim_992.txt",213,61.8742300469484,11.336220657277,5.92148507641266,5.68751835535977,7.24716062736614,12.8627423234753,2.00971898400438,0.183213926842813
"GT_spanishjapanese_062from20gen_157from75gen_101from50gen_sim_1216.txt",320,60.24201875,10.68991875,6.06943188852018,5.87892030484054,7.16976589005059,12.0425273390036,1.91546295466141,0.177449543886675
"GT_spanishjapanese_062from20gen_181from50gen_sim_526.txt",243,46.1545185185185,7.61592592592593,6.34804984089375,6.19889380530973,7.42806876695815,13.6106315311222,1.91962452886902,0.165009324555519
"GT_spanishjapanese_062from20gen_236from75gen_064from50gen_sim_1025.txt",362,65.0061464088398,11.3760414364641,6.14422275860443,5.85048837411075,7.29621271938064,13.6106315311222,1.97701130231488,0.174999474125375
"GT_spanishjapanese_062from20gen_269from75gen_136from50gen_sim_1059.txt",467,64.0034475374732,11.4702269807281,6.07092672542132,5.89178425125171,7.22716069660986,13.3470899470899,1.97836381749197,0.179212642787912
"GT_spanishjapanese_062from20gen_sim_327.txt",62,21.3178709677419,4.03485483870968,5.68540675343744,5.56843210214352,6.71234051985365,10.0597510373444,1.79350101965572,0.189271003882855
"GT_spanishjapanese_062from50gen_071from75gen_056from20gen_sim_1219.txt",189,52.4865291005291,9.71978835978836,5.94756427909129,5.65351556995914,7.1895934085617,12.0425273390036,2.03304919529257,0.18518634259796
"GT_spanishjapanese_062from50gen_156from20gen_042from75gen_sim_1049.txt",260,38.9416576923077,6.71895384615385,6.09398252847643,6.08076894141949,7.3707549026759,12.0425273390036,1.95354495650005,0.172538978675298
"GT_spanishjapanese_062from50gen_251from75gen_sim_907.txt",313,74.083303514377,13.1488466453674,6.05477622688347,5.76937038427838,7.16743151161174,12.8627423234753,1.84844509271343,0.177487315246622
"GT_spanishjapanese_062from50gen_sim_160.txt",62,53.8743870967742,8.85651612903226,6.56155412187307,6.12495694402299,7.54385804511066,13.3470899470899,2.14579539412603,0.164391960749797
"GT_spanishjapanese_062from50gen_sim_191.txt",62,50.5866129032258,9.46946774193548,6.55965844841271,6.42619721450091,7.39017159039213,13.6106315311222,2.52763956512183,0.187193156419683
"GT_spanishjapanese_062from50gen_sim_429.txt",62,52.4427580645161,9.40522580645161,6.76907214706703,6.40547802508537,8.53843759220234,11.7236090716267,2.42850823981182,0.179342699613188
"GT_spanishjapanese_062from75gen_032from50gen_sim_681.txt",94,71.4887765957447,12.6647446808511,6.13664575595043,5.9917746806003,7.04738548629317,12.8627423234753,1.89939294649677,0.177157104708446
"GT_spanishjapanese_062from75gen_035from50gen_sim_626.txt",97,71.2082371134021,12.8891030927835,6.05898001521021,5.74800899465942,7.16911614615227,10.081799016163,1.81750145230796,0.181005788308691
"GT_spanishjapanese_063from20gen_097from75gen_040from50gen_sim_1239.txt",200,57.80312,10.00829,6.24830819827406,6.16532773765014,7.43018035663184,12.8627423234753,1.98817778879797,0.173144460022227
"GT_spanishjapanese_063from20gen_149from75gen_sim_532.txt",212,62.1731981132075,11.3219150943396,5.88839367327197,5.73459338579968,6.9823575002319,12.0425273390036,1.80636610931651,0.182102826264851
"GT_spanishjapanese_063from20gen_185from50gen_099from75gen_sim_1056.txt",347,55.8534524495677,9.39881844380403,6.33362401505337,6.09645258520751,7.64707687102746,13.6106315311222,2.0021235991537,0.168276409632701
"GT_spanishjapanese_063from20gen_sim_176.txt",63,21.7654761904762,4.24355555555556,5.49163501023255,5.57446118943445,6.61287961635859,9.57108350586611,1.87693240999465,0.194967273788036
"GT_spanishjapanese_063from20gen_sim_181.txt",63,21.8169682539683,3.9847619047619,6.1374266972047,6.43031930766935,7.21908007359894,13.7001146788991,2.31939857624756,0.182645079663492
"GT_spanishjapanese_063from20gen_sim_204.txt",63,21.4605873015873,3.88090476190476,5.94849590685726,5.84244372990354,6.96100323276007,12.0425273390036,2.02313769022351,0.180838702471936
"GT_spanishjapanese_063from20gen_sim_439.txt",63,21.3537936507937,4.01096825396825,5.82535541916749,6.08247863247863,6.9517960836393,10.0597510373444,1.86950021105661,0.187833989573987
"GT_spanishjapanese_063from20gen_sim_488.txt",63,21.7754126984127,4.11420634920635,5.95544270510905,5.84244372990354,7.17078990155145,13.7001146788991,2.16431838288914,0.188938157278013
"GT_spanishjapanese_063from50gen_042from20gen_102from75gen_sim_1381.txt",207,59.7335217391304,10.3222463768116,6.17889262156724,6.06860100605089,7.23732341817389,12.8627423234753,1.95563513883186,0.172804918850945
"GT_spanishjapanese_063from50gen_078from75gen_sim_893.txt",141,67.5289078014184,11.7773404255319,6.35403474568508,5.92574200254071,7.4917313269065,13.6106315311222,2.10921147000492,0.174404426326062
"GT_spanishjapanese_063from50gen_268from75gen_027from20gen_sim_1427.txt",358,70.4277932960894,12.6035251396648,6.03787327434865,5.78669697015622,7.20851834540869,12.8627423234753,1.87251778986018,0.178956695216583
"GT_spanishjapanese_063from50gen_sim_097.txt",63,56.4139047619048,8.88419047619048,6.68788736522463,6.27743902439024,7.4633166941842,11.8262169086251,1.8432339799073,0.157482282314728
"GT_spanishjapanese_063from75gen_059from50gen_sim_772.txt",122,67.6413524590164,11.8235409836066,6.21597708960321,6.08317575864917,7.20775653201474,12.8627423234753,1.86537227546841,0.174797524794768
"GT_spanishjapanese_063from75gen_061from50gen_114from20gen_sim_1171.txt",238,44.9686722689076,8.04785714285714,5.93647102256154,5.71159062479426,7.0188435547483,13.7001146788991,2.00981710073967,0.178965860827108
"GT_spanishjapanese_063from75gen_104from20gen_081from50gen_sim_1155.txt",248,45.6452459677419,8.27041532258064,6.00194870698333,5.89123804930441,7.03315996993664,11.8467201261996,2.01880003028295,0.181188974826107
"GT_spanishjapanese_063from75gen_sim_070.txt",63,78.5158888888889,14.035253968254,6.13144039556054,5.81031202435312,7.20221003312636,12.8627423234753,2.13824794792737,0.178756862679296
"GT_spanishjapanese_063from75gen_sim_380.txt",63,81.8212063492063,14.5603492063492,6.0602508592162,5.8485161085542,7.26250194704102,12.0015192240271,1.88360950790453,0.17795324532624
"GT_spanishjapanese_064from20gen_041from75gen_227from50gen_sim_1260.txt",332,50.9528765060241,8.75006626506024,6.30997011323169,6.15831193843497,7.4345233850089,13.6106315311222,1.98846002772982,0.171728602290505
"GT_spanishjapanese_064from20gen_172from50gen_039from75gen_sim_1471.txt",275,49.6244,8.66129454545455,6.21438945041776,6.14890771288453,7.35319624284999,11.8285859613428,1.98021111590664,0.174537012950374
"GT_spanishjapanese_064from20gen_sim_130.txt",64,22.301609375,3.90503125,6.13948567585652,6.03811203313886,7.40848199826595,12.0425273390036,1.92970571264073,0.175100872064306
"GT_spanishjapanese_064from50gen_184from75gen_sim_894.txt",248,72.5582782258064,12.8880120967742,6.17579842028869,6.03669891322283,7.28713117122893,13.6106315311222,1.9174969947451,0.177622904124955
"GT_spanishjapanese_064from50gen_sim_461.txt",64,54.85265625,9.318140625,6.48011155113337,6.21156954427284,7.81115476227038,13.6106315311222,2.18634723786902,0.169875832129825
"GT_spanishjapanese_064from75gen_075from20gen_158from50gen_sim_1055.txt",297,51.4084074074074,8.85138383838384,6.16759994640559,6.04133724870115,7.29518290474466,13.6106315311222,2.02067002072857,0.172177748441755
"GT_spanishjapanese_064from75gen_081from50gen_082from20gen_sim_1301.txt",227,49.3917488986784,8.63448017621145,6.1061087152682,5.94768574343753,7.20743098318803,13.3470899470899,1.84217156021878,0.174816247019803
"GT_spanishjapanese_064from75gen_154from50gen_074from20gen_sim_1020.txt",292,52.9354794520548,8.97787671232877,6.2778949554758,6.0667851172423,7.43439242943291,13.3470899470899,1.96620902865486,0.169600366432126
"GT_spanishjapanese_064from75gen_174from50gen_235from20gen_sim_1244.txt",473,41.2188520084567,7.31957505285412,5.98267517691735,5.97477307556289,7.12415575752522,13.7001146788991,1.99578003073153,0.177578333606972
"GT_spanishjapanese_064from75gen_sim_112.txt",64,77.17565625,13.934578125,5.88291879071257,5.4127025947627,7.19000474134583,11.8285859613428,1.81244947866935,0.180556652215056
"GT_spanishjapanese_065from20gen_093from50gen_181from75gen_sim_1327.txt",339,60.3771120943953,10.7286784660767,6.14478934020014,5.89374612149211,7.47325428915451,11.8467201261996,1.99700736962091,0.177694462254226
"GT_spanishjapanese_065from20gen_sim_335.txt",65,21.8169076923077,3.98012307692308,5.84895298126872,5.65598685561717,7.3961549665016,10.2322111706197,1.94178092996464,0.182432961309471
"GT_spanishjapanese_065from50gen_180from75gen_066from20gen_sim_1263.txt",311,60.4221318327974,11.1489839228296,5.88752298272502,5.59085816715214,7.05916208105337,12.8627423234753,1.94613565623865,0.184518215174557
"GT_spanishjapanese_065from50gen_267from75gen_042from20gen_sim_1403.txt",374,67.9338930481283,12.3014197860963,5.90369057010988,5.67785384188437,7.12237747717309,12.0015192240271,1.85018860172411,0.18107927036334
"GT_spanishjapanese_065from75gen_061from20gen_058from50gen_sim_1246.txt",184,51.5621739130435,8.9445,6.08558714937917,6.09773493549222,7.12362743495653,12.8627423234753,1.8629997316287,0.173470187953758
"GT_spanishjapanese_065from75gen_080from20gen_131from50gen_sim_1332.txt",276,50.4999202898551,8.87666304347826,6.0180860332895,5.80103467492565,7.18268560949782,13.6106315311222,1.90113338585914,0.175775783259236
"GT_spanishjapanese_065from75gen_090from20gen_sim_556.txt",155,45.7578967741935,8.28963225806452,5.88825028341367,5.75489469785162,7.00317007825101,12.0425273390036,1.77076964960811,0.181162877720807
"GT_spanishjapanese_065from75gen_107from50gen_sim_819.txt",172,65.027773255814,11.210773255814,6.32569375775274,6.10440952144732,7.57097300713847,13.6106315311222,1.95280873571819,0.172399771582393
"GT_spanishjapanese_065from75gen_145from50gen_sim_624.txt",210,62.2024666666667,10.5037428571429,6.42710830203103,6.13353873109391,7.56503744513867,13.6106315311222,1.95679533407595,0.168863767307345
"GT_spanishjapanese_066from20gen_033from75gen_048from50gen_sim_1252.txt",147,44.6803537414966,8.09921088435374,5.90181928555035,5.67740737990942,7.01184748257228,11.8285859613428,1.94380536073294,0.181270070761137
"GT_spanishjapanese_066from50gen_042from20gen_sim_603.txt",108,42.6247037037037,7.42617592592593,6.12323663703998,6.12734575808414,7.24446963521463,12.0425273390036,2.00873506625848,0.17422234715219
"GT_spanishjapanese_066from50gen_096from75gen_210from20gen_sim_1131.txt",372,42.0579731182796,7.76660752688172,5.82797448153428,5.75416340264863,6.97049414271736,13.7001146788991,2.00862549631721,0.184664332373786
"GT_spanishjapanese_066from50gen_131from20gen_sim_962.txt",197,32.6786700507614,5.69765482233502,6.07515499384414,6.02059925093633,7.47811191473163,13.3470899470899,2.0943271744251,0.174353938317703
"GT_spanishjapanese_066from50gen_191from20gen_020from75gen_sim_1147.txt",277,32.299916967509,6.21584115523466,5.82008737958713,5.8887299771167,6.99416594641314,13.6106315311222,2.1062216383836,0.192441397341277
"GT_spanishjapanese_066from50gen_sim_381.txt",66,50.4821818181818,9.42030303030303,6.35482196884528,6.32798242208461,7.31658128027313,11.4126544917912,2.06311191640017,0.186606495421127
"GT_spanishjapanese_066from50gen_sim_459.txt",66,56.5226818181818,8.51512121212121,7.11360504147788,6.49632896942871,8.42661785454081,13.3470899470899,2.15431923103419,0.150649631939122
"GT_spanishjapanese_066from75gen_033from20gen_sim_925.txt",99,60.7683535353535,11.1877878787879,5.73639976857021,5.56415915253169,6.72775116435835,9.63313096270598,1.67117941273519,0.184105496165518
"GT_spanishjapanese_066from75gen_094from20gen_sim_511.txt",160,45.16289375,8.25054375,5.75161453790337,5.61383418805992,6.75733182242922,13.7001146788991,1.71019407194355,0.182684125505133
"GT_spanishjapanese_066from75gen_160from20gen_sim_686.txt",226,36.4173761061947,7.12723451327434,5.65078985068959,5.49448924309546,7.16343960088377,13.7001146788991,2.10386877209961,0.195709720889583
"GT_spanishjapanese_066from75gen_sim_021.txt",66,79.1335,14.2446666666667,5.92607075920198,5.67921813102124,7.12926155042279,11.131637005442,1.59501505731809,0.180008045475894
"GT_spanishjapanese_066from75gen_sim_107.txt",66,78.9531212121212,15.3448181818182,5.52726410267026,5.34402811595598,6.96938975200611,9.17901182073306,1.65046735443847,0.194353534682836
"GT_spanishjapanese_066from75gen_sim_128.txt",66,79.4192272727273,14.5495606060606,5.95994564894289,5.74508046186362,6.77807032866194,12.0015192240271,1.90618403634423,0.183199473297532
"GT_spanishjapanese_066from75gen_sim_200.txt",66,77.6618181818182,14.310696969697,5.96734615062108,5.64705391100215,7.34207269088493,10.0355921469284,2.01818089455045,0.184269404254655
"GT_spanishjapanese_067from20gen_052from50gen_sim_662.txt",119,35.397974789916,6.26897478991597,5.95051637081399,6.24863487440845,7.4381699545256,10.0465838509317,1.89706922739422,0.177099815091734
"GT_spanishjapanese_067from20gen_058from50gen_072from75gen_sim_1493.txt",197,52.0947461928934,9.42809644670051,6.06875144763277,5.92071973827699,7.2680559150919,13.7001146788991,2.12673695255788,0.180979794234733
"GT_spanishjapanese_067from20gen_094from75gen_sim_740.txt",161,56.6897577639752,10.5430186335404,5.87042217376393,5.6884239888424,7.16418755052547,10.6051045728465,1.71692239907531,0.185977486046698
"GT_spanishjapanese_067from50gen_033from20gen_sim_584.txt",100,42.14781,7.79487,6.29582904035821,6.15831193843497,7.64926083093157,13.6106315311222,2.44481659697974,0.184941281646662
"GT_spanishjapanese_067from50gen_090from20gen_sim_689.txt",157,35.2455796178344,6.10571974522293,5.99359235300559,6.03123814341722,7.13079229950663,13.6106315311222,1.93927831336005,0.173233631321342
"GT_spanishjapanese_067from50gen_sim_050.txt",67,50.8669701492537,9.77583582089552,6.22511028397696,6.20770113476986,7.15866922724628,11.0180338333865,2.04947630448256,0.192184354448698
"GT_spanishjapanese_067from75gen_022from50gen_283from20gen_sim_1469.txt",372,33.7730537634409,6.14234139784946,5.7949770612041,5.7349667379425,6.97049414271736,13.7001146788991,2.03291684317884,0.181871069192402
"GT_spanishjapanese_067from75gen_046from50gen_sim_889.txt",113,69.6774867256637,12.1800088495575,6.27852304003017,5.89178425125171,7.29655599092596,13.6106315311222,2.11993360155326,0.174805513544325
"GT_spanishjapanese_067from75gen_060from20gen_sim_913.txt",127,51.2932598425197,9.50059842519685,5.81770579133166,5.85248800202071,6.90959092199073,11.131637005442,1.81186004542379,0.18522118606549
"GT_spanishjapanese_067from75gen_136from50gen_106from20gen_sim_1395.txt",309,48.9987896440129,8.55297087378641,6.12129223690471,6.04474164133739,7.35028823329942,13.3470899470899,1.9042209726026,0.174554737697107
"GT_spanishjapanese_067from75gen_137from20gen_sim_691.txt",204,39.9457107843137,7.20550490196078,5.8911516463507,5.83426136161535,7.18394908540322,12.0425273390036,2.07336706626079,0.180382443082983
"GT_spanishjapanese_067from75gen_180from20gen_sim_836.txt",247,36.4142631578947,6.77687854251012,5.67408127926344,5.56415915253169,7.0829761745464,13.7001146788991,2.03052424401248,0.186105057601334
"GT_spanishjapanese_067from75gen_sim_435.txt",67,79.3678656716418,14.5235373134328,5.75106386499072,5.41957583700703,6.56975813175763,11.8467201261996,1.45400078506278,0.182990145829537
"GT_spanishjapanese_068from20gen_080from75gen_sim_608.txt",148,51.2535945945946,9.09789864864865,5.91110955969551,5.73549556082721,7.16785267024687,11.131637005442,1.85438267428187,0.177507523532957
"GT_spanishjapanese_068from20gen_085from75gen_100from50gen_sim_1444.txt",253,53.4513438735178,9.48792885375494,6.16597763205429,6.08247863247863,7.34666193811508,13.6106315311222,2.06655186506512,0.177505899125872
"GT_spanishjapanese_068from20gen_119from75gen_068from50gen_sim_1366.txt",255,56.4767490196078,9.93232156862745,6.05381527855294,6.04374838208646,7.07765039856158,13.6106315311222,1.9265100963684,0.175865674654522
"GT_spanishjapanese_068from20gen_253from50gen_sim_589.txt",321,46.8491869158878,7.95980373831776,6.36095439417574,6.20148423005566,7.64329311568488,13.6106315311222,2.117310683825,0.169902708292646
"GT_spanishjapanese_068from20gen_sim_257.txt",68,20.8497352941176,4.07329411764706,5.70749491133296,5.40886553835231,7.22100964991724,13.7001146788991,2.37275607401935,0.195364308476197
"GT_spanishjapanese_068from20gen_sim_328.txt",68,20.5811470588235,4.10685294117647,5.52815346219509,5.61588311605799,6.96058843295502,12.0425273390036,2.25980565220205,0.199544414577019
"GT_spanishjapanese_068from20gen_sim_498.txt",68,20.439,3.98279411764706,5.68341479382275,5.7349667379425,6.81415692868977,13.7001146788991,2.26139710021016,0.194862474565637
"GT_spanishjapanese_068from50gen_199from20gen_sim_960.txt",267,30.0777565543071,5.29692883895131,5.9814568316617,6.1120020693223,7.39618672694828,13.7001146788991,2.07234229020063,0.17610784332892
"GT_spanishjapanese_068from75gen_032from20gen_sim_954.txt",100,62.64621,11.01559,6.2153593113395,6.13890322311289,7.44663192431691,12.0015192240271,2.05943920145667,0.175838091402497
"GT_spanishjapanese_068from75gen_262from50gen_sim_895.txt",330,59.1713606060606,10.1472303030303,6.42590166026283,6.20255388350626,7.58148647559537,13.6106315311222,2.00065042236615,0.171488879064089
"GT_spanishjapanese_068from75gen_sim_217.txt",68,76.0132941176471,14.7650735294118,5.51032622015799,5.28879331151523,6.47663715313014,12.0015192240271,1.75676995343684,0.194243305737541
"GT_spanishjapanese_068from75gen_sim_241.txt",68,78.9011176470588,14.5353382352941,5.90360754770419,5.38146856665035,6.88413256015894,12.8627423234753,2.20978660809318,0.184222209630968
"GT_spanishjapanese_069from20gen_052from50gen_067from75gen_sim_1061.txt",188,50.777829787234,9.09516489361702,5.86623608903482,5.62137717325538,6.87005490759129,13.7001146788991,1.89073378952675,0.179116849454319
"GT_spanishjapanese_069from20gen_071from75gen_076from50gen_sim_1311.txt",216,52.4989537037037,9.30911111111111,6.04273092553201,5.81489565149341,7.37479739317346,12.0425273390036,1.9673318712548,0.177319936005779
"GT_spanishjapanese_069from20gen_092from75gen_022from50gen_sim_1306.txt",183,53.4515081967213,9.72491803278688,5.81819541630556,5.68875502008032,7.14663595183875,11.7755392755393,1.89319761392205,0.181939076386687
"GT_spanishjapanese_069from20gen_114from50gen_sim_648.txt",183,42.3717595628415,7.3974262295082,6.00134325471343,5.91002570694087,7.05486984487778,11.8262169086251,2.00552637868607,0.174583881005392
"GT_spanishjapanese_069from20gen_114from75gen_sim_871.txt",183,57.1463442622951,10.3415081967213,5.86808820286586,5.67740737990942,6.91771899063729,12.8627423234753,1.8555753635526,0.180965350106299
"GT_spanishjapanese_069from20gen_147from50gen_sim_872.txt",216,43.3376157407407,7.52215277777778,6.25138810985588,6.20485322146927,7.46217158850156,11.8262169086251,2.03061286302049,0.173570987909849
"GT_spanishjapanese_069from50gen_sim_213.txt",69,54.6785362318841,9.14108695652174,6.3958859733972,6.14890771288453,7.11704263611669,11.8262169086251,1.9498697386984,0.16717870642615
"GT_spanishjapanese_069from75gen_073from20gen_075from50gen_sim_1343.txt",217,51.3655622119816,9.2082534562212,6.06043651074304,5.86409448818898,7.23581057112451,11.8467201261996,1.99320436202432,0.179269009423463
"GT_spanishjapanese_069from75gen_178from50gen_sim_924.txt",247,60.7717935222672,10.3902348178138,6.34667363274271,6.14890771288453,7.4005217618278,11.8285859613428,1.89500671926142,0.170971337451259
"GT_spanishjapanese_069from75gen_230from50gen_sim_831.txt",299,58.9912140468227,10.2373678929766,6.40186680481512,6.20770113476986,7.44963673953479,13.3470899470899,1.9620312765336,0.173540552748261
"GT_spanishjapanese_069from75gen_sim_252.txt",69,79.741884057971,14.2800869565217,5.96393166799491,5.92574200254071,7.16601009820785,9.65002888503755,1.689355774538,0.179078875865792
"GT_spanishjapanese_070from20gen_066from50gen_125from75gen_sim_1018.txt",261,58.8359846743295,10.2043448275862,6.20959168212717,6.0699639477242,7.30170098478066,13.6106315311222,1.91212948565423,0.173437138582274
"GT_spanishjapanese_070from20gen_073from75gen_sim_550.txt",143,51.714,9.18127972027972,6.0715123037717,6.02059925093633,7.18929094243706,11.131637005442,1.83257060216047,0.177539539008387
"GT_spanishjapanese_070from20gen_122from50gen_sim_767.txt",192,41.4517395833333,7.20108854166667,6.28997866164143,6.15040887049336,7.63814719898578,13.7001146788991,2.13996687121887,0.173722227680935
"GT_spanishjapanese_070from20gen_sim_341.txt",70,21.9180571428571,4.01757142857143,5.95767961661835,6.13890322311289,7.69331230770555,9.63313096270598,2.12663332447251,0.183299614668662
"GT_spanishjapanese_070from50gen_sim_221.txt",70,52.5074142857143,9.36037142857143,6.64069841084243,6.42299784901784,7.89077828411094,11.7236090716267,2.19539668872147,0.178267613362902
"GT_spanishjapanese_070from50gen_sim_446.txt",70,53.0404857142857,8.35605714285714,6.71503963291721,6.63819594338938,7.7887868930201,11.8262169086251,1.75077968218112,0.157541112799549
"GT_spanishjapanese_070from75gen_040from50gen_178from20gen_sim_1158.txt",288,40.8253645833333,7.47578819444444,5.89191652326794,5.82482439860181,7.03129454675338,13.7001146788991,2.02986357060195,0.183116262910151
"GT_spanishjapanese_070from75gen_059from20gen_sim_903.txt",129,52.4801085271318,9.42521705426357,6.17603308702636,5.89546471425666,7.47811191473163,12.8627423234753,2.04157371026006,0.179595990152932
"GT_spanishjapanese_070from75gen_064from50gen_sim_823.txt",134,65.9832985074627,11.8259104477612,6.11069052119833,5.78671370933559,7.16662052134017,13.6106315311222,2.03401019578167,0.17922581494503
"GT_spanishjapanese_070from75gen_083from50gen_197from20gen_sim_1042.txt",350,40.1027428571429,7.41412857142857,5.88042539552914,5.83922682044411,7.1883778959808,13.7001146788991,2.05580152362127,0.184878341061103
"GT_spanishjapanese_070from75gen_sim_016.txt",70,77.4283571428571,14.5891857142857,5.78902421841986,5.61328818419613,6.67040976769351,11.8285859613428,1.90100126057013,0.188421739174555
"GT_spanishjapanese_070from75gen_sim_066.txt",70,79.8520142857143,14.1393428571429,5.93612138576677,5.53759351337556,6.99953364061498,10.0355921469284,1.60695421277434,0.177069332359627
"GT_spanishjapanese_070from75gen_sim_207.txt",70,77.1671,14.4312285714286,6.02299193845437,5.61577199733625,7.40139133063064,12.8627423234753,2.21033720440261,0.187012711005449
"GT_spanishjapanese_070from75gen_sim_246.txt",70,80.4909142857143,14.5325285714286,6.07031437697847,5.53788699477465,7.45592627925302,11.8467201261996,1.96400488648236,0.180548683045682
"GT_spanishjapanese_071from20gen_085from75gen_038from50gen_sim_1041.txt",194,52.9901958762887,9.69281958762887,5.91416671017374,5.65142579233819,7.24507953683043,12.0425273390036,1.98038066140029,0.182917225108165
"GT_spanishjapanese_071from20gen_sim_059.txt",71,21.7017323943662,4.13683098591549,5.83615934413945,6.12000950570342,7.39618672694828,12.0425273390036,2.20195261889512,0.190622154523914
"GT_spanishjapanese_071from20gen_sim_239.txt",71,21.4510704225352,3.84543661971831,6.03895288625723,5.80550774526678,7.42983376279299,13.7001146788991,2.08590298432848,0.179265488573406
"GT_spanishjapanese_071from50gen_044from20gen_sim_682.txt",115,39.9924869565217,7.64195652173913,5.85059456635365,5.82965144820815,6.79304249988723,13.3470899470899,2.01803778360673,0.191084803754444
"GT_spanishjapanese_071from50gen_059from75gen_183from20gen_sim_1068.txt",313,39.8259424920128,7.12740255591054,5.95825006102388,5.96809895833333,7.12345132743363,13.7001146788991,2.04022315513503,0.178963813783942
"GT_spanishjapanese_071from50gen_059from75gen_sim_795.txt",130,65.0559692307692,11.7253538461538,6.04914544998258,5.73731176689555,7.2668216850255,13.6106315311222,1.94779229153966,0.180234865221379
"GT_spanishjapanese_071from50gen_086from75gen_sim_940.txt",157,67.0631719745223,11.5469044585987,6.29761434244434,6.0783452738618,7.42179089871147,13.3470899470899,1.85585476872557,0.172179515501973
"GT_spanishjapanese_071from75gen_064from50gen_166from20gen_sim_1298.txt",301,40.8328272425249,7.65405647840532,5.71184095345033,5.56415915253169,7.04250102165917,12.0425273390036,2.06140790048818,0.187448604353168
"GT_spanishjapanese_071from75gen_097from50gen_sim_928.txt",168,64.2142916666667,11.1881785714286,6.33767470215374,6.11762371897817,7.26493643907436,13.6106315311222,2.11373275236335,0.174231908209871
"GT_spanishjapanese_071from75gen_sim_143.txt",71,77.1164647887324,14.4507183098592,5.72993046276453,5.49303057553957,7.13991727282635,10.0355921469284,1.64128566641118,0.187388236084839
"GT_spanishjapanese_072from20gen_188from50gen_sim_875.txt",260,45.5877115384615,7.56703461538462,6.32634941137441,6.2001890176827,7.59684162094712,13.6106315311222,2.00359827699886,0.165988472770791
"GT_spanishjapanese_072from50gen_021from20gen_sim_665.txt",93,47.1542688172043,8.04390322580645,6.12825780815553,6.0783452738618,7.26136974518869,10.0465838509317,1.75199256635205,0.170586956972846
"GT_spanishjapanese_072from50gen_022from20gen_119from75gen_sim_1210.txt",213,64.7653098591549,11.7861502347418,5.93638242273504,5.8485161085542,7.11564699512723,12.8627423234753,1.83844311667122,0.181982457281114
"GT_spanishjapanese_072from50gen_sim_218.txt",72,53.2954027777778,8.91890277777778,6.41429262622484,6.15743576088844,7.46623376678173,11.2544002903284,1.79083177751946,0.167348444948738
"GT_spanishjapanese_072from75gen_041from20gen_051from50gen_sim_1390.txt",164,56.7589329268293,10.2457865853659,6.2186071449019,5.98080590264933,7.49252198300391,13.3470899470899,2.0621308071112,0.18051408046332
"GT_spanishjapanese_072from75gen_107from20gen_029from50gen_sim_1170.txt",208,46.9445913461538,8.12741826923077,6.13568361447095,6.0606287553421,7.39617084672494,12.0425273390036,2.02947479110055,0.173127894740885
"GT_spanishjapanese_072from75gen_131from20gen_sim_533.txt",203,42.1110443349754,7.51826108374384,5.81813719121963,5.74800899465942,6.99830186982647,12.8627423234753,1.90307319085939,0.17853418746729
"GT_spanishjapanese_072from75gen_133from20gen_sim_659.txt",205,42.6498634146341,7.70334146341463,5.82315479179582,5.77979274611399,7.12415575752522,10.6051045728465,1.91137564487521,0.180618197730768
"GT_spanishjapanese_072from75gen_142from20gen_037from50gen_sim_1234.txt",251,42.0175737051793,7.39541434262948,5.95379120483184,5.92574200254071,7.1713895617875,11.8285859613428,1.82855759239524,0.17600764847871
"GT_spanishjapanese_072from75gen_191from20gen_091from50gen_sim_1364.txt",354,41.4025056497175,7.58230508474576,5.93691078195563,5.94692048043702,7.16266454279971,13.7001146788991,2.06363390249535,0.183136381862857
"GT_spanishjapanese_072from75gen_sim_411.txt",72,78.9197777777778,14.4183611111111,5.87779915373866,5.67284674662933,7.10004965771447,10.0588044885628,1.73324410528988,0.182696423090677
"GT_spanishjapanese_073from20gen_042from50gen_sim_747.txt",115,32.9435913043478,5.82037391304348,5.86224467955216,5.84244372990354,7.17466240874864,11.8262169086251,2.01361498677259,0.176676970621455
"GT_spanishjapanese_073from20gen_074from75gen_sim_950.txt",147,48.7819319727891,9.06431292517007,5.69641926629793,5.49303057553957,6.94277300361963,12.8627423234753,2.0180488703994,0.185812913892508
"GT_spanishjapanese_073from20gen_176from75gen_sim_724.txt",249,62.1449477911647,11.3201004016064,5.84902526129945,5.57970405246343,7.02448355011477,12.8627423234753,1.8738392827378,0.182156406980132
"GT_spanishjapanese_073from50gen_021from20gen_056from75gen_sim_1095.txt",150,58.9181733333333,10.4027866666667,6.30225425584895,6.07774090868176,7.45126156267704,12.8627423234753,2.01254550314366,0.17656329241255
"GT_spanishjapanese_073from50gen_031from75gen_sim_860.txt",104,62.7479326923077,10.3239519230769,6.57773410843907,6.49823786013344,7.76633463545558,12.8627423234753,1.94238122325173,0.164530550730678
"GT_spanishjapanese_073from50gen_060from20gen_sim_780.txt",133,38.4258421052632,6.68133834586466,5.99666753646721,6.08247863247863,7.26311899482631,13.6106315311222,1.96959984032641,0.173876172383208
"GT_spanishjapanese_073from50gen_097from75gen_073from20gen_sim_1470.txt",243,54.6695185185185,9.36046090534979,6.17124435759646,5.96809895833333,7.17210026848945,13.3470899470899,1.82263640830379,0.171219011233455
"GT_spanishjapanese_073from50gen_174from75gen_sim_908.txt",247,70.6215344129555,12.2161336032389,6.24900883606358,5.89546471425666,7.39560167279909,13.6106315311222,1.86822389385236,0.172980291419409
"GT_spanishjapanese_073from50gen_sim_017.txt",73,55.3548493150685,9.03617808219178,6.50443073493318,6.49507192328183,7.54856237265112,11.7236090716267,1.83969983797469,0.163240948065086
"GT_spanishjapanese_073from50gen_sim_224.txt",73,54.6012191780822,8.64368493150685,6.60129564148591,6.29348468724134,7.34249628528975,11.2544002903284,1.69734147583226,0.158305712978962
"GT_spanishjapanese_073from75gen_041from20gen_sim_716.txt",114,58.0609824561404,10.021201754386,6.15624773297493,6.11600578751286,7.49501515265918,11.8285859613428,1.9954715628006,0.172597867456963
"GT_spanishjapanese_073from75gen_050from50gen_sim_583.txt",123,68.3855609756097,11.7101951219512,6.21746093077926,6.06860100605089,7.25097763002479,12.8627423234753,1.82021963179103,0.171237830835778
"GT_spanishjapanese_073from75gen_190from50gen_034from20gen_sim_1408.txt",297,56.248734006734,9.57042087542088,6.31515670505357,6.16,7.42179089871147,13.3470899470899,1.91225182093011,0.170144644931477
"GT_spanishjapanese_073from75gen_sim_274.txt",73,81.1266438356164,14.7989315068493,5.93936957488216,5.76937038427838,7.34323696062763,9.1381181619256,1.73357007583369,0.182417647361769
"GT_spanishjapanese_073from75gen_sim_313.txt",73,79.1809726027397,13.7722328767123,6.05236921138049,5.64059225204516,7.12415575752522,11.8285859613428,1.72206432813302,0.173933615918173
"GT_spanishjapanese_074from20gen_047from50gen_275from75gen_sim_1464.txt",396,65.3852095959596,11.7412752525253,5.98970910034134,5.78817717534926,7.16976589005059,13.6106315311222,1.95553429504838,0.179570813110168
"GT_spanishjapanese_074from20gen_056from75gen_sim_758.txt",130,45.5763,7.99731538461538,6.02274520745707,5.98944962529649,7.34983232984773,11.131637005442,1.91659114963542,0.175470922049736
"GT_spanishjapanese_074from20gen_085from75gen_026from50gen_sim_1369.txt",185,52.7595081081081,9.6917027027027,5.789644142598,5.56415915253169,7.00390668601406,12.8627423234753,2.04910139675604,0.183695850288136
"GT_spanishjapanese_074from20gen_174from50gen_087from75gen_sim_1091.txt",335,52.9432597014925,9.3198776119403,6.22932317405989,6.07713654350172,7.23235487764346,13.6106315311222,2.00033232848767,0.176035205699236
"GT_spanishjapanese_074from20gen_191from50gen_sim_535.txt",265,45.7431433962264,7.33801509433962,6.57889165699329,6.41646191646192,7.86034155597723,13.6106315311222,2.02611995204565,0.160417814551524
"GT_spanishjapanese_074from20gen_sim_304.txt",74,21.203472972973,3.98516216216216,5.79267562367404,5.90527134411844,7.34983232984773,10.5448888888889,2.07952792878536,0.187948557636848
"GT_spanishjapanese_074from50gen_089from75gen_201from20gen_sim_1008.txt",364,41.8765027472527,7.74668956043956,5.78199018925676,5.68797117210108,6.97049414271736,12.8627423234753,1.99155474966011,0.184988932986955
"GT_spanishjapanese_074from50gen_sim_079.txt",74,54.9656756756757,8.47636486486486,6.87106414269925,6.47898335237515,7.83349807551699,11.7755392755393,1.94204022201213,0.154211965206788
"GT_spanishjapanese_074from50gen_sim_159.txt",74,55.0547972972973,8.46387837837838,6.96352038995566,6.50250943644198,7.92947336107511,13.3470899470899,1.99824597800835,0.153735528852703
"GT_spanishjapanese_074from75gen_050from50gen_sim_671.txt",124,68.3004032258064,12.3923387096774,6.24949227183804,5.98203286015377,7.28876069123793,12.8627423234753,2.06788128030328,0.181438734244473
"GT_spanishjapanese_074from75gen_084from50gen_sim_857.txt",158,64.4339936708861,11.1602658227848,6.44675548317787,6.15781010884794,7.55606214317369,13.3470899470899,2.0498110999949,0.173204626734591
"GT_spanishjapanese_074from75gen_100from20gen_sim_880.txt",174,45.739183908046,8.41383333333333,5.78752990982192,5.59090495488974,6.92422582750103,12.0425273390036,1.92833790726899,0.183952414853936
"GT_spanishjapanese_074from75gen_269from50gen_sim_951.txt",343,59.1678513119534,10.1348833819242,6.41121577100989,6.16,7.59438479598963,13.6106315311222,1.93221088597864,0.171290374032506
"GT_spanishjapanese_074from75gen_sim_387.txt",74,80.7186216216216,15.2410135135135,5.76977495000261,5.57912070376935,6.84382034407989,9.66846424384525,1.77836372566142,0.188816573020258
"GT_spanishjapanese_075from20gen_064from50gen_sim_623.txt",139,36.9805899280576,6.19443165467626,6.18057568639548,6.1120020693223,7.37230979299713,13.3470899470899,2.12414296199301,0.16750494426203
"GT_spanishjapanese_075from20gen_092from50gen_040from75gen_sim_1360.txt",207,46.7018309178744,8.35090338164251,5.96287560202959,5.80720506730008,7.19749481810796,13.6106315311222,2.0143755498903,0.178813190350666
"GT_spanishjapanese_075from20gen_104from75gen_141from50gen_sim_1014.txt",320,53.443084375,9.461759375,6.22172796890185,5.96122940950021,7.44821857304262,13.6106315311222,2.16321111176267,0.177043662162323
"GT_spanishjapanese_075from20gen_164from75gen_029from50gen_sim_1251.txt",268,60.2666417910448,10.8903320895522,5.92369763171427,5.80790988480995,6.90566794180762,12.0015192240271,1.92965893815913,0.180702487576974
"GT_spanishjapanese_075from50gen_066from75gen_037from20gen_sim_1208.txt",178,57.1220112359551,10.2917640449438,5.92489899859237,5.62137691631992,6.94688923086605,13.3470899470899,1.95686501512615,0.180171597992785
"GT_spanishjapanese_075from50gen_071from20gen_sim_852.txt",146,37.5136164383562,6.9132397260274,6.1265953063407,6.10510271159656,7.348340246297,13.3470899470899,2.23651742374704,0.184286144136157
"GT_spanishjapanese_075from50gen_076from20gen_068from75gen_sim_1414.txt",219,51.2595844748858,9.08378082191781,6.02723149505213,5.83600991098467,7.2485901581566,13.6106315311222,2.0574972357183,0.177211362810955
"GT_spanishjapanese_075from50gen_215from75gen_sim_885.txt",290,71.9351103448276,12.9962931034483,6.1227895955695,5.8087585458266,7.2677688409261,12.8627423234753,1.93922539253703,0.180666896056034
"GT_spanishjapanese_075from50gen_sim_037.txt",75,50.99368,9.40194666666667,6.42715222827033,6.4359325125399,7.76299893112422,11.4126544917912,2.16606907836688,0.184374743432258
"GT_spanishjapanese_075from50gen_sim_104.txt",75,53.0775466666667,9.33477333333333,6.67528426665652,6.72048530097994,8.03529507532529,13.6106315311222,2.10082508485354,0.175870474797127
"GT_spanishjapanese_075from75gen_057from50gen_199from20gen_sim_1278.txt",331,39.202746223565,7.62843806646526,5.69960670427962,5.642305570877,6.82306707068199,13.6106315311222,1.91432883783791,0.194589379605242
"GT_spanishjapanese_075from75gen_150from50gen_sim_837.txt",225,61.7168666666667,10.9331111111111,6.32669318269328,6.14890771288453,7.4252607184241,13.6106315311222,1.99899342146493,0.177149484437714
"GT_spanishjapanese_075from75gen_sim_314.txt",75,76.93604,13.9799866666667,5.86504334101995,5.65351556995914,6.95136208415758,11.131637005442,1.68690575899949,0.181709205031435
"GT_spanishjapanese_076from20gen_076from50gen_055from75gen_sim_1104.txt",207,48.6050193236715,8.81762801932367,6.03263073925984,6.05107494951895,7.28952376587607,13.6106315311222,1.991963130147,0.181413939177869
"GT_spanishjapanese_076from20gen_sim_046.txt",76,21.0535921052632,4.01357894736842,5.76791492446754,5.81302078677429,7.44861143977058,9.63313096270598,2.03592989542629,0.190636302218711
"GT_spanishjapanese_076from20gen_sim_251.txt",76,21.2133289473684,4.03561842105263,5.75241001825934,5.86558685351012,7.20353151407585,12.0425273390036,2.04511360695715,0.190239751199128
"GT_spanishjapanese_076from20gen_sim_311.txt",76,21.7688947368421,4.39564473684211,5.49455471122832,5.45232767196999,6.65519533096355,13.7001146788991,2.01347690372515,0.20192319316069
"GT_spanishjapanese_076from20gen_sim_350.txt",76,21.4858947368421,4.01438157894737,5.7801595354293,5.74057724100506,6.94819098142098,10.6051045728465,1.86261345636315,0.186837998980972
"GT_spanishjapanese_076from50gen_sim_168.txt",76,54.8619473684211,9.44278947368421,6.08509704485388,6.0442143056881,6.88948470726641,10.0465838509317,1.54213334451519,0.172119108537506
"GT_spanishjapanese_076from50gen_sim_428.txt",76,54.5031842105263,8.70756578947368,6.56661757045989,6.23369659187062,7.81115476227038,11.7236090716267,1.71689121533571,0.159762515082412
"GT_spanishjapanese_076from75gen_035from20gen_sim_530.txt",111,61.5037207207207,10.9865225225225,6.07028097734743,5.8485161085542,7.40706637799819,11.8285859613428,1.94485701493997,0.178631835501639
"GT_spanishjapanese_076from75gen_040from20gen_113from50gen_sim_1443.txt",229,55.634903930131,10.0034978165939,6.16630316960469,5.89178425125171,7.26311899482631,12.8627423234753,2.06524225304971,0.17980614883701
"GT_spanishjapanese_076from75gen_088from20gen_086from50gen_sim_1375.txt",250,50.110112,8.970204,6.07849757892614,6.16362682958704,7.24183884304052,13.6106315311222,1.92177134467868,0.17900985733179
"GT_spanishjapanese_076from75gen_166from50gen_sim_656.txt",242,61.5149545454545,10.8134256198347,6.34204537298197,6.09710154822748,7.41372437189487,13.6106315311222,2.08216287745865,0.175785314314822
"GT_spanishjapanese_076from75gen_sim_041.txt",76,80.5945789473684,14.0728947368421,6.23893045851702,6.28905484274714,7.3560020428703,11.8467201261996,1.88361202960753,0.174613415947396
"GT_spanishjapanese_076from75gen_sim_049.txt",76,79.4302631578947,14.8246842105263,5.91259239531193,5.60223937857339,6.90550010001539,12.8627423234753,2.05586636825174,0.186637732535988
"GT_spanishjapanese_076from75gen_sim_424.txt",76,81.0892368421053,14.6520921052632,5.91627853085249,5.49791902091777,6.91324613734576,11.8285859613428,1.85616777646266,0.18069096067328
"GT_spanishjapanese_077from20gen_044from75gen_sim_956.txt",121,41.7521074380165,8.09409090909091,5.62048434160924,5.56240301485258,6.97842135150483,9.51835578988479,1.85662444339171,0.193860655323975
"GT_spanishjapanese_077from20gen_sim_194.txt",77,20.7460909090909,4.03836363636364,5.72108652302152,5.57446118943445,6.97842135150483,13.7001146788991,2.31688420730737,0.194656605625594
"GT_spanishjapanese_077from50gen_241from75gen_167from20gen_sim_1206.txt",485,55.4449216494845,9.9336618556701,5.95529127343795,5.85246063966729,7.16418755052547,13.6106315311222,1.90632694652763,0.17916269984958
"GT_spanishjapanese_077from75gen_022from50gen_sim_944.txt",99,72.3938686868687,12.9658686868687,6.06908366408356,5.59977349943375,7.24963695887401,12.8627423234753,1.92241180236362,0.179101751599311
"GT_spanishjapanese_077from75gen_078from50gen_sim_575.txt",155,67.7548064516129,11.9649935483871,6.27753289028776,5.85246063966729,7.34494944937136,13.6106315311222,2.10246949311348,0.176592542654991
"GT_spanishjapanese_078from20gen_182from50gen_069from75gen_sim_1146.txt",329,51.4885896656535,9.14393920972644,6.1900338926594,6.11245491194568,7.44493927125506,13.6106315311222,2.01768468932511,0.1775915648322
"GT_spanishjapanese_078from20gen_186from75gen_043from50gen_sim_1305.txt",307,59.8745211726384,10.957009771987,6.04238038726888,5.82938758151403,7.18413846210835,13.6106315311222,2.01646153237325,0.182999538992458
"GT_spanishjapanese_078from50gen_107from75gen_030from20gen_sim_1362.txt",215,61.8796790697674,11.1208930232558,6.08596348069277,5.94768574343753,7.32782652619426,12.8627423234753,2.03429502481555,0.179718013901096
"GT_spanishjapanese_078from50gen_249from75gen_sim_884.txt",327,72.5492354740061,13.2021162079511,6.02515066012647,5.72097378277154,7.16672080490979,12.8627423234753,1.84739026823255,0.181974573842081
"GT_spanishjapanese_078from50gen_272from20gen_sim_599.txt",350,28.4927485714286,5.21763142857143,5.96237682612103,5.95917101190902,7.29959503489032,13.7001146788991,2.1172066958382,0.183121379655295
"GT_spanishjapanese_078from50gen_sim_038.txt",78,53.9074615384615,8.66738461538461,6.58314129116921,6.17855222387577,7.88967465485054,11.7236090716267,1.76608158148383,0.160782651752219
"GT_spanishjapanese_078from50gen_sim_329.txt",78,55.9564102564103,9.22192307692308,6.44754232385398,6.17253896581271,7.4206507558898,11.7755392755393,1.77867683419816,0.164805480456399
"GT_spanishjapanese_078from75gen_070from50gen_213from20gen_sim_1083.txt",361,40.4451745152355,7.29403047091413,5.88090362403583,5.85246063966729,7.01970705725699,13.7001146788991,1.94686420306089,0.180343651828391
"GT_spanishjapanese_078from75gen_sim_096.txt",78,78.9784487179487,14.9221538461538,5.69422688686808,5.46668207639781,6.69397645573429,9.83995229576625,1.6666067151904,0.188939566278954
"GT_spanishjapanese_078from75gen_sim_180.txt",78,80.4719743589744,13.5708333333333,6.30224179691369,5.77572815121808,7.58297269769849,10.0588044885628,1.78857492763565,0.16864049181639
"GT_spanishjapanese_078from75gen_sim_401.txt",78,80.5677692307692,14.8082564102564,5.94561039735482,5.7586896894689,7.13548708420779,12.0015192240271,1.92709373657897,0.183798764091895
"GT_spanishjapanese_079from20gen_sim_302.txt",79,20.727,4.04336708860759,5.79947165903144,5.59517426273458,7.1157447489858,12.0425273390036,2.21622277900259,0.195077294765648
"GT_spanishjapanese_079from50gen_089from20gen_029from75gen_sim_1401.txt",197,42.8200710659899,7.26716243654822,6.135172630393,6.16,7.52300538423886,13.3470899470899,1.99999493287687,0.169713927502568
"GT_spanishjapanese_079from50gen_sim_422.txt",79,54.2645189873418,8.49440506329114,6.77612374444496,6.48860215053764,7.63929473311311,13.3470899470899,1.87730424489404,0.156537001005622
"GT_spanishjapanese_079from75gen_042from50gen_sim_509.txt",121,70.5239917355372,12.3785537190083,6.2787051997391,6.07605016922158,7.33857988165681,12.0015192240271,1.95792991716641,0.175522590460101
"GT_spanishjapanese_079from75gen_077from50gen_sim_592.txt",156,64.6763525641026,11.6582948717949,6.08604863079819,5.6480419238951,7.34589827706745,11.131637005442,1.89803387832929,0.180255911312253
"GT_spanishjapanese_079from75gen_157from50gen_sim_843.txt",236,61.89825,10.5936186440678,6.42039070079455,6.27766215213983,7.43439242943291,12.8627423234753,1.93617384537991,0.171145688998765
"GT_spanishjapanese_080from20gen_062from50gen_sim_825.txt",142,35.8957816901408,6.13559154929577,6.1895448189254,6.09011457186304,7.44041249977528,13.7001146788991,2.17546631459546,0.170927926915183
"GT_spanishjapanese_080from20gen_067from50gen_sim_798.txt",147,35.0691496598639,6.7447619047619,5.85526947137144,5.85248800202071,7.37322159990051,13.6106315311222,2.33843226757515,0.192327500671656
"GT_spanishjapanese_080from20gen_120from50gen_sim_794.txt",200,39.67187,7.05832,6.20057266394702,6.21039869442259,7.42265835363963,13.6106315311222,2.06199094390607,0.1779175017462
"GT_spanishjapanese_080from20gen_196from75gen_040from50gen_sim_1168.txt",316,60.3383449367089,11.1195886075949,5.95453669323061,5.74175812051812,7.15231961490409,13.7001146788991,2.02141330782485,0.184287265738871
"GT_spanishjapanese_080from20gen_sim_015.txt",80,20.7314625,3.8612125,5.91781499614461,5.98510063543857,7.03549633915685,13.7001146788991,2.10287565069909,0.186248919968864
"GT_spanishjapanese_080from50gen_095from75gen_130from20gen_sim_1386.txt",305,47.1001573770492,8.79812786885246,5.88216969649294,5.8194792786337,7.00390668601406,13.3470899470899,2.00640901668477,0.186796145890153
"GT_spanishjapanese_080from50gen_sim_234.txt",80,53.8554625,9.5307375,6.5772186607909,6.54625843640258,7.78996234487331,11.7755392755393,2.08759162930889,0.176968817230007
"GT_spanishjapanese_080from50gen_sim_267.txt",80,56.118075,8.989675,6.64566714594699,6.2032974700398,7.6798340289279,11.8262169086251,1.91672795027298,0.160192148429895
"GT_spanishjapanese_080from75gen_023from50gen_sim_685.txt",103,72.411786407767,13.6163009708738,6.03604421797639,5.91786342321219,7.27290850262285,11.131637005442,1.9533708143674,0.188039843323259
"GT_spanishjapanese_080from75gen_056from50gen_sim_859.txt",136,67.5425808823529,11.3203014705882,6.41458357305256,6.1511845078615,7.21823196905728,13.3470899470899,1.9599413077088,0.167602441640573
"GT_spanishjapanese_080from75gen_154from50gen_sim_702.txt",234,62.2230085470085,10.7465897435897,6.30974810800816,6.06680333428252,7.33285793800699,13.6106315311222,1.94098649738164,0.172710866840694
"GT_spanishjapanese_080from75gen_173from50gen_067from20gen_sim_1001.txt",320,53.769834375,9.37770625,6.24901492080018,6.09217179250781,7.32342894937122,13.3470899470899,1.99954916727628,0.174404596164427
"GT_spanishjapanese_081from20gen_083from75gen_105from50gen_sim_1054.txt",269,51.546405204461,8.99201486988848,6.2182754700271,6.12156458118375,7.39621848739496,12.8627423234753,2.05152453910848,0.174445042951517
"GT_spanishjapanese_081from20gen_096from75gen_290from50gen_sim_1422.txt",467,53.6061156316917,9.17088222698073,6.36712765250871,6.19830083027611,7.50111433101998,13.7001146788991,2.02058492804307,0.171079029303122
"GT_spanishjapanese_081from20gen_176from50gen_061from75gen_sim_1201.txt",318,50.8269496855346,8.79640880503145,6.30496601053398,6.09107592529235,7.50904060337573,13.3470899470899,2.07207369093037,0.173065841240812
"GT_spanishjapanese_081from50gen_035from75gen_095from20gen_sim_1405.txt",211,43.3689004739336,7.28594312796208,6.26740141444808,6.1120020693223,7.55167531654439,13.3470899470899,2.06159957898276,0.167999258647132
"GT_spanishjapanese_081from50gen_048from20gen_sim_797.txt",129,41.257992248062,7.61896124031008,5.98677138328046,6.05527944010549,7.13079229950663,11.6125806451613,1.9568702822052,0.184666311305247
"GT_spanishjapanese_081from50gen_053from75gen_039from20gen_sim_1066.txt",173,55.7172196531792,9.83704624277457,6.2279733259237,6.14735643814824,7.4308768154922,13.7001146788991,2.10298091329973,0.176553071097353
"GT_spanishjapanese_081from50gen_076from20gen_sim_979.txt",157,37.9241146496815,6.67052866242038,5.99005993443477,5.91002570694087,7.26136974518869,13.6106315311222,2.10127012479359,0.175891480237269
"GT_spanishjapanese_081from50gen_191from75gen_sim_927.txt",272,71.6027720588235,12.6615514705882,6.17053891737222,5.91394456507653,7.37349552794271,13.3470899470899,1.91981061041588,0.176830464890192
"GT_spanishjapanese_081from50gen_sim_287.txt",81,53.5655925925926,8.66728395061728,6.66190991891712,6.30504106941537,7.73842560791318,13.6106315311222,2.15689257559712,0.161806927378525
"GT_spanishjapanese_081from75gen_172from50gen_072from20gen_sim_1099.txt",325,52.5615476923077,9.30268923076923,6.2156038190293,6.09775051124744,7.45805647840532,13.6106315311222,2.03759812160794,0.176986592655655
"GT_spanishjapanese_081from75gen_sim_177.txt",81,79.599012345679,13.7146296296296,6.32668989752098,6.27788527988943,7.44493927125506,12.8627423234753,2.06999603489871,0.17229647988684
"GT_spanishjapanese_082from20gen_119from75gen_226from50gen_sim_1174.txt",427,54.7969414519906,9.4444355971897,6.2262105998577,6.0699639477242,7.37921100380224,13.6106315311222,1.93325606632348,0.172353334820051
"GT_spanishjapanese_082from20gen_sim_379.txt",82,20.9628536585366,4.02741463414634,5.63821022900725,5.7420199244669,6.93494233218821,10.6051045728465,1.97901832953391,0.192121487835044
"GT_spanishjapanese_082from50gen_sim_067.txt",82,52.4960731707317,9.63121951219512,6.30766553579065,6.17360427158032,7.40536923713374,11.7236090716267,2.08092977014284,0.183465522856762
"GT_spanishjapanese_082from50gen_sim_265.txt",82,50.8263780487805,9.204,6.4305023566781,6.34798537993761,7.5346761901656,13.3470899470899,2.07750619743406,0.181087072369518
"GT_spanishjapanese_082from50gen_sim_390.txt",82,54.2128292682927,8.81535365853659,6.45361294990152,6.46226733153877,7.32265196267389,11.0180338333865,1.46499437640113,0.162606412126371
"GT_spanishjapanese_082from75gen_034from20gen_sim_650.txt",116,63.7073103448276,12.0259051724138,5.60884414012939,5.42256544196426,6.44146018199589,10.0588044885628,1.55148553423432,0.188768056716276
"GT_spanishjapanese_082from75gen_061from20gen_sim_738.txt",143,54.6860839160839,9.60173426573427,5.89544901139652,5.73367952522255,7.18318121696443,12.0015192240271,1.73901010832673,0.175579115894789
"GT_spanishjapanese_082from75gen_100from20gen_177from50gen_sim_1101.txt",359,50.9231977715877,8.74147075208914,6.22834124423442,6.11106853164719,7.42352580856778,13.7001146788991,1.97600601814163,0.171659894402122
"GT_spanishjapanese_083from20gen_172from75gen_sim_748.txt",255,59.3566392156863,11.0750588235294,5.7816093776522,5.63249411338526,6.92693526677305,12.8627423234753,1.97987989535499,0.186585004977886
"GT_spanishjapanese_083from20gen_270from75gen_sim_966.txt",353,65.4384107648725,12.0162266288952,5.7820125370069,5.55520933205497,7.0786703601108,12.8627423234753,1.93802490771542,0.183626504501627
"GT_spanishjapanese_083from20gen_sim_433.txt",83,22.6542409638554,3.83872289156627,6.35457173957668,6.38308227114716,7.27812858786405,13.7001146788991,2.01239927545993,0.169448312026472
"GT_spanishjapanese_083from50gen_031from20gen_sim_808.txt",114,46.7041754385965,7.44432456140351,6.6174388257044,6.45546318034944,7.76982553116184,11.7755392755393,1.91152352542914,0.15939312687772
"GT_spanishjapanese_083from50gen_098from75gen_sim_905.txt",181,66.967364640884,11.3922983425414,6.28614385811922,6.03314917127072,7.4071809884622,13.3470899470899,1.73617387280302,0.170117166826457
"GT_spanishjapanese_083from50gen_sim_418.txt",83,54.7329518072289,8.75442168674699,6.71979607873815,6.20148423005566,7.99241584824438,13.6106315311222,2.14102537854045,0.159947917985135
"GT_spanishjapanese_083from75gen_021from50gen_039from20gen_sim_1139.txt",143,58.2554475524475,10.6472237762238,5.96982251957931,5.63249411338526,7.19878202465418,11.8285859613428,1.85446626421802,0.182767865041944
"GT_spanishjapanese_083from75gen_072from20gen_sim_627.txt",155,52.8675225806452,9.44242580645161,5.86958125949364,5.59517426273458,7.05157695511279,13.7001146788991,1.90091723898161,0.178605414922705
"GT_spanishjapanese_083from75gen_183from20gen_074from50gen_sim_1113.txt",340,42.2382558823529,7.52536176470588,5.99323344023819,6.04957230368052,7.24614117769043,13.7001146788991,2.07616028428195,0.178164595282211
"GT_spanishjapanese_084from20gen_sim_011.txt",84,20.8391428571429,4.10145238095238,5.50866847052566,5.44080206438473,6.80929516562767,9.49039780521262,1.84679416556087,0.196814831064252
"GT_spanishjapanese_084from20gen_sim_042.txt",84,21.3701666666667,4.10886904761905,5.73990549663124,5.680877509894,7.02648729166826,13.7001146788991,2.19381818734727,0.192271268245563
"GT_spanishjapanese_084from20gen_sim_102.txt",84,20.8845238095238,4.23810714285714,5.40797271853508,5.76559937499193,6.78489891552015,9.63313096270598,1.98840521217798,0.202930513595166
"GT_spanishjapanese_084from50gen_047from75gen_sim_957.txt",131,64.3710763358779,11.2280763358779,6.30179670519586,6.16235211432587,7.4190289019772,13.3470899470899,1.99236244023086,0.174427351149009
"GT_spanishjapanese_084from50gen_051from75gen_sim_936.txt",135,64.9513037037037,10.7330888888889,6.56742592247366,6.4359325125399,7.6013937749609,12.8627423234753,1.97004397191755,0.165248244097629
"GT_spanishjapanese_084from50gen_271from75gen_sim_775.txt",355,73.3353408450704,13.0224450704225,6.13373802513734,5.91002570694087,7.2485901581566,13.3470899470899,1.86445436176938,0.177573935299953
"GT_spanishjapanese_084from50gen_sim_109.txt",84,54.9556904761905,8.94566666666667,6.56731311553401,6.42460636251165,7.92016627222654,11.7236090716267,1.87082811454681,0.162779624623994
"GT_spanishjapanese_084from50gen_sim_450.txt",84,51.8603214285714,9.32173809523809,6.47576990689984,6.2001890176827,7.97434287257584,11.8262169086251,2.14357775123894,0.17974701734306
"GT_spanishjapanese_084from50gen_sim_486.txt",84,55.0444047619048,8.77028571428571,6.67046864592858,6.41657739841131,7.88577263903011,11.7755392755393,2.04814163696065,0.159331102810934
"GT_spanishjapanese_084from75gen_065from50gen_sim_865.txt",149,68.0795033557047,11.8323087248322,6.24580213153769,6.15562021769587,7.03965380199594,11.8262169086251,1.86434101932474,0.173801337283709
"GT_spanishjapanese_084from75gen_187from50gen_043from20gen_sim_1247.txt",314,57.0351050955414,9.33658280254777,6.5424877566675,6.28640848034563,7.85058704933586,13.6106315311222,2.00806756192328,0.163698879609457
"GT_spanishjapanese_084from75gen_216from50gen_145from20gen_sim_1222.txt",445,48.0802876404494,8.30623820224719,6.16689536815375,6.06500566251416,7.34846461949266,13.7001146788991,1.89213002153499,0.172757664520693
"GT_spanishjapanese_084from75gen_288from20gen_sim_978.txt",372,33.8214059139785,6.25807258064516,5.77104666869103,5.69709607650661,6.99660113131337,13.7001146788991,2.01350628795633,0.185032892972042
"GT_spanishjapanese_084from75gen_sim_285.txt",84,79.8439761904762,13.9065119047619,6.27090943504053,5.66546147493428,7.72399511669583,12.8627423234753,2.192497683371,0.174171084260464
"GT_spanishjapanese_085from20gen_091from50gen_051from75gen_sim_1428.txt",227,47.7713039647577,8.34844933920705,6.13668616815905,6.04374838208646,7.34847508570725,12.0425273390036,1.92246118584069,0.174758665691143
"GT_spanishjapanese_085from20gen_sim_002.txt",85,21.2582705882353,3.9316,5.97899505775632,5.80550774526678,7.45805647840532,13.7001146788991,2.37133245118092,0.184944489425015
"GT_spanishjapanese_085from50gen_091from75gen_239from20gen_sim_1411.txt",415,40.2037951807229,7.2823421686747,5.93247718215157,5.8485161085542,7.26558745495911,13.7001146788991,2.05033912562986,0.181135689701416
"GT_spanishjapanese_085from50gen_153from20gen_092from75gen_sim_1243.txt",330,45.6607393939394,8.38439696969697,5.93412094486269,5.94896440446112,7.12184915460439,13.7001146788991,1.97950388950814,0.183623766960065
"GT_spanishjapanese_085from50gen_190from75gen_119from20gen_sim_1388.txt",394,56.6368299492386,10.1429822335025,6.03902831595558,5.82443343007387,7.18944217549938,13.7001146788991,1.89334265332872,0.179088099432707
"GT_spanishjapanese_085from50gen_sim_117.txt",85,54.8092235294118,9.04207058823529,6.45444986042676,6.26078697421981,7.4308768154922,11.6125806451613,1.78317437025997,0.164973520987451
"GT_spanishjapanese_085from50gen_sim_157.txt",85,55.4582235294118,9.02314117647059,6.61244080374117,6.48860215053764,7.80557398805574,11.8262169086251,2.00120709261834,0.162701590534815
"GT_spanishjapanese_085from75gen_069from20gen_281from50gen_sim_1196.txt",435,53.7266252873563,9.23045057471264,6.32251073706729,6.14890771288453,7.55954575430949,13.6106315311222,2.01363335313943,0.171804026873895
"GT_spanishjapanese_086from20gen_074from75gen_114from50gen_sim_1045.txt",274,51.7583759124088,8.96125912408759,6.07641107104025,5.91929158074459,7.1405333863019,12.0425273390036,1.9000289925111,0.173136404806303
"GT_spanishjapanese_086from20gen_228from50gen_sim_856.txt",314,45.0919904458599,7.71930573248408,6.34740346258043,6.22440654009116,7.66158904854596,13.6106315311222,2.06558268392609,0.17119017493256
"GT_spanishjapanese_086from20gen_sim_473.txt",86,21.7157906976744,4.30708139534884,5.61822000181628,5.42770192368046,6.92009060992836,13.7001146788991,2.16105100504886,0.198338686134514
"GT_spanishjapanese_086from50gen_056from20gen_100from75gen_sim_1300.txt",242,56.4715909090909,9.85027685950413,6.19967788700138,6.04829966164752,7.38473592387107,13.6106315311222,2.04726019364366,0.174428888949867
"GT_spanishjapanese_086from50gen_071from75gen_sim_874.txt",157,65.3264012738854,11.3172675159236,6.2637692409117,6.05527944010549,7.34666193811508,12.0015192240271,1.91802664829634,0.173241863859531
"GT_spanishjapanese_086from50gen_089from75gen_051from20gen_sim_1062.txt",226,55.0325884955752,10.3068849557522,5.98008928541536,5.71097229243398,7.27867788133993,13.7001146788991,2.13675953045787,0.187286937385853
"GT_spanishjapanese_086from75gen_047from50gen_sim_536.txt",133,69.1423759398496,11.8403007518797,6.31323358302988,6.07605016922158,7.4301103988604,11.4126544917912,1.78976567642557,0.171245210927958
"GT_spanishjapanese_086from75gen_069from50gen_sim_585.txt",155,67.9307677419355,12.0126129032258,6.07818112475264,5.83600991098467,7.00045050037119,12.0015192240271,1.81340922236481,0.176836112744389
"GT_spanishjapanese_086from75gen_074from20gen_sim_813.txt",160,52.6598,9.96584375,5.83628596813093,5.67096977940077,6.95955319241452,13.7001146788991,1.98039994765406,0.189249555638267
"GT_spanishjapanese_086from75gen_095from20gen_138from50gen_sim_1434.txt",319,50.4760752351097,9.11842006269593,6.02705391453303,6.01864728192162,7.22716069660986,13.6106315311222,2.07678841199184,0.180648357072608
"GT_spanishjapanese_086from75gen_sim_019.txt",86,75.9769651162791,13.4308139534884,6.05393686231352,5.9908185606501,7.17815595482601,10.0588044885628,1.728918572468,0.176774815010486
"GT_spanishjapanese_087from20gen_099from75gen_078from50gen_sim_1199.txt",264,52.6937462121212,9.32055681818182,6.14666694546943,6.00984470148016,7.48050915743279,13.7001146788991,2.10242977737167,0.176881650825536
"GT_spanishjapanese_087from20gen_213from50gen_091from75gen_sim_1185.txt",391,52.3633554987212,9.00259590792839,6.34514080145788,6.23935723707879,7.43790804337363,13.6106315311222,2.02208390486048,0.171925496794189
"GT_spanishjapanese_087from20gen_sim_039.txt",87,21.8080574712644,4.09751724137931,5.84367736550452,5.9502430654847,7.17058083656577,10.6051045728465,2.13512166545314,0.187890060670394
"GT_spanishjapanese_087from50gen_162from75gen_sim_730.txt",249,70.5943172690763,12.5493373493976,6.1611381100029,5.90465559130606,7.21482665769101,12.8627423234753,1.89022547324067,0.177766962481763
"GT_spanishjapanese_087from50gen_sim_068.txt",87,52.5074712643678,9.33445977011494,6.5748456100877,6.18407427245135,7.52035064211385,13.6106315311222,2.32446506597726,0.177773934743824
"GT_spanishjapanese_087from50gen_sim_366.txt",87,53.8606551724138,9.40757471264368,6.56192501848152,6.4132802124834,7.54621234754787,11.8262169086251,1.97884338753385,0.174665062697975
"GT_spanishjapanese_087from50gen_sim_443.txt",87,50.658,9.39016091954023,6.27603399958574,5.89178425125171,7.34418985662521,13.6106315311222,2.21242882576378,0.185363830382965
"GT_spanishjapanese_087from75gen_033from20gen_056from50gen_sim_1392.txt",176,60.1143579545455,10.4449431818182,6.16850070755816,6.08251377165491,7.21823196905728,13.7001146788991,2.02636432552173,0.17375122245697
"GT_spanishjapanese_087from75gen_058from50gen_025from20gen_sim_1486.txt",170,62.2984529411765,11.0361294117647,6.04870494231597,5.82951951486109,7.01933933408959,12.8627423234753,1.98999629098372,0.177149333422216
"GT_spanishjapanese_087from75gen_172from20gen_sim_711.txt",259,40.2448301158301,7.36811969111969,5.81600907326886,5.82938758151403,7.0829761745464,12.8627423234753,1.91988380718414,0.183082390207966
"GT_spanishjapanese_088from20gen_090from75gen_245from50gen_sim_1254.txt",423,51.5425295508274,9.14298108747045,6.13254522648844,6.06500566251416,7.29586944783531,13.6106315311222,1.96711214068919,0.177387124131235
"GT_spanishjapanese_088from50gen_136from20gen_052from75gen_sim_1022.txt",276,42.963847826087,7.64911231884058,6.08769488399382,6.01037479723271,7.28732806730321,13.7001146788991,2.14451593703006,0.178036016462105
"GT_spanishjapanese_088from50gen_sim_089.txt",88,53.7214318181818,8.47602272727273,6.77882892229276,6.18435239697197,8.02060436271248,11.8262169086251,2.04079581481979,0.157777304893129
"GT_spanishjapanese_088from75gen_086from50gen_sim_805.txt",174,68.3097011494253,12.0918908045977,6.13436923661546,6.07774090868176,7.04648868191009,11.7236090716267,1.72044742437724,0.177015718135658
"GT_spanishjapanese_088from75gen_112from50gen_027from20gen_sim_1438.txt",227,61.135859030837,10.4097621145374,6.34027730338232,6.09775051124744,7.2622443700075,13.6106315311222,1.94957175842596,0.170272607264531
"GT_spanishjapanese_088from75gen_131from20gen_sim_546.txt",219,44.6141917808219,7.89382648401827,5.97099008765465,5.73731159643187,7.32418146144787,13.7001146788991,2.16996574848647,0.176935324140771
"GT_spanishjapanese_088from75gen_sim_026.txt",88,79.5811477272727,14.5644772727273,5.97199315403123,5.60285157239277,7.1934100527121,11.131637005442,1.89404895425057,0.183014164644122
"GT_spanishjapanese_089from20gen_023from50gen_sim_955.txt",112,27.8664821428571,4.92811607142857,5.95443664034461,5.99938034647824,6.95367396532719,10.5448888888889,1.91838175206295,0.17684744153082
"GT_spanishjapanese_089from20gen_041from50gen_058from75gen_sim_1125.txt",188,46.1046968085106,8.2548829787234,5.80914732296618,5.74881605511866,7.04036560691175,10.0597510373444,1.72819885348829,0.179046464897251
"GT_spanishjapanese_089from20gen_046from50gen_035from75gen_sim_1138.txt",170,42.0610529411765,7.60572941176471,5.8961168341409,5.62397197208651,6.94447797627562,13.6106315311222,2.11359142681812,0.180825939436217
"GT_spanishjapanese_089from20gen_047from75gen_068from50gen_sim_1324.txt",204,46.226112745098,7.79765196078431,6.33363087152815,6.44060669647567,7.75308614223417,13.6106315311222,2.00187925265884,0.168685002863694
"GT_spanishjapanese_089from20gen_048from75gen_sim_570.txt",137,40.888204379562,8.01177372262774,5.59828373728285,5.74215192906782,6.93339799547365,10.6051045728465,1.99622991546865,0.195943398449466
"GT_spanishjapanese_089from20gen_066from50gen_sim_609.txt",155,35.036264516129,6.38673548387097,5.78728404364561,5.76259848372231,6.94353111594994,12.0425273390036,1.89156968820311,0.182289281465232
"GT_spanishjapanese_089from20gen_079from75gen_sim_804.txt",168,48.5767738095238,9.18755952380952,5.74675191410332,5.56843210214352,6.9208962048151,12.0425273390036,1.89631135142358,0.18913482315304
"GT_spanishjapanese_089from20gen_087from50gen_sim_612.txt",176,37.899125,6.22856818181818,6.29507112560347,6.15898616601087,7.59005174440896,13.3470899470899,2.08566552347593,0.164345962652652
"GT_spanishjapanese_089from20gen_164from75gen_051from50gen_sim_1264.txt",304,57.6764111842105,10.4292598684211,5.9086429361225,5.79927296293414,7.13020772723483,12.0015192240271,1.88112471404744,0.180823661775894
"GT_spanishjapanese_089from20gen_236from75gen_063from50gen_sim_1256.txt",388,61.7947603092784,11.0422371134021,6.03496744015799,5.74508046186362,7.17997512116579,13.7001146788991,1.98912758770478,0.178692126292528
"GT_spanishjapanese_089from20gen_sim_014.txt",89,21.3610561797753,4.01891011235955,5.66918425048302,5.8887299771167,6.8782587309395,8.85736149372513,1.75327092283584,0.188141919506989
"GT_spanishjapanese_089from20gen_sim_114.txt",89,20.696808988764,3.89123595505618,5.65978605272979,5.7344262295082,6.89670932358318,10.6051045728465,1.73605953176596,0.188011396209371
"GT_spanishjapanese_089from20gen_sim_414.txt",89,20.9881685393258,3.88233707865169,5.84457481610669,5.84244372990354,6.94163739529857,13.7001146788991,2.21284372340311,0.184977411029328
"GT_spanishjapanese_089from50gen_162from20gen_152from75gen_sim_1032.txt",403,50.3264193548387,9.10491315136476,5.93554745631643,5.83600991098467,7.17294258575972,13.7001146788991,1.96773593020688,0.180917165736913
"GT_spanishjapanese_089from50gen_290from75gen_114from20gen_sim_1031.txt",493,60.9934117647059,11.0554847870183,6.00445381480396,5.79656160458453,7.18654615498592,13.3470899470899,1.95753110799224,0.181257031983503
"GT_spanishjapanese_089from75gen_065from50gen_sim_890.txt",154,69.2536818181818,12.1413246753247,6.19612058974568,6.09328512184896,7.21871580624632,13.6106315311222,1.91011573246777,0.175316667021407
"GT_spanishjapanese_089from75gen_088from50gen_sim_630.txt",177,67.6595141242938,11.7774124293785,6.21449369504397,5.89178425125171,7.30170098478066,11.8262169086251,1.86437675950398,0.174068829518091
"GT_spanishjapanese_089from75gen_129from20gen_sim_645.txt",218,44.4292385321101,8.15334862385321,5.75827063993684,5.67237093784875,6.89139000019951,11.8467201261996,1.89172057029638,0.183513129939434
"GT_spanishjapanese_089from75gen_sim_007.txt",89,76.7628764044944,15.0633483146067,5.5759026846302,5.24291433146517,6.73576845028303,12.0015192240271,1.87353786632801,0.196232202597932
"GT_spanishjapanese_089from75gen_sim_134.txt",89,79.3461235955056,14.2778202247191,5.90798707077645,5.59408225500701,7.01970705725699,11.131637005442,1.63392902200857,0.179943513025353
"GT_spanishjapanese_089from75gen_sim_273.txt",89,79.5624269662921,14.3702808988764,5.9493231481068,5.56415915253169,7.03965380199594,11.8467201261996,1.85575046806157,0.180616422183358
"GT_spanishjapanese_089from75gen_sim_478.txt",89,78.701808988764,14.5859101123596,5.92829015723242,5.67740737990942,7.16601009820785,12.0015192240271,1.88801832276211,0.185331319569057
"GT_spanishjapanese_090from20gen_023from50gen_242from75gen_sim_1224.txt",355,62.7165971830986,11.2910084507042,6.00773354901287,5.76937038427838,7.17294258575972,13.7001146788991,1.92896128023127,0.180032223651111
"GT_spanishjapanese_090from20gen_179from75gen_058from50gen_sim_1280.txt",327,58.6552660550459,10.4474097859327,6.04927276159245,5.8485161085542,7.22163728042354,13.6106315311222,1.98263365349652,0.178115461553413
"GT_spanishjapanese_090from20gen_sim_012.txt",90,21.6686444444444,4.41038888888889,5.31557243634463,5.32900342490375,6.58294585106469,9.49039780521262,1.77448596903656,0.203537830905692
"GT_spanishjapanese_090from20gen_sim_179.txt",90,20.6177333333333,3.98454444444444,5.70512886534324,6.11222849063399,6.98912812810537,12.0425273390036,2.17743792667641,0.193258122996601
"GT_spanishjapanese_090from20gen_sim_296.txt",90,21.0081222222222,4.09867777777778,5.6091010754467,5.76996698738749,6.96242118380146,10.0597510373444,2.00578078148313,0.195099673089403
"GT_spanishjapanese_090from50gen_067from20gen_031from75gen_sim_1344.txt",188,46.883170212766,8.08646808510638,6.15023596699321,6.00581623439419,7.05900101052612,13.3470899470899,2.13820296683461,0.172481256032991
"GT_spanishjapanese_090from50gen_250from20gen_041from75gen_sim_1035.txt",381,35.0473858267717,6.31400262467192,5.90359762675732,5.8887299771167,7.04250102165917,13.7001146788991,1.99264686718719,0.180156165024121
"GT_spanishjapanese_090from75gen_048from20gen_sim_669.txt",138,58.5765724637681,11.1935072463768,5.77973523317989,5.8541046278752,7.18717404954201,10.6051045728465,1.89682494079274,0.191091878127564
"GT_spanishjapanese_090from75gen_054from20gen_077from50gen_sim_1402.txt",221,54.8164705882353,10.0022986425339,6.05928508921858,5.83600991098467,7.23581057112451,12.8627423234753,2.06089932434576,0.182468855349484
"GT_spanishjapanese_090from75gen_282from50gen_sim_815.txt",372,59.4589462365591,10.3438682795699,6.36447950456595,6.1511845078615,7.51764162622063,13.6106315311222,1.98211306733532,0.173966559017318
"GT_spanishjapanese_090from75gen_sim_306.txt",90,78.2145444444444,14.3086333333333,5.90268904336046,5.59881190959893,7.06392953439735,12.8627423234753,1.92454569725876,0.182940825583875
"GT_spanishjapanese_090from75gen_sim_396.txt",90,79.4321666666667,13.6715444444444,6.28063310958542,5.82941406645366,7.39119498150356,11.8285859613428,1.88241965143414,0.172115970370246
"GT_spanishjapanese_091from20gen_027from75gen_024from50gen_sim_1084.txt",142,35.9515281690141,6.53797887323944,5.7733708032296,5.86558685351012,6.88555137258238,11.131637005442,1.97242975792294,0.181855381571079
"GT_spanishjapanese_091from20gen_122from50gen_sim_709.txt",213,39.6948920187793,7.12366197183099,6.07829937357147,6.12156458118375,7.24716062736614,11.7236090716267,1.91613650199954,0.179460419452982
"GT_spanishjapanese_091from20gen_sim_087.txt",91,20.850978021978,4.23728571428571,5.41735673230205,5.59517426273458,6.67294268958801,10.2322111706197,1.92179173546156,0.203217600144194
"GT_spanishjapanese_091from50gen_030from20gen_198from75gen_sim_1013.txt",319,66.8149968652038,12.0356614420063,6.07032802617553,5.82938758151403,7.27026862500197,12.0425273390036,1.91158989562686,0.180134131657413
"GT_spanishjapanese_091from50gen_284from75gen_025from20gen_sim_1483.txt",400,69.836895,12.5060675,6.06711490980834,5.74508046186362,7.23028857014818,13.6106315311222,1.97941785626164,0.179075365535653
"GT_spanishjapanese_091from50gen_sim_044.txt",91,54.0007032967033,8.98283516483517,6.47602100344712,6.35092377475384,7.75803454813401,11.7236090716267,2.05428937631824,0.166346632848087
"GT_spanishjapanese_091from50gen_sim_058.txt",91,54.3843406593407,8.83102197802198,6.51375613916091,6.50787356972924,7.57842585728035,11.7236090716267,1.69783098930469,0.162381705302613
"GT_spanishjapanese_091from50gen_sim_310.txt",91,53.6741098901099,9.08586813186813,6.80511691556732,6.60964912280702,8.27731963971938,13.3470899470899,2.1692993334278,0.169278412822684
"GT_spanishjapanese_091from50gen_sim_420.txt",91,55.2748571428571,8.96485714285714,6.48847868265802,6.35092377475384,7.35918564675172,11.7236090716267,1.64478989943322,0.162186889414976
"GT_spanishjapanese_091from75gen_046from20gen_044from50gen_sim_1275.txt",181,57.9225193370166,10.4025303867403,6.07106641817068,6.05780735865989,7.29518290474466,13.7001146788991,2.05242997504667,0.179593886899398
"GT_spanishjapanese_091from75gen_186from50gen_152from20gen_sim_1410.txt",429,47.5828857808858,8.37401631701632,6.1566083518485,6.11155644622579,7.40161104718067,13.7001146788991,2.01471168873573,0.175987987689057
"GT_spanishjapanese_091from75gen_sim_442.txt",91,78.5528571428571,14.663032967033,5.88989344226085,5.57970405246343,7.18318121696443,11.131637005442,1.89250437936171,0.186664540289943
"GT_spanishjapanese_092from20gen_030from50gen_047from75gen_sim_1415.txt",169,44.2315680473373,7.94318934911243,6.07246919511107,6.0021023125438,7.33857988165681,13.7001146788991,2.14253603500478,0.179581907216391
"GT_spanishjapanese_092from20gen_063from50gen_sim_760.txt",155,32.3171741935484,6.25465806451613,5.82107998610467,5.84244372990354,7.24299844629471,11.2544002903284,2.101345245908,0.193539757747903
"GT_spanishjapanese_092from20gen_120from75gen_070from50gen_sim_1282.txt",282,54.6102375886525,9.53280141843972,6.19001348283452,6.06928247688754,7.52069307669638,12.8627423234753,1.94816782855846,0.174560702157072
"GT_spanishjapanese_092from50gen_026from20gen_sim_912.txt",118,48.3515508474576,7.73191525423729,6.62749626293501,6.42619721450091,7.77528559272974,11.4126544917912,1.80153069929787,0.159910387954885
"GT_spanishjapanese_092from50gen_sim_440.txt",92,54.8590652173913,8.79603260869565,6.60666620316975,6.19989253016589,7.6714797323442,13.3470899470899,1.89280746140155,0.160338725675317
"GT_spanishjapanese_092from75gen_086from20gen_246from50gen_sim_1499.txt",424,52.6994504716981,9.22472877358491,6.22370527765495,6.134460509666,7.33955898256504,13.6106315311222,2.02791031446907,0.175044116988259
"GT_spanishjapanese_092from75gen_099from20gen_166from50gen_sim_1463.txt",357,51.3435630252101,8.83715966386555,6.19791054249592,6.13312693498452,7.4252607184241,13.6106315311222,1.99906978159686,0.172118161326794
"GT_spanishjapanese_092from75gen_137from50gen_sim_842.txt",229,63.727135371179,11.0223187772926,6.47532143150924,6.35092377475384,7.42179089871147,13.3470899470899,2.01464273141495,0.172961152468144
"GT_spanishjapanese_092from75gen_184from20gen_263from50gen_sim_1407.txt",539,47.2268107606679,8.24648237476809,6.17669393406292,6.08247863247863,7.40439601782143,13.7001146788991,2.00472531730464,0.174614424348045
"GT_spanishjapanese_092from75gen_sim_423.txt",92,76.8251847826087,14.1216195652174,5.81045588958494,5.54951226923928,6.90430597680094,9.87967865619865,1.69365821145539,0.183814976887816
"GT_spanishjapanese_093from20gen_149from50gen_sim_704.txt",242,40.8092355371901,7.25492148760331,6.1359776875861,6.15330387111463,7.39620260717162,13.3470899470899,2.10612118693814,0.177776461433388
"GT_spanishjapanese_093from50gen_sim_072.txt",93,54.8896559139785,8.8038064516129,6.66387957702478,6.33281853281853,7.80356251040453,13.6106315311222,2.04309728890755,0.160390993622004
"GT_spanishjapanese_093from50gen_sim_485.txt",93,52.1840215053763,9.36037634408602,6.57925131681123,6.16100365917407,7.71049510821227,13.6106315311222,2.46954694890119,0.179372460651038
"GT_spanishjapanese_093from75gen_294from20gen_sim_949.txt",387,35.2012842377261,6.55824031007752,5.73976784635195,5.74215192906782,6.94353111594994,13.7001146788991,1.94604073181617,0.186306847948715
"GT_spanishjapanese_093from75gen_sim_322.txt",93,78.8795053763441,14.1310752688172,6.05734468711467,5.75489469785162,7.21482665769101,12.0015192240271,1.95399323513938,0.179147615104786
"GT_spanishjapanese_093from75gen_sim_394.txt",93,79.4011935483871,14.1393870967742,5.9998427536407,5.79656160458453,7.16743151161174,9.83995229576625,1.71699168168319,0.178075246289058
"GT_spanishjapanese_094from20gen_061from75gen_sim_743.txt",155,44.0433483870968,7.80282580645161,5.98547744995203,5.86409448818898,7.24148559924533,13.7001146788991,2.0214300995295,0.177162411401436
"GT_spanishjapanese_094from20gen_197from50gen_sim_921.txt",291,43.0660137457045,7.46215463917526,6.27412789447079,6.16100365917407,7.39888300684114,13.7001146788991,2.06855887002169,0.173272471495451
"GT_spanishjapanese_094from20gen_sim_062.txt",94,21.5390638297872,4.22701063829787,5.52943086274496,5.39359353494502,6.77558973970592,13.7001146788991,2.08253668464753,0.196248577547376
"GT_spanishjapanese_094from20gen_sim_212.txt",94,22.1486276595745,4.13860638297872,5.74756131034658,5.71303330825609,6.88507394199413,10.5448888888889,1.97064274672197,0.186856108946762
"GT_spanishjapanese_094from20gen_sim_308.txt",94,21.9074361702128,4.15764893617021,5.88083741274299,5.87751274022226,7.2359791414585,12.0425273390036,2.13502487764175,0.189782542505969
"GT_spanishjapanese_094from50gen_071from75gen_194from20gen_sim_1241.txt",359,41.4775292479109,7.52384122562674,5.92142475669796,5.78516003879728,6.99343150002601,13.7001146788991,2.02208598132135,0.1813955980998
"GT_spanishjapanese_094from50gen_152from20gen_sim_770.txt",246,33.069418699187,6.20086178861789,5.88120061672136,5.87213612663621,7.12895705648838,13.6106315311222,2.17975605069175,0.18751045626243
"GT_spanishjapanese_094from50gen_230from75gen_sim_974.txt",324,71.6784012345679,12.5244475308642,6.27570534895931,5.92323087040885,7.3120849787424,13.6106315311222,2.0412914201519,0.174731122836821
"GT_spanishjapanese_095from20gen_094from50gen_sim_734.txt",189,37.7852380952381,6.89060317460317,6.04057587733803,5.99103321785205,7.26136974518869,13.6106315311222,2.19169199793669,0.182362306603318
"GT_spanishjapanese_095from50gen_031from20gen_065from75gen_sim_1223.txt",191,58.3817434554974,9.81985863874346,6.28868132650984,6.0560805769709,7.2925645429118,13.6106315311222,1.87830237413348,0.168200845975572
"GT_spanishjapanese_095from50gen_072from75gen_sim_946.txt",167,63.5010898203593,11.4431317365269,6.01012863595176,5.89546471425666,6.96969931747784,11.8262169086251,1.75455689169748,0.180203706249749
"GT_spanishjapanese_095from50gen_100from20gen_156from75gen_sim_1207.txt",351,56.0457749287749,9.97196866096866,6.04325931225414,5.77686581408666,7.29050162549149,13.7001146788991,1.94307280445963,0.17792543101851
"GT_spanishjapanese_095from50gen_185from20gen_070from75gen_sim_1198.txt",350,41.3623171428571,7.52787142857143,5.96175370246918,5.90329670016445,7.25497995167265,13.7001146788991,2.15554496439935,0.181998300592582
"GT_spanishjapanese_095from50gen_262from20gen_sim_829.txt",357,29.5191484593838,5.50099159663866,5.87904660375807,5.9502430654847,7.23883626522327,13.7001146788991,2.09071212281118,0.186353329406085
"GT_spanishjapanese_095from50gen_sim_132.txt",95,55.5612,9.07669473684211,6.46913437863778,6.29348468724134,7.50070297573003,11.8262169086251,1.74165156568927,0.163363907490157
"GT_spanishjapanese_095from50gen_sim_173.txt",95,55.4862736842105,8.61413684210526,6.97456137596046,6.60964912280702,7.94417467316676,13.6106315311222,2.14281460961725,0.155248068939193
"GT_spanishjapanese_095from50gen_sim_188.txt",95,54.228,8.61613684210526,6.77031452664718,6.27933227344992,7.99086127122321,13.6106315311222,2.08020916934571,0.158887232464875
"GT_spanishjapanese_095from50gen_sim_250.txt",95,53.1254315789474,9.32527368421053,6.53951962771532,6.16235211432587,7.96937965810555,11.7755392755393,2.09171666453055,0.175533137464543
"GT_spanishjapanese_095from50gen_sim_471.txt",95,53.9130631578947,8.7940947368421,6.52046429229368,6.50787356972924,7.87825925594702,11.0180338333865,1.80884999932449,0.16311621380308
"GT_spanishjapanese_095from75gen_061from20gen_sim_538.txt",156,56.2125192307692,10.0803717948718,5.76650828741811,5.7609723375909,6.896495773835,10.0588044885628,1.85615125119152,0.179326099111282
"GT_spanishjapanese_095from75gen_084from50gen_036from20gen_sim_1164.txt",215,59.694576744186,10.8634651162791,6.08050430715408,6.05107494951895,7.24825190912399,12.8627423234753,1.98110080280887,0.181984121653683
"GT_spanishjapanese_096from20gen_059from75gen_118from50gen_sim_1284.txt",273,49.0130915750916,8.0582380952381,6.26930721796733,6.27788527988943,7.56337030918102,11.7755392755393,1.9821713874128,0.16440991245966
"GT_spanishjapanese_096from20gen_070from50gen_sim_774.txt",166,33.8683253012048,6.51122289156627,5.71905082028285,5.74346735600488,6.87813668184217,11.7755392755393,2.06223522404351,0.192251102871468
"GT_spanishjapanese_096from20gen_090from75gen_069from50gen_sim_1431.txt",255,49.8349215686275,9.07531764705882,6.07878754390131,6.03314917127072,7.34457911170241,13.3470899470899,2.00843635342946,0.182107593659222
"GT_spanishjapanese_096from20gen_104from75gen_061from50gen_sim_1356.txt",261,51.9785057471264,9.28525670498084,5.88831734884034,5.70576816417083,6.96383913484285,13.7001146788991,1.8801043005003,0.178636468507834
"GT_spanishjapanese_096from50gen_032from20gen_sim_991.txt",128,47.1021328125,7.8403359375,6.34110141304898,6.13622745597284,7.37941948470021,13.3470899470899,1.99654956094859,0.166453947397884
"GT_spanishjapanese_096from50gen_142from20gen_143from75gen_sim_1226.txt",381,52.0295774278215,9.23762729658793,5.98126736114798,5.84244372990354,7.11704263611669,12.8627423234753,1.9181322251349,0.177545691379156
"GT_spanishjapanese_096from75gen_sim_240.txt",96,79.0386875,13.951125,5.97559688989951,5.60690089865818,7.02090118047144,12.0015192240271,1.75253500968633,0.176510079320333
"GT_spanishjapanese_097from20gen_035from75gen_sim_762.txt",132,36.3038409090909,6.81523484848485,5.69237558169744,5.71757612067216,6.9058814915558,10.6051045728465,1.93799555448297,0.187727652992723
"GT_spanishjapanese_097from20gen_128from50gen_sim_736.txt",225,40.4756622222222,6.89018222222222,6.18889617164898,6.11155644622579,7.52300538423886,13.7001146788991,2.14967471327333,0.170230253044244
"GT_spanishjapanese_097from20gen_sim_055.txt",97,21.4009793814433,4.02741237113402,5.74558034107183,5.59517426273458,6.99416594641314,13.7001146788991,2.02053038818185,0.188188227246561
"GT_spanishjapanese_097from50gen_056from20gen_270from75gen_sim_1460.txt",423,65.6178841607565,11.6661489361702,6.09009869629422,5.89374612149211,7.21318641450634,12.8627423234753,1.86688883014091,0.177789166556932
"GT_spanishjapanese_097from50gen_299from20gen_sim_834.txt",396,28.9871212121212,5.39635606060606,5.83596903836542,5.84072515202262,6.9840405248079,13.7001146788991,2.00778529493967,0.186163918145467
"GT_spanishjapanese_097from50gen_sim_377.txt",97,55.2083711340206,8.51872164948454,6.92720830647644,6.453414232826,8.25924821002387,13.6106315311222,2.10248713195785,0.154301267624886
"GT_spanishjapanese_097from50gen_sim_436.txt",97,55.1689896907217,9.31424742268041,6.30671758559904,6.03123814341722,7.54856237265112,11.6125806451613,1.81503755104197,0.168831212514426
"GT_spanishjapanese_097from75gen_054from20gen_138from50gen_sim_1236.txt",289,56.4664221453287,9.85843252595156,6.1389542134506,5.97477307556289,7.36226704110289,13.3470899470899,1.92354517311578,0.174589289552979
"GT_spanishjapanese_097from75gen_143from50gen_sim_569.txt",240,65.1090416666667,11.2852875,6.23533314628207,6.03894540630405,7.21823196905728,13.6106315311222,1.82434095920088,0.1733290371217
"GT_spanishjapanese_097from75gen_144from20gen_sim_643.txt",241,45.158601659751,8.10113278008299,5.99502701860558,5.85248800202071,7.34666193811508,12.8627423234753,1.98291309258854,0.179392905943396
"GT_spanishjapanese_097from75gen_174from20gen_sim_613.txt",271,42.3066346863469,7.83230627306273,5.75821992349603,5.6884239888424,6.90578323322016,13.7001146788991,1.85232168681547,0.185131867167642
"GT_spanishjapanese_097from75gen_sim_103.txt",97,79.8739587628866,14.5607835051546,5.93039168030657,5.64059225204516,7.03965380199594,12.8627423234753,1.92132004442921,0.182297005565728
"GT_spanishjapanese_098from20gen_092from50gen_sim_838.txt",190,37.4887105263158,6.44386842105263,6.08369746130379,6.12234169060515,7.34983232984773,11.7755392755393,1.9833950215517,0.171888238634649
"GT_spanishjapanese_098from20gen_171from75gen_sim_777.txt",269,57.3902602230483,10.5515464684015,5.78857056914703,5.67740737990942,7.12345132743363,13.7001146788991,1.99838290291625,0.183856048524483
"GT_spanishjapanese_098from20gen_sim_108.txt",98,21.9281836734694,3.966,6.09520332905241,6.0161852332766,7.38423237974937,13.7001146788991,2.20623460464697,0.180863132991649
"GT_spanishjapanese_098from50gen_179from75gen_sim_699.txt",277,70.7171444043321,12.436440433213,6.1996178868938,5.86409448818898,7.34249628528975,13.6106315311222,1.89585709312368,0.175861745238275
"GT_spanishjapanese_098from50gen_239from75gen_164from20gen_sim_1163.txt",501,55.1904351297405,10.0534031936128,6.0108570370596,5.86409448818898,7.21154617132166,12.8627423234753,1.97243406451511,0.182158433249882
"GT_spanishjapanese_098from50gen_sim_382.txt",98,54.8581632653061,8.90834693877551,6.50596052546787,6.31926583618136,7.4095122990938,13.3470899470899,1.81443278773795,0.162388720447908
"GT_spanishjapanese_098from50gen_sim_475.txt",98,53.6207653061225,8.87859183673469,6.34228969493717,6.19989253016589,7.242663847638,11.6125806451613,1.65976626800377,0.165581221865197
"GT_spanishjapanese_099from20gen_028from50gen_sim_688.txt",127,28.5130866141732,5.03389763779528,5.99269665896444,5.8887299771167,7.14483082451266,13.3470899470899,2.14868358068989,0.176546920574114
"GT_spanishjapanese_099from20gen_040from75gen_054from50gen_sim_1270.txt",193,43.3814300518135,7.74632124352332,6.03485879158759,6.11245491194568,7.34323696062763,12.0425273390036,2.02163237312397,0.178563067982576
"GT_spanishjapanese_099from20gen_079from75gen_198from50gen_sim_1448.txt",376,51.1550771276596,8.7828085106383,6.12625515731306,6.03401799442364,7.27917158963454,13.7001146788991,2.00119185569776,0.171689869389121
"GT_spanishjapanese_099from20gen_082from50gen_196from75gen_sim_1096.txt",377,58.650299734748,10.2444615384615,6.10544472371663,5.91786342321219,7.29655599092596,13.7001146788991,1.8552735194768,0.174670233311563
"GT_spanishjapanese_099from20gen_158from50gen_sim_548.txt",257,41.1956926070039,6.82645914396887,6.26496261162693,6.14890771288453,7.4308768154922,13.7001146788991,1.94317526149958,0.165708080431891
"GT_spanishjapanese_099from20gen_sim_320.txt",99,20.9093636363636,3.98433333333333,5.77406049614169,5.80550774526678,6.879213592116,13.7001146788991,2.0872025751803,0.190552586995242
"GT_spanishjapanese_099from20gen_sim_481.txt",99,21.4340606060606,3.99275757575758,5.81166897040798,5.74672825250192,7.22026224908267,10.6051045728465,1.90671860653345,0.18628096883465
"GT_spanishjapanese_099from50gen_044from75gen_sim_684.txt",143,60.8182517482517,10.5804125874126,6.45595904630854,6.34504698512138,7.6013937749609,13.3470899470899,2.01616426580192,0.173967719940531
"GT_spanishjapanese_099from50gen_071from75gen_099from20gen_sim_1150.txt",269,49.0818661710037,8.58746096654275,6.13731812541774,6.04133724870115,7.4308768154922,11.6125806451613,1.9133512399012,0.174961989762647
"GT_spanishjapanese_099from50gen_112from75gen_117from20gen_sim_1116.txt",328,50.9103719512195,9.01519207317073,6.01435001382705,6.00484024988683,7.31189980990793,13.7001146788991,2.06436151393544,0.177079674094873
"GT_spanishjapanese_099from50gen_sim_216.txt",99,55.3606060606061,8.56354545454546,6.919739573219,6.69412335300299,7.8700700665741,13.6106315311222,1.97848510924394,0.154686627620559
"GT_spanishjapanese_099from75gen_035from50gen_116from20gen_sim_1424.txt",250,48.2569,8.596824,5.93915238383149,5.90329670016445,7.28317733540003,11.4126544917912,1.95820120139755,0.178147042184641
"GT_spanishjapanese_099from75gen_075from20gen_036from50gen_sim_1200.txt",210,54.1224904761905,9.6289619047619,5.93116545496454,5.79771948440762,7.18762774872897,10.2322111706197,1.87749488833175,0.177910547353653
"GT_spanishjapanese_099from75gen_095from20gen_103from50gen_sim_1383.txt",297,52.8087474747475,9.06258249158249,6.09878273075076,5.92071973827699,7.23883626522327,13.3470899470899,2.02738809270206,0.171611388736612
"GT_spanishjapanese_099from75gen_157from20gen_099from50gen_sim_1466.txt",355,46.1895915492958,8.06184507042254,6.06808253704133,6.05527944010549,7.34847508570725,12.8627423234753,1.98404210923269,0.174538132943188
"GT_spanishjapanese_099from75gen_sim_150.txt",99,79.5222525252525,13.754303030303,6.18627892944717,5.73367952522255,7.34286167095832,12.0015192240271,1.81427648490049,0.172961687999662
"GT_spanishjapanese_100from20gen_040from50gen_035from75gen_sim_1229.txt",175,40.5196971428571,7.08668,6.02638481301774,6.0021023125438,7.35275200086526,12.0425273390036,1.92383325539792,0.174894693191192
"GT_spanishjapanese_100from20gen_069from75gen_sim_540.txt",169,44.0341952662722,8.22008284023669,5.82824295915328,5.76031781063783,7.16911614615227,13.7001146788991,2.04549129246759,0.186674987257751
"GT_spanishjapanese_100from20gen_sim_412.txt",100,21.75378,4.13254,5.78109592042227,5.73640942140434,7.44702479104486,10.5448888888889,1.97966872017995,0.189968823809012
"GT_spanishjapanese_100from50gen_045from75gen_sim_675.txt",145,62.7248137931035,10.5961172413793,6.36014312316898,6.15346130283847,7.46839666357739,11.6125806451613,1.78857735314798,0.168930230328469
"GT_spanishjapanese_100from50gen_051from20gen_194from75gen_sim_1112.txt",345,63.4676956521739,11.1388782608696,6.1393917265733,6.03123814341722,7.33857988165681,12.0425273390036,1.85099503501032,0.175504690164185
"GT_spanishjapanese_100from50gen_088from75gen_114from20gen_sim_1137.txt",302,49.9058874172185,8.70264900662252,6.11167815250853,6.07052791586787,7.40026290723424,13.6106315311222,1.97258525374173,0.174381209452653
"GT_spanishjapanese_100from50gen_sim_095.txt",100,53.90402,9.18838,6.28662951709014,6.1096575462156,7.36231993864518,11.7755392755393,1.87899913191864,0.170458158779252
"GT_spanishjapanese_100from50gen_sim_209.txt",100,54.33748,8.51659,6.83610535435433,6.59473066468989,7.72905716196042,13.6106315311222,2.0875040760414,0.15673509334625
"GT_spanishjapanese_100from50gen_sim_231.txt",100,52.97449,9.30594,6.49938257323729,6.41657739841131,7.59601945965565,11.6125806451613,1.97672537741058,0.175668326396347
"GT_spanishjapanese_100from75gen_080from20gen_122from50gen_sim_1190.txt",302,54.5373940397351,9.52319867549669,6.20028065690576,6.04870891283603,7.4418165240423,13.6106315311222,1.97640336042816,0.174617780023707
"GT_spanishjapanese_100from75gen_081from20gen_sim_941.txt",181,52.0917348066298,9.21804972375691,5.96379474451974,5.73731159643187,7.18173076923077,13.7001146788991,2.06791066893417,0.176958009902632
"GT_spanishjapanese_100from75gen_094from50gen_082from20gen_sim_1303.txt",276,53.4875724637681,9.46127173913044,6.09122477586385,6.05077787037317,7.25023901393171,13.6106315311222,1.99988846254937,0.176887289950192
"GT_spanishjapanese_100from75gen_sim_057.txt",100,78.86592,14.56697,5.85138284904075,5.49326304372139,6.76207148221724,12.8627423234753,1.92626139722717,0.184705510314214
"GT_spanishjapanese_100from75gen_sim_136.txt",100,79.22916,15.23185,5.63348610592528,5.386592335439,6.59961233498794,12.0015192240271,1.78154895368905,0.192250555224869
"GT_spanishjapanese_101from20gen_sim_187.txt",101,20.9589207920792,4.215,5.39354085737205,5.51170230678565,6.94542483660131,12.0425273390036,2.07411886313966,0.201107683063191
"GT_spanishjapanese_101from50gen_097from75gen_191from20gen_sim_1141.txt",389,43.2434138817481,7.98364267352185,5.96596143022146,5.83600991098467,7.12415575752522,13.7001146788991,2.15690841723841,0.184621008307846
"GT_spanishjapanese_101from75gen_sim_085.txt",101,76.7436633663366,13.747801980198,6.04085245839529,5.76937038427838,7.17676902536716,12.0015192240271,1.88328129651657,0.179139245862851
"GT_spanishjapanese_102from20gen_042from75gen_sim_694.txt",144,37.1454722222222,7.12007638888889,5.72377556782026,5.71097229243398,6.90124627840167,10.6051045728465,1.86881523239936,0.191680868836265
"GT_spanishjapanese_102from50gen_sim_233.txt",102,54.7157058823529,9.53741176470588,6.51620698130336,6.52840967643088,7.80507111864294,11.2544002903284,1.9399091286856,0.174308484390437
"GT_spanishjapanese_102from75gen_045from20gen_sim_695.txt",147,59.4734421768707,10.7141632653061,5.93389320928879,5.76937038427838,7.16827382888201,11.8285859613428,1.81694315336998,0.180150380962359
"GT_spanishjapanese_102from75gen_152from50gen_sim_717.txt",254,64.3596653543307,11.2466811023622,6.38979043719565,6.28123158881673,7.57007104278299,13.3470899470899,2.0353292930438,0.174747352094574
"GT_spanishjapanese_103from20gen_065from50gen_sim_582.txt",168,32.6195714285714,6.04686309523809,6.11244177278165,6.18579163613116,7.46250590045087,13.6106315311222,2.12809307773302,0.185375307841772
"GT_spanishjapanese_103from50gen_sim_309.txt",103,53.4991262135922,9.11463106796116,6.64955205948369,6.55284468438538,7.79556738236989,11.8262169086251,1.94772938564629,0.170369718405708
"GT_spanishjapanese_103from75gen_158from50gen_051from20gen_sim_1346.txt",312,55.5702115384615,9.7921891025641,6.17965438026467,6.06140651058702,7.29552617628999,13.7001146788991,2.06999147923995,0.176212917523027
"GT_spanishjapanese_103from75gen_278from50gen_sim_953.txt",381,60.2181128608924,10.3922073490814,6.36359120727896,6.15925130408101,7.34249628528975,13.6106315311222,1.92124524839501,0.17257610468611
"GT_spanishjapanese_104from20gen_140from75gen_sim_916.txt",244,54.5045163934426,10.0003852459016,5.84399420356614,5.62137717325538,7.12362743495653,12.0425273390036,2.03198520403338,0.18347810250647
"GT_spanishjapanese_104from20gen_167from50gen_150from75gen_sim_1072.txt",421,54.9560498812352,9.68508076009501,6.12582401799421,5.97477307556289,7.35028823329942,13.6106315311222,2.00528726150272,0.176233204188171
"GT_spanishjapanese_104from50gen_046from75gen_056from20gen_sim_1237.txt",206,50.5253786407767,8.69382038834951,6.22367329087537,5.93405324434845,7.32701043235929,12.8627423234753,1.96539789224911,0.172068386664858
"GT_spanishjapanese_104from50gen_117from75gen_sim_782.txt",221,65.5972895927602,11.8320588235294,6.16100614443614,6.0560805769709,7.52813770925943,11.2544002903284,1.91564764352702,0.180374202912727
"GT_spanishjapanese_104from50gen_sim_227.txt",104,52.7417211538462,9.57409615384615,6.3954235283058,6.34798537993761,7.37801546043319,13.6106315311222,2.20620048075962,0.181527943047569
"GT_spanishjapanese_105from20gen_020from75gen_145from50gen_sim_1406.txt",270,42.3303925925926,7.58949259259259,6.0695328178125,6.0154268262669,7.27383952332686,13.7001146788991,2.23964931277936,0.179291807322398
"GT_spanishjapanese_105from20gen_044from75gen_sim_869.txt",149,37.2192483221476,7.22606040268456,5.51024970475336,5.38982725527831,6.86583894998226,12.0425273390036,1.97417685065878,0.194148477694662
"GT_spanishjapanese_105from20gen_051from75gen_100from50gen_sim_1077.txt",256,44.36740625,8.1926953125,6.00640297450144,6.07717048180035,7.04436644484244,13.6106315311222,2.04116969238664,0.184655719253365
"GT_spanishjapanese_105from20gen_sim_186.txt",105,21.1611714285714,4.03924761904762,5.70075453172682,5.84244372990354,6.87391841779975,10.0597510373444,1.84693810027967,0.190880152012468
"GT_spanishjapanese_105from20gen_sim_339.txt",105,21.5408666666667,4.0966,5.85255338994775,5.96809895833333,7.47811191473163,12.0425273390036,2.15588561176455,0.190178049165462
"GT_spanishjapanese_105from20gen_sim_476.txt",105,21.0003238095238,4.13819047619048,5.55038431107481,5.56240301485258,6.88734567901235,13.7001146788991,1.99654648018936,0.197053650873411
"GT_spanishjapanese_105from50gen_063from20gen_sim_561.txt",168,41.7977797619048,7.18434523809524,6.39700568509244,6.47121663325048,7.43608508249476,13.6106315311222,1.98872801566988,0.171883417708306
"GT_spanishjapanese_105from50gen_071from20gen_sim_508.txt",176,41.1260681818182,7.21057954545455,5.94483389402739,5.88124317330408,7.0185935324907,11.7755392755393,1.92267619806975,0.175328687234982
"GT_spanishjapanese_105from75gen_sim_268.txt",105,77.041580952381,14.0147619047619,6.01696002017561,5.90465559130606,7.23581057112451,11.8467201261996,1.96072200177936,0.181911660320475
"GT_spanishjapanese_106from20gen_029from50gen_sim_892.txt",135,29.2318222222222,5.09545185185185,6.08660324130712,6.1864406779661,7.39618672694828,11.6125806451613,2.03004093504904,0.174311810365974
"GT_spanishjapanese_106from20gen_175from75gen_sim_618.txt",281,57.228793594306,10.476,5.88952722288329,5.76937038427838,7.16601009820785,10.0597510373444,1.83254400819198,0.183054706242179
"GT_spanishjapanese_106from50gen_sim_344.txt",106,55.322820754717,8.75841509433962,6.7474736193569,6.41487106447266,7.80346364516367,11.7236090716267,1.90680920458436,0.158314687770017
"GT_spanishjapanese_106from75gen_sim_145.txt",106,80.1250566037736,14.2921320754717,6.02159796554946,5.82443343007387,7.20531224961005,12.0015192240271,1.76203017949613,0.178372817209325
"GT_spanishjapanese_107from20gen_020from50gen_092from75gen_sim_1159.txt",219,48.429698630137,8.95770319634703,5.8661119785823,5.76031781063783,6.97313654564651,13.7001146788991,2.06533103032691,0.18496301752274
"GT_spanishjapanese_107from50gen_039from75gen_sim_822.txt",146,59.0112534246575,10.6263767123288,6.26808507916503,6.17253896581271,7.33643144750717,13.3470899470899,2.0918246315752,0.180073733324373
"GT_spanishjapanese_107from75gen_063from20gen_172from50gen_sim_1315.txt",342,55.2039005847953,9.75577485380117,6.14587428261477,6.04790829542817,7.34712552702233,13.3470899470899,2.00600390206137,0.176722563993751
"GT_spanishjapanese_107from75gen_sim_393.txt",107,81.0085140186916,14.2177289719626,6.12350806449,5.75489469785162,7.20221003312636,11.8467201261996,1.75636082481886,0.175509070178501
"GT_spanishjapanese_107from75gen_sim_492.txt",107,78.9977757009346,14.2001869158878,6.07564763289763,6.05780735865989,7.17924989729896,12.8627423234753,1.9764651383684,0.179754262571216
"GT_spanishjapanese_108from20gen_sim_193.txt",108,21.3836481481481,4.22015740740741,5.63417246777573,5.7114251091753,6.6993086346591,12.0425273390036,2.05073573992224,0.197354416709895
"GT_spanishjapanese_108from50gen_093from20gen_sim_818.txt",201,39.3022885572139,6.63365174129353,6.21836559907319,6.20770113476986,7.42179089871147,12.0425273390036,1.96355097892015,0.168785380821696
"GT_spanishjapanese_108from50gen_148from75gen_sim_692.txt",256,69.015203125,12.10259765625,6.23474066099953,5.83895184503412,7.27917158963454,13.3470899470899,2.01830555723361,0.17536132776904
"GT_spanishjapanese_108from50gen_162from75gen_sim_899.txt",270,68.287037037037,12.3500074074074,6.08901653536893,5.81984980293358,7.16707615826076,12.8627423234753,1.9541596392421,0.180854345762712
"GT_spanishjapanese_108from50gen_sim_061.txt",108,54.4729166666667,8.68599074074074,6.69699457341686,6.57057693898849,7.73215448528107,11.7236090716267,1.91217634644178,0.159455216872129
"GT_spanishjapanese_108from75gen_024from50gen_048from20gen_sim_1474.txt",180,61.1894388888889,10.6758888888889,6.08982627278164,5.89669278421138,7.3060321489727,13.7001146788991,2.03485926686052,0.174472737170784
"GT_spanishjapanese_108from75gen_sim_033.txt",108,77.7587777777778,14.4776666666667,5.79262807144247,5.49374911628977,6.89365972809282,12.0015192240271,1.79920093182746,0.186186911374064
"GT_spanishjapanese_109from20gen_sim_010.txt",109,21.1972385321101,4.05551376146789,5.88107113539226,6.11155644622579,7.40161104718067,13.7001146788991,2.32229751067322,0.19132274023923
"GT_spanishjapanese_109from50gen_sim_158.txt",109,56.0005229357798,8.57443119266055,6.92191188339088,6.70909090909091,7.84880668257756,13.3470899470899,1.81469290197646,0.15311341293176
"GT_spanishjapanese_109from50gen_sim_399.txt",109,55.5862110091743,8.62642201834862,6.93664219863996,6.74955153856768,8.27003014437569,13.3470899470899,2.10322432208907,0.155189962793558
"GT_spanishjapanese_110from20gen_294from50gen_148from75gen_sim_1094.txt",552,54.2286539855072,9.34289130434783,6.26488917161559,6.14643465957615,7.43030200301835,13.6106315311222,1.99550382087492,0.172286985158155
"GT_spanishjapanese_110from50gen_sim_338.txt",110,54.8660272727273,8.92316363636364,6.58408968807118,6.40189028753249,7.62143067502058,11.8262169086251,1.92969483979773,0.162635497409144
"GT_spanishjapanese_111from50gen_064from75gen_sim_866.txt",175,64.1868685714286,10.8870057142857,6.31363571953007,6.14890771288453,7.31688139320073,11.8262169086251,1.66634591397553,0.169614221048506
"GT_spanishjapanese_111from50gen_sim_363.txt",111,52.2822972972973,9.12806306306306,6.53719069293626,6.41646191646192,7.72446035806272,13.3470899470899,2.16317470124505,0.174591851064948
"GT_spanishjapanese_112from20gen_206from75gen_sim_967.txt",318,58.077606918239,10.8546823899371,5.74650371892843,5.59090495488974,6.99388979822126,13.7001146788991,1.97425080762873,0.186899615289215
"GT_spanishjapanese_113from20gen_025from50gen_sim_835.txt",138,27.4003985507246,4.90767391304348,5.83311689279227,5.73278548007527,7.0300500296541,11.7236090716267,1.96317738488669,0.179109581342702
"GT_spanishjapanese_113from75gen_sim_202.txt",113,77.8528938053097,14.3718053097345,5.82746246949995,5.60093719295594,7.03965380199594,11.8285859613428,1.7259077391963,0.184602069457749
"GT_spanishjapanese_114from20gen_022from50gen_066from75gen_sim_1420.txt",202,43.1660198019802,8.06621287128713,5.87739340076232,5.97143601694811,7.38382935007499,11.8285859613428,2.08201650934909,0.18686487446121
"GT_spanishjapanese_114from20gen_sim_356.txt",114,21.0798859649123,4.11488596491228,5.61303193503138,5.74881470353485,7.29959503489032,10.2322111706197,2.15380695592728,0.195204375002861
"GT_spanishjapanese_114from50gen_sim_288.txt",114,53.1312631578947,8.60051754385965,6.54962775451485,6.19148403888054,7.75534848657156,11.7755392755393,1.75199756233089,0.161873010967211
"GT_spanishjapanese_114from75gen_046from20gen_088from50gen_sim_1145.txt",248,58.2079758064516,10.3996330645161,6.12167198687689,6.00975735845014,7.29552617628999,12.0015192240271,1.95605356128438,0.178663369073272
"GT_spanishjapanese_114from75gen_141from50gen_098from20gen_sim_1313.txt",353,53.2949121813031,9.17195750708215,6.22701153433506,6.04374838208646,7.34846461949266,13.6106315311222,2.01218129468041,0.172098182203213
"GT_spanishjapanese_114from75gen_218from20gen_029from50gen_sim_1307.txt",361,41.6686232686981,7.70985318559557,5.82492644974696,5.74962311557789,7.12415575752522,13.7001146788991,2.14089243964664,0.185027787836401
"GT_spanishjapanese_114from75gen_sim_053.txt",114,79.1894122807018,14.447149122807,5.97118973219326,5.61779972461167,7.16662052134017,12.8627423234753,1.9765311911361,0.182437887928709
"GT_spanishjapanese_115from20gen_034from75gen_096from50gen_sim_1308.txt",245,42.5877428571429,7.39968163265306,6.06958227632338,5.82938758151403,7.26136974518869,13.7001146788991,2.15918613779337,0.173751439644846
"GT_spanishjapanese_115from20gen_042from75gen_059from50gen_sim_1142.txt",216,41.612875,7.35213888888889,5.94857790195005,5.9625080705238,7.06414084743863,12.0425273390036,1.97353930116488,0.17667942647291
"GT_spanishjapanese_115from20gen_224from50gen_081from75gen_sim_1060.txt",420,49.8138119047619,8.74487142857143,6.14449352635631,6.03811203313886,7.30554403126842,13.7001146788991,1.99310926593781,0.175551139215979
"GT_spanishjapanese_115from75gen_064from20gen_sim_567.txt",179,57.6774860335195,10.7090837988827,5.79001807699079,5.76031781063783,6.96100323276007,11.8467201261996,1.69707458644429,0.185671819896225
"GT_spanishjapanese_116from20gen_195from50gen_sim_877.txt",311,41.6409935691318,7.26269131832797,6.1976102519105,6.16235211432587,7.35918564675172,13.7001146788991,2.00655318101059,0.174412056385507
"GT_spanishjapanese_116from75gen_165from20gen_sim_821.txt",281,45.1660177935943,8.33133807829181,5.8317359588798,5.68751835535977,7.16418755052547,13.7001146788991,1.94824130938469,0.184460319622719
"GT_spanishjapanese_117from20gen_090from50gen_sim_879.txt",207,35.0388888888889,6.54395652173913,5.89211905578366,5.80720506730008,6.94353111594994,11.4126544917912,1.98981458906113,0.18676267225512
"GT_spanishjapanese_117from20gen_sim_030.txt",117,21.0357094017094,4.13486324786325,5.60276792623641,5.6884239888424,6.99416594641314,10.6051045728465,2.0808870498565,0.196564003091203
"GT_spanishjapanese_117from50gen_079from75gen_sim_596.txt",196,64.5877295918367,10.7040051020408,6.4829927020523,6.29124004690281,7.57536523896533,13.6106315311222,1.88532213900223,0.165728152540505
"GT_spanishjapanese_117from75gen_119from20gen_sim_527.txt",236,50.4395042372881,9.49371610169491,5.69762401868006,5.58427172222073,6.87873616152775,12.0425273390036,1.95867032658569,0.188219853570181
"GT_spanishjapanese_118from20gen_148from75gen_212from50gen_sim_1447.txt",478,53.5625125523013,9.33105439330544,6.14568231084618,6.03749326275184,7.2668216850255,13.6106315311222,1.94277891186387,0.174208675968927
"GT_spanishjapanese_118from20gen_197from50gen_sim_588.txt",315,41.5054285714286,7.2482126984127,6.17813635870476,6.08440133933726,7.42352580856778,13.7001146788991,2.10835963452478,0.174632884128372
"GT_spanishjapanese_118from20gen_sim_325.txt",118,21.1537288135593,4.1975593220339,5.47757632878255,5.58331877182547,6.77462949269826,10.6051045728465,1.88754953183132,0.198431177738428
"GT_spanishjapanese_118from75gen_047from20gen_111from50gen_sim_1182.txt",276,60.0191992753623,10.614347826087,6.07916020751128,5.85050205528746,7.12581489302057,13.3470899470899,1.92372852406535,0.176849207490912
"GT_spanishjapanese_118from75gen_sim_462.txt",118,79.1092118644068,14.1309491525424,6.03410162995943,5.60690089865818,7.26660924953626,11.8467201261996,1.87507886334289,0.178625836606271
"GT_spanishjapanese_118from75gen_sim_499.txt",118,81.0843813559322,14.8221016949153,5.9921428665906,5.68713588863386,7.25438233267413,12.0015192240271,1.98314790924348,0.182798480386147
"GT_spanishjapanese_119from50gen_039from75gen_146from20gen_sim_1477.txt",304,42.199052631579,7.47825986842105,5.99766155060638,6.09098300852325,7.32342894937122,11.8467201261996,2.0416635262982,0.177213927850713
"GT_spanishjapanese_119from50gen_098from20gen_101from75gen_sim_1479.txt",318,51.4863742138365,9.12920125786163,6.11768741732498,6.0474116658027,7.25912940296127,13.7001146788991,2.03807437310249,0.177312957015494
"GT_spanishjapanese_119from75gen_036from20gen_100from50gen_sim_1368.txt",255,59.9277176470588,10.9996901960784,6.04150906628792,5.78445438433623,7.29103661292545,12.8627423234753,1.98532018921341,0.183549292847436
"GT_spanishjapanese_119from75gen_142from20gen_056from50gen_sim_1338.txt",317,49.3731861198738,8.91471293375394,5.95907412520844,5.99103321785205,7.04250102165917,13.6106315311222,2.07101606213409,0.18055778114278
"GT_spanishjapanese_119from75gen_sim_060.txt",119,79.5403781512605,14.8211932773109,5.80169514491887,5.56415915253169,7.01419511806442,12.0015192240271,1.83222536191473,0.186335464097565
"GT_spanishjapanese_120from20gen_sim_185.txt",120,20.782375,4.0493,5.52757037895115,5.57663059100236,6.81188519167156,10.2322111706197,1.76480145934791,0.194842985943618
"GT_spanishjapanese_120from50gen_052from75gen_sim_732.txt",172,60.9475697674419,10.206523255814,6.55685630721526,6.28123158881673,7.78967743857521,13.3470899470899,1.98050047370962,0.167463990685093
"GT_spanishjapanese_120from50gen_sim_297.txt",120,52.3987333333333,9.368125,6.39805545175313,6.18124394461487,7.7174777331375,13.6106315311222,2.13910479506111,0.178785333233246
"GT_spanishjapanese_120from75gen_sim_343.txt",120,77.5091333333333,13.8245583333333,5.96899423072306,5.73791572714518,6.80722235292362,11.8467201261996,1.6595508022148,0.178360378174787
"GT_spanishjapanese_121from20gen_sim_226.txt",121,21.5873140495868,4.02179338842975,5.7991591824284,5.84244372990354,7.04250102165917,12.0425273390036,1.9106053494082,0.186303556764476
"GT_spanishjapanese_122from20gen_041from75gen_sim_606.txt",163,35.1849325153374,6.49966257668712,5.78460021109815,5.59517426273458,6.89004189313712,13.7001146788991,2.00608862627294,0.184728578741876
"GT_spanishjapanese_122from50gen_088from20gen_063from75gen_sim_1452.txt",273,48.9050476190476,8.36591208791209,6.14227548751755,5.85248800202071,7.28444726005702,13.6106315311222,1.94537718939565,0.171064388957955
"GT_spanishjapanese_122from50gen_210from20gen_sim_676.txt",332,33.7649939759036,5.8265,6.09165254413801,6.15454076026717,7.40347904515224,13.7001146788991,2.13738218098467,0.172560374337934
"GT_spanishjapanese_123from20gen_sim_020.txt",123,21.6174308943089,4.09860162601626,5.76976080441596,5.74672825250192,6.9255924069276,13.7001146788991,2.02760409011392,0.189597073123766
"GT_spanishjapanese_123from20gen_sim_244.txt",123,21.1297235772358,4.16529268292683,5.56049775486002,5.5757793764988,6.94353111594994,10.5448888888889,1.98330081186578,0.197129539707483
"GT_spanishjapanese_123from50gen_134from75gen_sim_994.txt",257,68.6327431906615,11.9206926070039,6.25005922304737,5.97477307556289,7.29655599092596,12.0015192240271,1.85905178897021,0.173688126873907
"GT_spanishjapanese_123from50gen_sim_305.txt",123,54.6858455284553,8.77739837398374,6.65121419412107,6.16,7.84894145021306,11.8262169086251,2.00350434521285,0.160505854653312
"GT_spanishjapanese_123from75gen_026from50gen_sim_909.txt",149,75.2854765100671,13.1805100671141,6.19528987602719,5.79656160458453,7.28444726005702,13.3470899470899,1.95372826108411,0.175073741684448
"GT_spanishjapanese_123from75gen_sim_148.txt",123,80.3652764227642,14.662487804878,5.95055684068622,5.63466225626741,7.10141305881801,11.8467201261996,1.84509010214687,0.182448047932362
"GT_spanishjapanese_124from20gen_107from50gen_sim_693.txt",231,36.498367965368,6.32864069264069,5.99814799678149,5.96809895833333,7.0101280543785,13.3470899470899,1.9604851650883,0.173395169303069
"GT_spanishjapanese_124from20gen_sim_004.txt",124,20.7923790322581,4.17490322580645,5.41825793844358,5.42770192368046,6.65376748831121,10.5448888888889,1.94005467509802,0.200790069252266
"GT_spanishjapanese_124from20gen_sim_266.txt",124,21.8492419354839,4.10562903225806,5.77838459077253,5.74057724100506,7.13983561465333,10.5448888888889,1.92694827953682,0.187907161464966
"GT_spanishjapanese_124from50gen_074from20gen_sim_673.txt",198,41.6265202020202,7.00662121212121,6.22146644083372,6.11623220882455,7.41674593582877,13.6106315311222,2.11798612726449,0.16832108901049
"GT_spanishjapanese_124from50gen_sim_383.txt",124,54.3747580645161,8.62160483870968,6.73565222387803,6.34798537993761,7.78784064652551,13.6106315311222,1.94997603522427,0.158558955397651
"GT_spanishjapanese_124from50gen_sim_397.txt",124,54.7183629032258,8.76041935483871,6.5795425442378,6.26911299930503,7.59601945965565,11.8262169086251,1.8071791749007,0.160100172776226
"GT_spanishjapanese_125from50gen_sim_395.txt",125,55.60172,8.847928,6.72565658884569,6.4359325125399,7.80557398805574,13.6106315311222,2.04790685475653,0.159130472942204
"GT_spanishjapanese_125from75gen_036from50gen_087from20gen_sim_1317.txt",248,54.8929153225806,9.71327419354839,5.93372992874284,5.81744766339041,7.09609367917401,12.8627423234753,1.89150616770426,0.176949504985623
"GT_spanishjapanese_126from20gen_022from50gen_078from75gen_sim_1412.txt",226,43.5728672566372,8.10202654867257,5.80132940205564,5.61732784698997,7.0300500296541,13.7001146788991,2.06784966140582,0.185942010677262
"GT_spanishjapanese_126from20gen_113from50gen_088from75gen_sim_1028.txt",327,48.7382721712538,8.4805993883792,6.13871496698102,6.03123814341722,7.42768555864225,13.6106315311222,2.04757368231864,0.174002873113362
"GT_spanishjapanese_126from20gen_sim_355.txt",126,21.2786349206349,4.30359523809524,5.52534303931954,5.38978607017515,6.8839888637092,13.7001146788991,2.20903724459922,0.202249592332722
"GT_spanishjapanese_126from50gen_sim_441.txt",126,54.3198888888889,8.81088095238095,6.59084029375356,6.20459268241276,7.71503527197711,13.3470899470899,1.93801636979962,0.162203589377798
"GT_spanishjapanese_126from50gen_sim_448.txt",126,52.887373015873,9.21871428571429,6.40369277091767,6.19118755136373,7.69966232532711,13.3470899470899,1.92897948242536,0.174308417303077
"GT_spanishjapanese_126from50gen_sim_490.txt",126,55.003,8.54844444444444,6.81776172799189,6.41498654642205,7.80507111864294,13.6106315311222,1.90429778533035,0.155417785292519
"GT_spanishjapanese_126from75gen_077from50gen_sim_602.txt",203,69.1708768472906,12.4039950738916,6.13786513084461,5.83600991098467,7.22683146145714,11.8467201261996,1.9392791499677,0.179323953074588
"GT_spanishjapanese_126from75gen_128from20gen_021from50gen_sim_1232.txt",275,49.9700909090909,9.10932363636364,5.83800874022682,5.7344262295082,7.10334428609232,13.3470899470899,1.90723718477452,0.182295518592031
"GT_spanishjapanese_127from50gen_161from75gen_020from20gen_sim_1144.txt",308,64.4081850649351,11.4835909090909,6.19735024966512,5.96122940950021,7.4131049452197,13.3470899470899,1.94004328148125,0.178293968344448
"GT_spanishjapanese_128from20gen_104from75gen_164from50gen_sim_1194.txt",396,50.5553737373737,8.66065151515152,6.24238566920277,6.09042696227239,7.40347904515224,13.7001146788991,2.07713077860015,0.171310206510233
"GT_spanishjapanese_128from50gen_228from75gen_139from20gen_sim_1135.txt",495,55.9271474747475,10.0970606060606,6.04361634234063,5.78823390151515,7.16827382888201,13.7001146788991,2.01382341694664,0.180539524398588
"GT_spanishjapanese_128from75gen_046from20gen_078from50gen_sim_1156.txt",252,60.5048888888889,10.8146349206349,6.03374494041527,5.7586896894689,6.99278522139357,11.8467201261996,1.83675843637194,0.17873985258439
"GT_spanishjapanese_129from50gen_129from75gen_sim_629.txt",258,65.7191744186047,11.5657480620155,6.3271790615686,6.09773493549222,7.44001963304732,13.3470899470899,2.11181750241143,0.175987421697454
"GT_spanishjapanese_129from75gen_061from20gen_056from50gen_sim_1249.txt",246,58.3199105691057,10.6835243902439,5.96614584934012,5.83895184503412,7.16023157198501,13.3470899470899,1.96835925373066,0.1831882848583
"GT_spanishjapanese_129from75gen_081from20gen_043from50gen_sim_1458.txt",253,55.8193320158103,10.1569051383399,5.86754349064202,5.65351556995914,7.0786703601108,11.8262169086251,1.87838522669912,0.181960349068009
"GT_spanishjapanese_129from75gen_097from50gen_131from20gen_sim_1436.txt",357,51.3948599439776,9.24101120448179,6.00309845751775,6.02059925093633,7.1895934085617,13.7001146788991,1.96297135159847,0.179804190818982
"GT_spanishjapanese_129from75gen_099from20gen_079from50gen_sim_1114.txt",307,54.1687133550489,9.57341693811075,6.0776385230248,5.92071973827699,7.35536583029777,13.6106315311222,1.94563385964281,0.176733327139631
"GT_spanishjapanese_130from20gen_115from50gen_177from75gen_sim_1184.txt",422,53.4455521327014,9.89193838862559,5.93508569419462,5.79086082169091,7.04809729120898,13.7001146788991,1.90885568130273,0.18508440822287
"GT_spanishjapanese_130from20gen_235from75gen_sim_718.txt",365,58.2062438356164,10.5797452054795,5.87393176883613,5.73367952522255,7.12415575752522,12.8627423234753,1.93487555192596,0.181763063690526
"GT_spanishjapanese_130from20gen_sim_052.txt",130,21.2205923076923,4.13227692307692,5.59168024507911,5.3696840433581,6.8839888637092,13.7001146788991,2.04739798105703,0.194729575082549
"GT_spanishjapanese_130from50gen_050from75gen_112from20gen_sim_1322.txt",292,46.2701575342466,8.02208904109589,6.1419390589501,6.19859731779292,7.1399521025329,13.6106315311222,2.08625652932236,0.173375010343511
"GT_spanishjapanese_130from50gen_073from75gen_116from20gen_sim_1111.txt",319,48.015,8.65823510971787,6.1098745799697,6.04474164133739,7.46424661352684,13.6106315311222,2.06031533049476,0.180323547010681
"GT_spanishjapanese_130from50gen_241from75gen_sim_641.txt",371,70.7560269541779,12.3981051212938,6.22067490287141,6.02865618510828,7.29912848785331,13.6106315311222,1.90569347932,0.17522330824656
"GT_spanishjapanese_130from75gen_080from50gen_230from20gen_sim_1097.txt",440,44.7408659090909,7.97813181818182,5.93452405147826,5.77458156519619,7.12528657045188,13.7001146788991,1.99938531119686,0.178318672561962
"GT_spanishjapanese_130from75gen_120from20gen_175from50gen_sim_1175.txt",425,51.6033482352941,9.24799764705882,6.12036980655805,6.04374838208646,7.21154617132166,13.7001146788991,1.98912988914063,0.179213131769881
"GT_spanishjapanese_130from75gen_sim_222.txt",130,79.0710692307692,14.9277153846154,5.84297329662581,5.62137717325538,7.01575696444626,12.0015192240271,1.96145447729346,0.188788586392436
"GT_spanishjapanese_130from75gen_sim_416.txt",130,78.5651384615385,13.7124615384615,6.13130988555973,5.7586896894689,7.18049033326487,12.8627423234753,1.87406758863177,0.174536210423335
"GT_spanishjapanese_131from50gen_081from20gen_sim_995.txt",212,41.3190424528302,7.35186320754717,6.15110925191217,6.15743576088844,7.37844396269016,11.8262169086251,2.04379135503114,0.177929176745566
"GT_spanishjapanese_131from50gen_089from75gen_sim_687.txt",220,63.9878409090909,10.7319909090909,6.42347310759996,6.19859731779292,7.34645378357086,13.6106315311222,1.83938748109713,0.167719222224393
"GT_spanishjapanese_131from50gen_sim_410.txt",131,51.8917480916031,9.32608396946565,6.23579139219816,6.15517072693474,7.31208008374622,13.6106315311222,1.85561794150406,0.179721907864861
"GT_spanishjapanese_131from75gen_276from50gen_222from20gen_sim_1450.txt",629,47.4101240063593,8.33315898251192,6.15256738081217,6.0699639477242,7.33857988165681,13.7001146788991,2.03531527521008,0.175767500236746
"GT_spanishjapanese_132from20gen_170from50gen_sim_839.txt",302,39.8532947019868,6.75287748344371,6.15567710965586,6.15781010884794,7.3573243521496,13.6106315311222,1.98097694082301,0.16944339317339
"GT_spanishjapanese_132from50gen_078from20gen_sim_653.txt",210,42.0877714285714,7.37509047619048,6.35132199261073,6.18585055554904,7.56110222625612,13.7001146788991,2.10060226188863,0.175231194854472
"GT_spanishjapanese_132from50gen_110from75gen_043from20gen_sim_1310.txt",285,59.4379754385965,10.0755578947368,6.3181771169502,6.0560805769709,7.34323696062763,13.6106315311222,1.95313345023485,0.16951381369215
"GT_spanishjapanese_132from75gen_sim_169.txt",132,76.6729318181818,14.3430151515152,5.83592716386834,5.41652937103699,6.97770984753389,12.0015192240271,1.94140377665899,0.187067519284738
"GT_spanishjapanese_133from20gen_041from75gen_sim_987.txt",174,35.2599655172414,6.32416666666667,5.80887996109961,5.62137691631992,6.99379872321957,12.0425273390036,2.16674894779182,0.179358277125208
"GT_spanishjapanese_133from20gen_050from50gen_237from75gen_sim_1176.txt",420,58.1019285714286,10.2313571428571,6.11251073065671,6.03401799442364,7.23028857014818,13.7001146788991,2.0026696131939,0.176093244999244
"GT_spanishjapanese_133from20gen_075from75gen_094from50gen_sim_1370.txt",302,45.6677218543046,8.14078145695364,6.09424508469714,6.05077787037317,7.33320320392553,13.7001146788991,2.0057090706869,0.178261168422753
"GT_spanishjapanese_133from20gen_087from75gen_025from50gen_sim_1337.txt",245,45.6474204081633,8.27441224489796,5.92321620402288,5.68751835535977,7.11564699512723,12.0425273390036,1.92350589076483,0.181267904536797
"GT_spanishjapanese_133from20gen_170from75gen_sim_574.txt",303,53.5457689768977,9.95663366336634,5.80803528579388,5.68875502008032,7.17210026848945,12.8627423234753,1.92514377465088,0.185946226071795
"GT_spanishjapanese_133from20gen_293from50gen_102from75gen_sim_1339.txt",528,50.636384469697,8.70825189393939,6.24412372095867,6.12734575808414,7.42265835363963,13.6106315311222,1.97842681023363,0.171976178495737
"GT_spanishjapanese_133from20gen_sim_152.txt",133,21.924954887218,4.18607518796992,5.77882166889743,5.70576816417083,6.99416594641314,13.7001146788991,2.15325256965918,0.190927425369999
"GT_spanishjapanese_133from20gen_sim_255.txt",133,20.8203458646617,4.02151879699248,5.6296802599665,5.59517426273458,6.91485714285714,13.7001146788991,2.0540190345269,0.193153313740969
"GT_spanishjapanese_133from20gen_sim_496.txt",133,21.5658045112782,4.03066917293233,5.85653081534191,6.03488681757656,7.12345132743363,13.7001146788991,2.11967247638261,0.186900941758256
"GT_spanishjapanese_133from50gen_086from75gen_171from20gen_sim_1389.txt",390,45.3293282051282,8.13136153846154,5.95807420327097,5.83750824256319,7.0696280254979,13.6106315311222,1.96222804814072,0.179384117533461
"GT_spanishjapanese_133from50gen_sim_413.txt",133,53.2223383458647,8.92212030075188,6.70088004665421,6.46003227541689,7.71049510821227,13.6106315311222,2.04098084384288,0.167638637798505
"GT_spanishjapanese_134from50gen_036from75gen_134from20gen_sim_1192.txt",304,43.2889605263158,7.42096381578947,6.08623117848019,6.02591869717678,7.3283716383245,13.6106315311222,1.98727895428359,0.171428551888609
"GT_spanishjapanese_134from50gen_054from20gen_sim_679.txt",188,43.7282606382979,7.70812765957447,6.16851861819662,6.15148832792206,7.37073902245256,13.6106315311222,2.01328621480615,0.176273365257606
"GT_spanishjapanese_134from75gen_056from50gen_sim_943.txt",190,70.6656789473684,12.5862210526316,6.15115916683083,5.87892030484054,7.27228808782389,12.8627423234753,1.97229057187751,0.178109391151619
"GT_spanishjapanese_134from75gen_sim_029.txt",134,77.6402537313433,14.1123731343284,5.97158089355294,5.63762725415629,7.11278440817162,11.8467201261996,1.79900478226773,0.181766190295579
"GT_spanishjapanese_135from20gen_144from50gen_sim_593.txt",279,38.7416164874552,6.54884946236559,6.17963056249401,6.12156458118375,7.34937642639604,13.7001146788991,2.0539648815302,0.169039138170349
"GT_spanishjapanese_135from75gen_071from20gen_sim_519.txt",206,59.487213592233,10.917286407767,5.90489179685044,5.71121727265144,7.08771191784894,12.8627423234753,1.99135487945984,0.183523243878957
"GT_spanishjapanese_135from75gen_076from50gen_181from20gen_sim_1482.txt",392,48.2152602040816,8.50946428571429,6.01905581702864,5.83604758905584,7.17997512116579,13.7001146788991,1.87898428900332,0.176489025459909
"GT_spanishjapanese_135from75gen_292from50gen_sim_521.txt",427,60.8666861826698,10.7286955503513,6.29964229571771,6.08440133933726,7.35918564675172,13.6106315311222,2.00194660177722,0.176265478264299
"GT_spanishjapanese_136from20gen_029from50gen_091from75gen_sim_1465.txt",256,45.45765234375,8.38405859375,5.78052715749017,5.69726159212557,7.13486753211329,11.4126544917912,1.91921917873636,0.184436682527067
"GT_spanishjapanese_136from20gen_083from50gen_025from75gen_sim_1287.txt",244,38.4595409836066,7.05432786885246,5.922290547882,5.75874659078697,7.0847623090748,13.7001146788991,2.00822513307078,0.183422050509115
"GT_spanishjapanese_136from20gen_sim_298.txt",136,21.3157132352941,3.97520588235294,5.84650205845412,6.01849456506018,7.28442509237335,13.7001146788991,2.05173499795042,0.186491807169318
"GT_spanishjapanese_136from50gen_212from75gen_037from20gen_sim_1334.txt",385,63.5981090909091,11.5027168831169,6.1315304583587,5.91786342321219,7.35610425240055,13.7001146788991,2.0629696773077,0.180865705718932
"GT_spanishjapanese_136from50gen_sim_084.txt",136,54.0815735294118,8.68023529411765,6.64000562601487,6.43493807464396,7.81383730800513,13.6106315311222,1.92656635624963,0.160502639395227
"GT_spanishjapanese_136from75gen_sim_106.txt",136,78.9550955882353,14.3756470588235,5.9013108800646,5.59750972398147,7.15670541958042,11.8467201261996,1.76536905202715,0.182073708501286
"GT_spanishjapanese_136from75gen_sim_263.txt",136,77.3992720588235,14.2285514705882,5.87185129804196,5.68246286763459,7.10004965771447,11.8467201261996,1.74939558490898,0.183833143285566
"GT_spanishjapanese_137from20gen_sim_491.txt",137,20.7850875912409,4.04980291970803,5.56593583125877,5.51170230678565,6.96383913484285,13.7001146788991,2.13694047632013,0.194841753826174
"GT_spanishjapanese_137from50gen_sim_220.txt",137,55.0210145985401,8.89108759124088,6.58860597011163,6.26078697421981,7.66716397667164,13.3470899470899,1.92171096148335,0.16159439545262
"GT_spanishjapanese_137from75gen_069from50gen_035from20gen_sim_1027.txt",241,64.3650414937759,11.0683692946058,6.09848901273058,5.86409448818898,7.26136974518869,12.8627423234753,1.95723339933623,0.171962435473239
"GT_spanishjapanese_138from50gen_025from20gen_048from75gen_sim_1331.txt",211,56.3334976303318,9.85843601895735,6.32354888747423,6.12156458118375,7.31952613810786,13.7001146788991,2.06034157379041,0.175001312427816
"GT_spanishjapanese_138from50gen_156from20gen_sim_631.txt",294,35.6570238095238,6.37314285714286,6.04949449038522,6.08137330659953,7.415381915659,13.7001146788991,2.14291924004951,0.178734571095657
"GT_spanishjapanese_138from50gen_163from75gen_sim_664.txt",301,67.4842458471761,12.0723720930233,6.15745750359655,5.97477307556289,7.16911614615227,13.6106315311222,1.97041495914729,0.178891709338535
"GT_spanishjapanese_138from50gen_sim_115.txt",138,53.9838913043478,8.93313043478261,6.42740297444366,6.28640848034563,7.42860533629702,11.8262169086251,1.75067612335721,0.165477704903113
"GT_spanishjapanese_138from75gen_033from20gen_032from50gen_sim_1350.txt",203,65.510157635468,11.549354679803,6.08358424330483,5.75489469785162,7.38422641841327,12.8627423234753,2.04660620944404,0.176298685527052
"GT_spanishjapanese_139from20gen_021from75gen_sim_642.txt",160,28.921625,5.23709375,5.79168118057225,5.96503361290893,6.98199027703834,13.7001146788991,1.97188353991208,0.18107882077857
"GT_spanishjapanese_139from20gen_sim_045.txt",139,21.4482877697842,4.19818705035971,5.58744934793531,5.70576816417083,6.88748402726134,10.2322111706197,1.9400180444788,0.195735300431488
"GT_spanishjapanese_139from20gen_sim_494.txt",139,21.7109352517986,4.08858992805755,5.88275784670425,5.8887299771167,7.4590765209408,10.6051045728465,2.09939510443044,0.188319382865777
"GT_spanishjapanese_139from50gen_117from20gen_094from75gen_sim_1387.txt",350,50.3606057142857,8.64071428571429,6.15973288600689,6.06140651058702,7.47568310194307,13.7001146788991,1.96089561146373,0.17157685383564
"GT_spanishjapanese_140from50gen_145from20gen_sim_827.txt",285,36.5424175438596,6.65876842105263,5.99583873158643,6.01864728192162,7.26311899482631,13.7001146788991,2.17724840533881,0.182220248921969
"GT_spanishjapanese_140from50gen_sim_081.txt",140,53.91315,9.27315,6.506871335961,6.4263126964503,7.6779967595568,13.3470899470899,1.98835431112667,0.17200163596451
"GT_spanishjapanese_141from20gen_068from75gen_sim_564.txt",209,40.6378468899522,7.44291866028708,5.74329988838003,5.7344262295082,6.94542483660131,12.0425273390036,1.98115618641739,0.183152386996354
"GT_spanishjapanese_141from20gen_270from50gen_sim_555.txt",411,42.679698296837,7.29526277372263,6.25590148132384,6.08247863247863,7.55954575430949,13.7001146788991,2.08261640175136,0.170930514151814
"GT_spanishjapanese_141from20gen_sim_142.txt",141,21.2748936170213,4.11387234042553,5.60132516651357,5.54946911196911,6.91485714285714,10.5448888888889,1.96159687954765,0.193367469397552
"GT_spanishjapanese_141from50gen_044from20gen_sim_959.txt",185,46.7230378378378,7.77245945945946,6.40822680703733,6.18514259429623,7.78757225433526,13.6106315311222,2.04902042078545,0.166351757487076
"GT_spanishjapanese_141from50gen_097from20gen_sim_989.txt",238,40.4458655462185,6.85000420168067,6.18934558221458,6.16050182958704,7.25380761863565,13.6106315311222,2.07035531186933,0.16936228485092
"GT_spanishjapanese_141from50gen_097from75gen_141from20gen_sim_1086.txt",379,48.6269551451187,8.59067018469657,6.18288127181077,6.16235211432587,7.52557154674915,13.6106315311222,2.17533010736617,0.176664776954658
"GT_spanishjapanese_142from20gen_058from50gen_173from75gen_sim_1195.txt",373,53.0526434316354,9.56185522788204,6.02191695086638,5.8485161085542,7.29655599092596,13.7001146788991,2.01854589529319,0.180233342004977
"GT_spanishjapanese_142from20gen_079from50gen_118from75gen_sim_1299.txt",339,49.3293864306785,9.01189675516224,5.83230642139198,5.64059225204516,6.97106606456551,13.7001146788991,2.01874414720573,0.182688198804712
"GT_spanishjapanese_142from20gen_sim_118.txt",142,21.058323943662,4.12346478873239,5.61407153534148,5.7114251091753,6.92009060992836,12.0425273390036,1.95926546693529,0.195811632481485
"GT_spanishjapanese_142from50gen_026from75gen_093from20gen_sim_1302.txt",261,43.5900344827586,7.61346360153257,6.01986450117077,6.01864728192162,7.11564699512723,11.8285859613428,1.88891575263331,0.174660646449912
"GT_spanishjapanese_142from50gen_267from75gen_sim_640.txt",409,69.8578679706602,12.6127359413203,6.11799334851564,5.91002570694087,7.23581057112451,12.8627423234753,1.93745168597923,0.180548538163483
"GT_spanishjapanese_142from50gen_sim_088.txt",142,53.357985915493,9.08457746478873,6.58639718477905,6.4984463017021,7.75534848657156,11.8262169086251,1.98769116312573,0.170257128505125
"GT_spanishjapanese_142from75gen_sim_206.txt",142,78.0278028169014,14.057823943662,6.0354658882473,5.7586896894689,7.16707615826076,12.8627423234753,1.93461943946759,0.180164293189824
"GT_spanishjapanese_143from20gen_035from50gen_047from75gen_sim_1490.txt",225,38.8875244444444,6.72286666666667,6.06869970342138,6.11155644622579,7.31707317073171,12.0015192240271,1.98074390094099,0.172879779896278
"GT_spanishjapanese_143from50gen_sim_155.txt",143,54.9811678321678,8.90399300699301,6.58961132088514,6.19889380530973,7.70923426263109,11.7755392755393,1.96153074274333,0.161946232829626
"GT_spanishjapanese_143from50gen_sim_205.txt",143,53.6531048951049,9.05565734265734,6.67194253583324,6.4166928803607,7.79235243541136,13.3470899470899,2.12899530542596,0.168781608452329
"GT_spanishjapanese_143from50gen_sim_291.txt",143,54.7629160839161,9.04010489510489,6.42205872569249,6.16235211432587,7.39068248541233,11.7755392755393,1.80523220363481,0.165077127763837
"GT_spanishjapanese_143from50gen_sim_460.txt",143,54.0085524475524,9.28711188811189,6.47389353380122,6.16235211432587,7.44963673953479,13.6106315311222,2.06826842551196,0.171956319272407
"GT_spanishjapanese_143from75gen_061from50gen_126from20gen_sim_1467.txt",330,52.6314818181818,9.23058787878788,6.01923401291887,5.98510063543857,7.18638731276307,13.7001146788991,1.98364623868954,0.175381493355544
"GT_spanishjapanese_143from75gen_135from20gen_sim_768.txt",278,50.7486762589928,9.48942805755396,5.798240751236,5.60285157239277,7.14231166665403,12.0425273390036,1.93469778998399,0.186988681421467
"GT_spanishjapanese_143from75gen_sim_425.txt",143,77.3433216783217,14.059951048951,5.98974744933452,5.73367952522255,7.05916208105337,12.8627423234753,1.93075665779717,0.181786232396738
"GT_spanishjapanese_144from20gen_022from50gen_147from75gen_sim_1430.txt",313,49.8958945686901,8.93473162939297,5.96776210071276,5.68875502008032,7.21482665769101,13.7001146788991,2.05099524678094,0.179067470512886
"GT_spanishjapanese_144from20gen_171from75gen_218from50gen_sim_1213.txt",533,53.1911313320825,9.25947091932458,6.13785215382175,6.0560805769709,7.28444726005702,13.7001146788991,1.92422828292869,0.174079225003054
"GT_spanishjapanese_144from20gen_258from75gen_247from50gen_sim_1475.txt",649,56.6228166409861,9.99485208012327,6.14369116544142,6.02059925093633,7.34323696062763,13.7001146788991,1.9695294499604,0.176516335163881
"GT_spanishjapanese_144from75gen_sim_321.txt",144,79.1689444444444,14.4184652777778,5.92546692741752,5.50255517446041,7.1722698019219,12.8627423234753,1.84820228651154,0.182122742433376
"GT_spanishjapanese_145from20gen_046from75gen_143from50gen_sim_1297.txt",334,43.0966736526946,7.90725748502994,5.9885226709531,5.95789235088543,7.22576373766394,13.7001146788991,1.98033092969062,0.183477210996667
"GT_spanishjapanese_145from20gen_sim_315.txt",145,21.4077448275862,3.93062068965517,5.93332309116624,6.07829079437912,7.24716062736614,12.0425273390036,1.9947852901966,0.183607415041221
"GT_spanishjapanese_145from75gen_281from50gen_sim_799.txt",426,62.3962769953052,10.6991901408451,6.39648111201874,6.15539547231531,7.58148647559537,13.3470899470899,1.95170328814841,0.171471611065034
"GT_spanishjapanese_145from75gen_sim_430.txt",145,80.5551586206897,14.3476,6.06024965744847,5.73367952522255,7.22844790315607,11.8467201261996,1.79648020750395,0.178109015557385
"GT_spanishjapanese_145from75gen_sim_479.txt",145,78.7934551724138,14.0268344827586,6.02384489346946,5.68751835535977,7.16601009820785,12.8627423234753,1.85118408517417,0.178020299427985
"GT_spanishjapanese_146from20gen_106from75gen_096from50gen_sim_1123.txt",348,47.4463304597701,8.59941666666667,5.97718325261248,5.87927090774754,7.24091735575899,11.8285859613428,2.00186272549358,0.181245137049284
"GT_spanishjapanese_146from20gen_122from50gen_sim_698.txt",268,35.759421641791,6.25556343283582,5.91408817587402,5.89025711418421,7.19961868254526,13.3470899470899,2.04345300831771,0.174934692610496
"GT_spanishjapanese_146from50gen_sim_098.txt",146,55.4519657534247,8.98052054794521,6.55105388113375,6.43505355659335,7.73144298298795,13.3470899470899,1.80312858074906,0.161951347006857
"GT_spanishjapanese_146from75gen_099from50gen_sim_537.txt",245,68.1271306122449,12.1967183673469,6.20387204613937,6.05780735865989,7.38402235713597,12.0015192240271,1.9535897665475,0.179028798919571
"GT_spanishjapanese_147from20gen_098from75gen_035from50gen_sim_1187.txt",280,45.050625,8.15625714285714,6.01324203041455,5.75145184625552,7.28747444277425,13.7001146788991,1.97968903353469,0.18104648143854
"GT_spanishjapanese_147from20gen_sim_235.txt",147,21.2990340136054,4.07066666666667,5.70477925161941,5.84244372990354,6.96192309405307,10.6051045728465,2.00858099707269,0.19111977867477
"GT_spanishjapanese_147from50gen_061from75gen_062from20gen_sim_1038.txt",270,51.5221925925926,9.18028518518519,6.13553447135434,6.1596256520405,7.21858304644516,11.8467201261996,1.96230261385791,0.178181182190314
"GT_spanishjapanese_147from75gen_066from50gen_sim_841.txt",213,70.6050985915493,12.6012957746479,6.11460574659816,5.78823390151515,7.29655599092596,13.3470899470899,1.9551584792495,0.178475719544652
"GT_spanishjapanese_147from75gen_124from20gen_sim_667.txt",271,51.7283837638376,9.69288191881919,5.70982024720455,5.55520933205497,7.02209530368588,12.0425273390036,1.92582741084306,0.187380335776029
"GT_spanishjapanese_147from75gen_244from50gen_sim_810.txt",391,63.1679283887468,11.1165549872123,6.25103335305724,6.0560805769709,7.28629796878585,13.6106315311222,1.92779691770047,0.175984162703564
"GT_spanishjapanese_147from75gen_sim_454.txt",147,78.0394285714286,14.4384761904762,5.86904610678216,5.63466225626741,6.97936022397298,11.8467201261996,1.84863196297473,0.185015144969454
"GT_spanishjapanese_148from20gen_050from50gen_156from75gen_sim_1432.txt",354,52.1067288135593,9.30493220338983,5.98475154287938,5.87892030484054,7.25999457910005,13.6106315311222,1.97904093422379,0.17857448385761
"GT_spanishjapanese_148from20gen_060from50gen_257from75gen_sim_1109.txt",465,57.4302774193548,10.3036430107527,5.94410759513213,5.83900657414171,7.12345132743363,12.8627423234753,1.93345239136336,0.179411339693097
"GT_spanishjapanese_148from20gen_072from50gen_026from75gen_sim_1092.txt",246,36.2313943089431,6.72654471544715,5.85387906845856,5.75804931839015,6.96543063751047,12.0425273390036,2.04239119606171,0.185655143660503
"GT_spanishjapanese_148from20gen_168from50gen_sim_552.txt",316,38.2736139240506,6.86369620253165,5.98155703607397,5.9625080705238,7.0903585786246,13.6106315311222,2.00851958632379,0.179332325819867
"GT_spanishjapanese_148from50gen_sim_091.txt",148,52.4112432432432,9.40456756756757,6.28042647634484,6.1596256520405,7.38879944672151,13.6106315311222,2.09540494819052,0.179437979059579
"GT_spanishjapanese_148from50gen_sim_140.txt",148,54.8771756756757,8.96497972972973,6.47485647228336,6.28640848034563,7.28666600764136,13.6106315311222,1.83493639090827,0.163364451966566
"GT_spanishjapanese_148from75gen_sim_385.txt",148,79.0741959459459,14.2992162162162,5.91645278553926,5.49891275211001,7.08791451886491,11.8285859613428,1.7826947816957,0.180832900608828
"GT_spanishjapanese_149from50gen_sim_201.txt",149,54.1698053691275,9.01753691275168,6.37849439402746,6.16,7.57052913596785,13.3470899470899,1.81764512436731,0.166467958511273
"GT_spanishjapanese_149from50gen_sim_404.txt",149,53.9333087248322,8.97597986577181,6.37958632825288,6.09775051124744,7.4308768154922,13.3470899470899,1.85900662123654,0.166427391124236
"GT_spanishjapanese_149from75gen_130from50gen_sim_776.txt",279,68.0703584229391,11.6952867383513,6.26897524767598,6.0699639477242,7.34286662295869,13.6106315311222,1.82834071907471,0.171811740224509
"GT_spanishjapanese_149from75gen_176from50gen_097from20gen_sim_1335.txt",422,55.9206611374408,9.5824691943128,6.25330264356712,6.05357776324492,7.35836576535593,13.7001146788991,1.98614108351878,0.171358295832039
"GT_spanishjapanese_149from75gen_sim_295.txt",149,79.8099127516779,14.4989261744966,5.97646704594079,5.74800899465942,7.17676902536716,12.8627423234753,1.91031627307913,0.18166823737308
"GT_spanishjapanese_150from50gen_150from20gen_094from75gen_sim_1400.txt",394,47.4602081218274,8.48826395939086,5.99749501363117,6.02591869717678,7.18049033326487,13.7001146788991,1.98300415585336,0.17885012087604
"GT_spanishjapanese_150from50gen_263from75gen_095from20gen_sim_1148.txt",508,61.0244842519685,10.7438484251969,6.17510043677993,6.04211206039483,7.28713117122893,13.7001146788991,1.95978054408367,0.176057996341858
"GT_spanishjapanese_150from75gen_sim_444.txt",150,79.7639466666667,14.4218466666667,6.01396118677014,5.70554345256599,7.12202856692573,12.0015192240271,1.88596332261269,0.180806583291766
"GT_spanishjapanese_151from20gen_092from75gen_sim_578.txt",243,43.0184115226337,7.56534979423868,6.01969887361288,5.99103321785205,7.11954916128043,13.7001146788991,2.05402241682505,0.175863067148778
"GT_spanishjapanese_151from20gen_sim_236.txt",151,21.0936092715232,4.14567549668874,5.58551374487209,5.80550774526678,6.8541535380246,10.5448888888889,1.96456896212772,0.196537038461478
"GT_spanishjapanese_151from50gen_sim_286.txt",151,53.0944768211921,8.9446821192053,6.56719989132971,6.4132802124834,7.57842585728035,13.6106315311222,1.90512484825049,0.168467280491878
"GT_spanishjapanese_151from75gen_164from20gen_024from50gen_sim_1485.txt",339,49.4492448377581,9.05278171091445,5.75155972810692,5.61026023312551,6.94032539299376,13.3470899470899,1.99859759207397,0.183072193329068
"GT_spanishjapanese_151from75gen_sim_001.txt",151,78.1143509933775,14.3101324503311,5.87987598640517,5.56415915253169,7.02968042962646,12.8627423234753,1.85801732517265,0.183194666131763
"GT_spanishjapanese_151from75gen_sim_312.txt",151,78.9530463576159,13.6646026490066,6.16238220796009,5.89546471425666,7.28981508240084,11.131637005442,1.73696319929958,0.173072519420126
"GT_spanishjapanese_152from50gen_081from20gen_105from75gen_sim_1043.txt",338,54.1433816568047,9.41254733727811,6.14974291467999,6.03219365734397,7.39316945483021,13.6106315311222,1.98006537601498,0.173844836603314
"GT_spanishjapanese_152from50gen_119from20gen_sim_972.txt",271,40.1058191881919,6.71124723247233,6.28786883451748,6.16100365917407,7.4912974184162,13.7001146788991,2.1011886930714,0.167338490232068
"GT_spanishjapanese_152from50gen_214from75gen_109from20gen_sim_1259.txt",475,57.98416,10.2936315789474,6.04812592580776,5.89178425125171,7.04107741182756,12.8627423234753,1.93261677612684,0.177524889192969
"GT_spanishjapanese_152from75gen_067from50gen_sim_553.txt",219,72.5008630136986,12.4255844748858,6.25312064292563,5.91786342321219,7.35138309525781,12.0015192240271,1.80967870067396,0.171385331958574
"GT_spanishjapanese_152from75gen_083from20gen_sim_647.txt",235,59.2426553191489,10.6999319148936,5.89825576670503,5.8485161085542,7.09715867761902,12.8627423234753,1.93383803804581,0.180611956997057
"GT_spanishjapanese_152from75gen_sim_116.txt",152,78.6354210526316,14.1554539473684,5.96531657625779,5.62137717325538,7.18394908540322,12.8627423234753,1.83930385616313,0.180013710842777
"GT_spanishjapanese_153from20gen_075from50gen_081from75gen_sim_1330.txt",309,44.0764563106796,7.88199676375404,6.08452214299474,6.05107494951895,7.34249628528975,13.7001146788991,2.03866793553512,0.178825555035473
"GT_spanishjapanese_153from20gen_sim_229.txt",153,21.1415751633987,4.09621568627451,5.5637860168589,5.5757793764988,6.78327832783278,10.5448888888889,1.84332397177884,0.19375167907858
"GT_spanishjapanese_153from20gen_sim_334.txt",153,21.3244052287582,4.08098039215686,5.77379631549693,5.9502430654847,6.96383913484285,13.7001146788991,2.09647825910154,0.191376047696432
"GT_spanishjapanese_153from50gen_142from20gen_sim_845.txt",295,38.2145491525424,6.63546440677966,6.2318065401544,6.16625,7.47325428915451,13.7001146788991,2.09263727280798,0.173637123920856
"GT_spanishjapanese_153from50gen_sim_225.txt",153,54.0898562091503,8.9567908496732,6.4573248597546,6.20770113476986,7.78474332320486,11.6125806451613,1.88249220021338,0.165590953228639
"GT_spanishjapanese_153from50gen_sim_300.txt",153,52.7147712418301,8.97299346405229,6.51392514769368,6.34504698512138,7.71049510821227,13.6106315311222,1.89162056965852,0.170217820407273
"GT_spanishjapanese_153from75gen_sim_003.txt",153,79.1386339869281,14.4566928104575,5.99474826043937,5.57970405246343,7.11564699512723,12.8627423234753,2.02387427158762,0.182675541415656
"GT_spanishjapanese_154from20gen_033from50gen_sim_524.txt",187,27.1754064171123,5.01578609625668,5.67951356783693,5.80720506730008,6.96100323276007,12.0425273390036,2.10399313437998,0.184570785042547
"GT_spanishjapanese_154from20gen_sim_065.txt",154,21.2029935064935,3.98778571428571,5.75755433931079,6.02774303425645,6.96242118380146,13.7001146788991,2.08945442486708,0.188076542732725
"GT_spanishjapanese_154from50gen_139from75gen_047from20gen_sim_1341.txt",340,58.5926588235294,10.3563705882353,6.17120689899229,6.03981422945698,7.3060321489727,13.6106315311222,2.07105702137625,0.176752016313628
"GT_spanishjapanese_154from75gen_072from20gen_044from50gen_sim_1445.txt",270,58.5361074074074,10.478162962963,5.98606755842635,5.73640942140434,7.10507917417328,13.6106315311222,1.88297409545218,0.179003412202244
"GT_spanishjapanese_155from50gen_057from75gen_sim_605.txt",212,61.225320754717,10.2365518867925,6.50173520975915,6.28291402181759,7.58765976600206,13.3470899470899,1.94099368270883,0.167194744929185
"GT_spanishjapanese_155from50gen_072from75gen_sim_723.txt",227,61.2805022026432,10.3980484581498,6.49073186780193,6.4132802124834,7.67868285288913,13.6106315311222,2.00757658671059,0.169679556864031
"GT_spanishjapanese_155from50gen_sim_270.txt",155,54.4882,9.18950322580645,6.64436182196931,6.4166928803607,7.82618459649105,13.6106315311222,2.14031547428218,0.168651253405443
"GT_spanishjapanese_156from20gen_157from50gen_sim_563.txt",313,37.9470447284345,6.38362939297125,6.15425896978609,6.13312693498452,7.4252607184241,13.7001146788991,2.02352709085095,0.168224678328847
"GT_spanishjapanese_156from75gen_049from50gen_sim_576.txt",205,73.4249853658537,12.9436926829268,6.13828422701254,5.80720506730008,7.18173076923077,13.6106315311222,1.86192172672321,0.176284579675876
"GT_spanishjapanese_156from75gen_086from50gen_sim_920.txt",242,71.0355867768595,12.2868347107438,6.31544725159255,5.92323087040885,7.40690993430932,13.6106315311222,2.02421156526378,0.172967314950742
"GT_spanishjapanese_156from75gen_162from20gen_sim_970.txt",318,49.8937987421384,8.96392452830189,5.95393003028176,5.79265024569039,7.10250194607421,12.8627423234753,1.91048463778515,0.179660093123583
"GT_spanishjapanese_156from75gen_sim_113.txt",156,78.8850641025641,14.4570897435897,5.90553458826446,5.58532789754539,7.16976589005059,12.8627423234753,1.88284234084007,0.183267769482865
"GT_spanishjapanese_157from20gen_084from75gen_198from50gen_sim_1336.txt",439,47.1419225512528,8.32135535307517,6.1421562409466,6.03314917127072,7.29050162549149,13.7001146788991,2.02414153103438,0.176517097791847
"GT_spanishjapanese_157from75gen_031from20gen_254from50gen_sim_1293.txt",442,60.5809027149321,10.4176085972851,6.36769691191801,6.15431601488661,7.46581161728437,13.6106315311222,1.95709296820655,0.171961924144741
"GT_spanishjapanese_157from75gen_086from50gen_sim_597.txt",243,69.5968024691358,12.6861275720165,6.10430883660845,5.86409448818898,7.29586944783531,12.0015192240271,1.93046677104932,0.182280322111672
"GT_spanishjapanese_157from75gen_122from50gen_sim_982.txt",279,69.2386451612903,12.0051541218638,6.30031524294896,6.11106853164719,7.4304936071763,13.3470899470899,1.89841337281513,0.173388056538339
"GT_spanishjapanese_157from75gen_sim_276.txt",157,78.1025031847134,14.3262356687898,5.91308121400007,5.57970405246343,7.02448355011477,12.8627423234753,1.91428342613313,0.183428636530485
"GT_spanishjapanese_157from75gen_sim_452.txt",157,79.1787452229299,14.2903503184713,5.90441768573956,5.57970405246343,7.0786703601108,12.0015192240271,1.75176384242519,0.180482151848157
"GT_spanishjapanese_158from20gen_sim_371.txt",158,21.1436392405063,3.96788607594937,5.78413079222976,5.82899787364375,6.92422582750103,13.7001146788991,2.10308841749435,0.18766334550146
"GT_spanishjapanese_158from50gen_093from75gen_sim_517.txt",251,62.3179800796813,11.0701792828685,6.23459952486657,6.05780735865989,7.28698451187651,12.0015192240271,1.95315251541938,0.177640213445845
"GT_spanishjapanese_158from50gen_166from75gen_036from20gen_sim_1425.txt",360,63.0507611111111,10.73775,6.33138481337637,6.15431601488661,7.45562967482536,13.6106315311222,1.96093856255931,0.170303257419485
"GT_spanishjapanese_158from50gen_167from75gen_sim_728.txt",325,65.4439261538461,11.7543569230769,6.18338456685349,6.05107494951895,7.28444726005702,13.6106315311222,1.97208947436984,0.179609592728967
"GT_spanishjapanese_159from20gen_sim_111.txt",159,21.3135471698113,4.17176100628931,5.57856307102176,5.6884239888424,6.78651950320752,12.0425273390036,1.99655054591587,0.195732834757709
"GT_spanishjapanese_159from20gen_sim_208.txt",159,20.8003899371069,4.06694339622642,5.62155004046176,5.7344262295082,6.99343150002601,10.2322111706197,2.01349918828978,0.195522459363667
"GT_spanishjapanese_159from50gen_046from20gen_189from75gen_sim_1345.txt",394,61.8542487309645,10.9811040609137,6.13825993181912,5.99671017874225,7.22311178197049,13.6106315311222,1.92649112476245,0.177531928464221
"GT_spanishjapanese_159from50gen_178from20gen_sim_719.txt",337,36.8839376854599,6.31628189910979,6.12264895367979,6.07829079437912,7.34249628528975,13.7001146788991,2.04868005860373,0.171247494043993
"GT_spanishjapanese_159from75gen_076from20gen_098from50gen_sim_1442.txt",333,58.0844504504504,10.3801321321321,6.09365590383051,5.8887299771167,7.30170098478066,13.7001146788991,2.03307556170225,0.178707589580916
"GT_spanishjapanese_159from75gen_091from50gen_249from20gen_sim_1119.txt",499,45.5975130260521,8.14314829659319,5.92847672406787,5.7344262295082,7.06058569088499,13.7001146788991,1.99889736921984,0.178587553490924
"GT_spanishjapanese_160from20gen_063from50gen_024from75gen_sim_1491.txt",247,35.6769109311741,6.14964372469636,5.97855315053445,5.85246063966729,7.0302750672892,12.0425273390036,1.9481577402075,0.172370408877605
"GT_spanishjapanese_160from20gen_sim_352.txt",160,21.12864375,4.05288125,5.73437495967041,5.64179912578849,6.95103156239803,13.7001146788991,2.13762580766268,0.191819280875518
"GT_spanishjapanese_161from20gen_sim_092.txt",161,21.3868633540373,4.01152795031056,5.78261343283812,6.0021023125438,6.97842135150483,10.5448888888889,1.91521506029563,0.187569719032842
"GT_spanishjapanese_161from20gen_sim_357.txt",161,20.8217391304348,3.99567701863354,5.70173565326587,5.73550724637681,6.97842135150483,12.0425273390036,2.0124909262757,0.191899293022701
"GT_spanishjapanese_161from20gen_sim_376.txt",161,20.7421863354037,4.10316770186335,5.54177918781845,5.38974488507199,6.8801684532925,13.7001146788991,2.10233028562115,0.197817512364156
"GT_spanishjapanese_161from50gen_074from20gen_039from75gen_sim_1281.txt",274,48.1678467153285,8.53195255474453,6.15331448963473,6.00171463033558,7.1883778959808,13.3470899470899,1.89964471512192,0.177129623526007
"GT_spanishjapanese_161from50gen_sim_154.txt",161,54.1364534161491,9.21350931677019,6.54744251522354,6.34504698512138,7.63372520205731,13.3470899470899,2.00708557954688,0.170190485991862
"GT_spanishjapanese_161from50gen_sim_447.txt",161,52.4629378881988,9.19336645962733,6.38570932470976,6.16235211432587,7.2680559150919,13.6106315311222,2.01827114108938,0.175235448674622
"GT_spanishjapanese_161from75gen_083from50gen_041from20gen_sim_1357.txt",285,62.9609894736842,11.1109929824561,6.10814276829091,5.85248800202071,7.33857988165681,12.8627423234753,1.968747661065,0.176474243421797
"GT_spanishjapanese_161from75gen_sim_164.txt",161,77.9507888198758,14.3460124223602,5.89903340492374,5.60216158059468,7.00390668601406,12.8627423234753,1.88159102213311,0.184039348921923
"GT_spanishjapanese_162from20gen_046from50gen_sim_595.txt",208,28.6584038461538,5.29690384615385,5.76705815527173,5.73586891297003,6.98199027703834,13.7001146788991,2.07198003992632,0.184828990288122
"GT_spanishjapanese_162from20gen_sim_437.txt",162,21.1357777777778,4.09751851851852,5.68531707460888,5.79265024569039,6.97577894857567,13.7001146788991,2.13430438373723,0.193866464797272
"GT_spanishjapanese_162from50gen_068from75gen_066from20gen_sim_1189.txt",296,52.2714695945946,9.09310472972973,6.26361775968217,6.1596256520405,7.44912146103832,13.6106315311222,2.07914463643038,0.173959232450393
"GT_spanishjapanese_162from50gen_189from20gen_sim_832.txt",351,35.9310028490029,6.35032763532764,6.12823549659596,6.11245491194568,7.37921100380224,13.7001146788991,2.07238003093553,0.176736721265877
"GT_spanishjapanese_162from75gen_057from20gen_sim_617.txt",219,63.8884520547945,11.7344657534247,5.87585332954763,5.74672825250192,6.99343150002601,12.0015192240271,1.91148184953587,0.183671154582999
"GT_spanishjapanese_162from75gen_126from50gen_056from20gen_sim_1067.txt",344,59.9601308139535,10.4466744186047,6.25308277425561,6.134460509666,7.44663192431691,13.6106315311222,1.99234599595966,0.174227011795871
"GT_spanishjapanese_163from20gen_041from50gen_sim_788.txt",204,28.1073725490196,5.10795588235294,5.82463893078375,5.7829127779523,7.04287157888796,12.0425273390036,1.97390668333462,0.181730109189132
"GT_spanishjapanese_163from20gen_159from50gen_069from75gen_sim_1093.txt",391,45.0727723785166,7.81149104859335,6.02853295577397,6.04133724870115,7.21870983069265,13.6106315311222,1.97476337938949,0.173308421833768
"GT_spanishjapanese_163from20gen_181from75gen_sim_635.txt",344,51.151976744186,9.30996802325581,5.79460232684428,5.63357818482633,6.96058843295502,12.8627423234753,1.99109567230649,0.182006026273735
"GT_spanishjapanese_163from50gen_039from20gen_sim_512.txt",202,48.4285445544554,8.10244554455446,6.29492901421055,6.15203921990964,7.73330984117456,13.3470899470899,1.94424622216968,0.167307227980879
"GT_spanishjapanese_163from50gen_sim_078.txt",163,54.5645521472393,8.83282822085889,6.65041105272089,6.41646191646192,7.6440786899269,13.6106315311222,2.03286648367026,0.161878506709338
"GT_spanishjapanese_163from75gen_027from50gen_sim_621.txt",190,75.0088368421053,13.4887105263158,6.03797929475351,5.68246286763459,7.16869498751714,12.8627423234753,1.889097512374,0.179828285495344
"GT_spanishjapanese_163from75gen_069from20gen_sim_502.txt",232,60.9755905172414,10.7553060344828,6.01668413527686,5.80894324641629,7.18628343344812,12.8627423234753,1.98046282417198,0.17638707461868
"GT_spanishjapanese_164from20gen_066from75gen_sim_562.txt",230,37.8940652173913,7.11747826086957,5.73359652262141,5.62907421810592,6.96242118380146,13.7001146788991,2.07667289442658,0.187825671910308
"GT_spanishjapanese_164from20gen_092from75gen_sim_888.txt",256,42.2250546875,7.68476171875,5.82306618339472,5.67175260548847,7.12967940466613,12.0425273390036,1.99223346657415,0.181995305290272
"GT_spanishjapanese_164from20gen_sim_283.txt",164,21.757756097561,4.21507317073171,5.69617886503198,5.66480024612139,6.95958528171868,13.7001146788991,2.05779605699073,0.193727384011084
"GT_spanishjapanese_164from20gen_sim_351.txt",164,21.2397317073171,4.08225609756098,5.65551771740653,5.68858950446136,6.9215522059675,13.7001146788991,2.02272244646437,0.192199042521551
"GT_spanishjapanese_164from50gen_022from75gen_sim_993.txt",186,58.132123655914,9.55538172043011,6.52339589766708,6.30607540313423,7.64447147704791,13.6106315311222,1.93444924251881,0.164373518796401
"GT_spanishjapanese_164from50gen_035from20gen_sim_620.txt",199,49.2779648241206,7.97435175879397,6.5573431751821,6.4132802124834,7.61973429866098,13.3470899470899,1.96699228727693,0.161823885934727
"GT_spanishjapanese_164from50gen_053from75gen_186from20gen_sim_1157.txt",403,42.2217717121588,7.49605459057072,6.09319455305285,6.03314917127072,7.35918564675172,13.7001146788991,2.04961960354988,0.177540029387541
"GT_spanishjapanese_164from50gen_085from20gen_099from75gen_sim_1181.txt",348,53.1503936781609,9.23304885057471,6.19715818938361,6.07167546818798,7.28568690673312,13.6106315311222,1.96922175627124,0.173715530810236
"GT_spanishjapanese_164from50gen_095from75gen_sim_891.txt",259,63.999694980695,10.9643127413127,6.31758175844465,6.09775051124744,7.35238166319632,13.6106315311222,1.91708496912014,0.171318203073
"GT_spanishjapanese_164from75gen_052from50gen_sim_910.txt",216,73.4057222222222,13.2532361111111,6.02820510522642,5.63654318271521,7.16464318744606,12.8627423234753,1.87672811727602,0.180547724481061
"GT_spanishjapanese_164from75gen_097from50gen_sim_672.txt",261,69.7003103448276,12.4054444444444,6.12860834490891,5.79656160458453,7.29655599092596,12.0015192240271,1.93611634519819,0.177982628528785
"GT_spanishjapanese_164from75gen_122from20gen_sim_990.txt",286,55.458458041958,10.2263531468531,5.86586279788144,5.68813668772004,7.01575696444626,12.8627423234753,1.95573528377237,0.184396636832496
"GT_spanishjapanese_165from20gen_080from50gen_sim_862.txt",245,32.1823020408163,5.57882448979592,6.02288626111292,6.07829079437912,7.24716062736614,13.7001146788991,2.00025685889126,0.173350696998629
"GT_spanishjapanese_165from75gen_087from50gen_073from20gen_sim_1136.txt",325,59.5138092307692,10.87956,6.00649742277592,5.8194792786337,7.21482665769101,12.8627423234753,1.95683273835335,0.182807320529823
"GT_spanishjapanese_165from75gen_171from50gen_169from20gen_sim_1488.txt",505,51.1250356435644,8.95332277227723,6.06623411400312,6.01864728192162,7.31707317073171,13.7001146788991,1.99614628053046,0.175125995700001
"GT_spanishjapanese_167from20gen_039from75gen_sim_547.txt",206,32.5050291262136,5.96776213592233,5.8760189568316,5.99656776519792,7.20531224961005,13.7001146788991,2.15307543007982,0.183595040408982
"GT_spanishjapanese_167from50gen_059from75gen_158from20gen_sim_1461.txt",384,43.9278385416667,7.83301041666667,5.98924336703158,5.95917101190902,7.18730796837987,13.7001146788991,1.92805684898435,0.178315407193023
"GT_spanishjapanese_167from75gen_041from20gen_166from50gen_sim_1495.txt",374,61.0782219251337,10.994114973262,6.19359350090179,6.03219365734397,7.44142365731435,13.6106315311222,2.01531872546898,0.180000573473439
"GT_spanishjapanese_167from75gen_076from50gen_sim_644.txt",243,71.4422139917695,12.513341563786,6.20892110399007,6.06345015202432,7.23732341817389,13.3470899470899,1.93572019511889,0.175153328328089
"GT_spanishjapanese_167from75gen_164from20gen_082from50gen_sim_1374.txt",413,50.7531113801453,8.97482566585956,6.03153573473315,5.91786342321219,7.16911614615227,13.6106315311222,1.90126382944922,0.176833014209461
"GT_spanishjapanese_167from75gen_287from50gen_109from20gen_sim_1143.txt",563,54.6569698046181,9.68566252220249,6.13314907117235,6.03314917127072,7.27273447395947,13.6106315311222,2.00058109709286,0.177208186930702
"GT_spanishjapanese_168from20gen_sim_472.txt",168,21.4756904761905,4.15286904761905,5.69225264171707,5.73586891297003,6.97443029144443,10.6051045728465,2.02311285964809,0.1933753446588
"GT_spanishjapanese_168from75gen_sim_138.txt",168,79.3931011904762,14.1327678571429,6.04806263810675,5.71059894029116,7.171029365956,12.8627423234753,1.92770563428651,0.178010024110737
"GT_spanishjapanese_169from20gen_084from75gen_sim_501.txt",253,40.0922134387352,7.21043083003953,5.92014888361722,5.89546471425666,7.12345132743363,13.7001146788991,2.10608919363657,0.179846164918227
"GT_spanishjapanese_169from20gen_171from75gen_103from50gen_sim_1180.txt",443,50.1930270880361,9.02732054176072,6.09127001979744,6.04133724870115,7.28230595300893,13.7001146788991,2.07751346581377,0.179852084352817
"GT_spanishjapanese_169from20gen_sim_076.txt",169,21.4675029585799,4.13880473372781,5.68666328737888,5.73550724637681,6.96383913484285,13.7001146788991,2.05687758289367,0.192793951942774
"GT_spanishjapanese_169from75gen_022from50gen_060from20gen_sim_1439.txt",251,63.4346932270916,11.7294501992032,5.79157917062501,5.5757793764988,6.99255031474973,11.0180338333865,1.83675704269789,0.184905918236455
"GT_spanishjapanese_169from75gen_054from20gen_sim_739.txt",223,64.7292062780269,11.6185201793722,6.0548483675912,5.74215192906782,7.29586944783531,13.7001146788991,2.03273922297557,0.179494247611626
"GT_spanishjapanese_169from75gen_107from50gen_sim_765.txt",276,70.9155398550725,12.4259891304348,6.17287157678208,6.03894540630405,7.22835776032886,12.8627423234753,1.8539927198735,0.175222372357728
"GT_spanishjapanese_169from75gen_143from20gen_089from50gen_sim_1127.txt",401,53.2534364089776,9.50219451371571,5.96634347378959,5.91786342321219,7.16743151161174,13.7001146788991,1.95906906623191,0.178433452458174
"GT_spanishjapanese_169from75gen_237from50gen_174from20gen_sim_1063.txt",580,51.1879689655172,9.23058103448276,6.03859325383247,5.90734064912347,7.23028857014818,13.7001146788991,2.01182282284725,0.180327159311614
"GT_spanishjapanese_170from20gen_169from50gen_sim_590.txt",339,37.0891002949853,6.54508554572271,6.12443169898434,6.08440133933726,7.37921100380224,13.7001146788991,2.05016065157098,0.176469245510592
"GT_spanishjapanese_170from20gen_296from50gen_sim_655.txt",466,42.0273690987124,7.19218025751073,6.26251743443476,6.15539547231531,7.47309805565005,13.6106315311222,2.04813773643413,0.171130870472001
"GT_spanishjapanese_171from20gen_028from50gen_062from75gen_sim_1152.txt",261,38.4584597701149,7.17369348659004,5.6733433701487,5.57446118943445,7.18173076923077,11.7236090716267,1.99940505517971,0.186530961704414
"GT_spanishjapanese_171from20gen_sim_260.txt",171,20.9409298245614,4.06767251461988,5.6394155800797,5.70576816417083,6.93751769538611,13.7001146788991,2.13118592280803,0.194245076445887
"GT_spanishjapanese_171from20gen_sim_495.txt",171,20.8042339181287,3.98756725146199,5.65288657147622,5.6884239888424,6.879213592116,13.7001146788991,1.97401974718415,0.191670948671042
"GT_spanishjapanese_171from50gen_022from75gen_sim_876.txt",193,56.2197046632124,9.45341968911917,6.60706004230447,6.19889380530973,7.71049510821227,13.6106315311222,2.11572815561603,0.168151358064765
"GT_spanishjapanese_171from50gen_174from75gen_065from20gen_sim_1453.txt",410,59.4931780487805,10.5209097560976,6.1662387426395,5.93671387298912,7.18410187258123,13.7001146788991,1.94837953032914,0.176842288496861
"GT_spanishjapanese_171from75gen_027from20gen_175from50gen_sim_1333.txt",373,63.2508096514745,11.1700482573727,6.22569970426331,6.06500566251416,7.57052913596785,11.7755392755393,1.97881750579729,0.176599292861578
"GT_spanishjapanese_171from75gen_074from50gen_188from20gen_sim_1323.txt",433,49.5916812933025,8.98917551963049,6.02254877341125,5.90465559130606,7.27741303282705,13.7001146788991,2.02832605366362,0.181263778222508
"GT_spanishjapanese_171from75gen_sim_279.txt",171,79.533514619883,14.4598187134503,5.96365242051079,5.63249411338526,7.16665184833887,12.8627423234753,1.88907976351832,0.181807867822245
"GT_spanishjapanese_171from75gen_sim_332.txt",171,79.4470760233918,14.2679473684211,5.9670359581383,5.74215192906782,7.13625969694443,12.0015192240271,1.73538093386447,0.179590591404775
"GT_spanishjapanese_172from20gen_058from75gen_sim_812.txt",230,36.0901,6.86959130434783,5.67698814159745,5.72063770527382,6.94447797627562,12.8627423234753,1.99922438863039,0.190345587968662
"GT_spanishjapanese_172from50gen_sim_161.txt",172,54.4231860465116,8.78278488372093,6.58303123739726,6.31315161002994,7.75470983353601,11.7755392755393,1.84396923097146,0.161379469335274
"GT_spanishjapanese_172from75gen_sim_253.txt",172,79.7333081395349,14.5492848837209,5.94648891652715,5.60154938677531,7.15231961490409,12.8627423234753,1.93754703375785,0.182474366399791
"GT_spanishjapanese_173from20gen_082from50gen_033from75gen_sim_1276.txt",288,38.0327395833333,6.66348611111111,6.03398151527061,6.10465347873662,7.23792792117417,13.3470899470899,2.05630033269769,0.17520394754921
"GT_spanishjapanese_173from50gen_062from20gen_sim_809.txt",235,45.9269574468085,7.94828936170213,6.35928268209143,6.16100365917407,7.6440786899269,13.7001146788991,2.19978664477597,0.173063703836851
"GT_spanishjapanese_173from50gen_sim_105.txt",173,54.4885549132948,8.74996531791908,6.61101466199139,6.34504698512138,7.78474332320486,13.6106315311222,1.81534013592989,0.160583545147096
"GT_spanishjapanese_173from50gen_sim_464.txt",173,54.9914855491329,8.93154335260116,6.61175735389649,6.4166928803607,7.84466170080695,13.6106315311222,1.96691337896286,0.162416840778399
"GT_spanishjapanese_174from20gen_138from50gen_063from75gen_sim_1070.txt",375,42.561184,7.692664,6.03447430874138,5.96809895833333,7.28981508240084,13.7001146788991,2.12433127121229,0.180743656003555
"GT_spanishjapanese_174from20gen_239from75gen_250from50gen_sim_1347.txt",663,54.4689487179487,9.52202714932127,6.15654275674755,6.03488681757656,7.34286662295869,13.7001146788991,1.98032779517842,0.174815695427284
"GT_spanishjapanese_174from75gen_065from20gen_sim_763.txt",239,63.3737238493724,11.546719665272,5.79779227038282,5.73367952522255,6.93620569308131,11.8285859613428,1.7823295949751,0.182200428883055
"GT_spanishjapanese_175from20gen_195from75gen_sim_976.txt",370,51.4504054054054,9.5025054054054,5.82714313521757,5.65899981597729,7.11278440817162,12.8627423234753,1.96413255058425,0.184692527309164
"GT_spanishjapanese_175from50gen_039from75gen_sim_616.txt",214,57.3060887850467,10.0876588785047,6.382946062737,6.10943583030437,7.62143067502058,13.3470899470899,2.06567856309696,0.176031187826186
"GT_spanishjapanese_175from50gen_191from75gen_sim_769.txt",366,67.2276010928962,11.876543715847,6.23434409984098,6.06602557903761,7.35836576535593,13.3470899470899,1.91581643064311,0.176661721120107
"GT_spanishjapanese_175from50gen_sim_034.txt",175,53.7842685714286,9.14493714285714,6.50092906073833,6.35092377475384,7.63929473311311,11.7236090716267,1.90846392649438,0.170029962027133
"GT_spanishjapanese_175from75gen_025from50gen_071from20gen_sim_1074.txt",271,61.9236199261993,11.4221955719557,5.77883048347503,5.59095174262735,6.96829434109106,12.0015192240271,1.91363044350895,0.184456199194568
"GT_spanishjapanese_175from75gen_029from20gen_sim_566.txt",204,70.057112745098,12.7363382352941,5.87781160119326,5.63762725415629,6.97375975472316,12.0015192240271,1.76922831242946,0.181799359640114
"GT_spanishjapanese_175from75gen_046from50gen_sim_1000.txt",221,72.6738914027149,12.8668280542986,6.19121044454729,5.79656160458453,7.4071809884622,12.8627423234753,2.00221664550446,0.177048838392297
"GT_spanishjapanese_175from75gen_138from20gen_sim_543.txt",313,53.5163194888179,9.71019808306709,5.83581595933173,5.67740737990942,7.01970705725699,12.8627423234753,1.95000508171242,0.181443682521852
"GT_spanishjapanese_176from50gen_070from75gen_sim_707.txt",246,60.2842398373984,10.5310853658537,6.34953649420486,6.17203713622567,7.63820831212954,13.3470899470899,2.00713563831153,0.174690522668257
"GT_spanishjapanese_176from75gen_050from50gen_173from20gen_sim_1248.txt",399,51.0675338345865,9.16258145363408,5.94743622603301,5.80720506730008,7.22163728042354,13.7001146788991,2.02131278652155,0.179420872041966
"GT_spanishjapanese_176from75gen_071from20gen_sim_793.txt",247,62.4108340080972,11.455955465587,5.86188799007909,5.64059225204516,7.0739674387742,12.8627423234753,1.95426185468675,0.183557160349768
"GT_spanishjapanese_176from75gen_sim_405.txt",176,79.9656363636364,14.4506022727273,5.95180839344384,5.64408891311327,7.04940160196738,12.0015192240271,1.85238187791479,0.180710151633315
"GT_spanishjapanese_177from20gen_051from75gen_sim_559.txt",228,33.4252456140351,6.35576315789474,5.69621610414271,5.65603481808842,6.9486104601203,13.7001146788991,2.01573098188851,0.190148585033164
"GT_spanishjapanese_177from20gen_sim_318.txt",177,21.0193785310734,3.9888813559322,5.7093991183475,5.80550774526678,6.89670932358318,12.0425273390036,1.99589048236822,0.189771612421145
"GT_spanishjapanese_177from50gen_226from75gen_sim_703.txt",403,67.8789007444169,11.8148635235732,6.23371655739215,6.03314917127072,7.29912848785331,13.6106315311222,1.88808456078547,0.174057967851593
"GT_spanishjapanese_177from75gen_128from50gen_sim_518.txt",305,68.1469278688525,12.1280983606557,6.22318359976695,6.09645258520751,7.34249628528975,13.3470899470899,1.94968707325921,0.177969847503559
"GT_spanishjapanese_177from75gen_215from20gen_043from50gen_sim_1029.txt",435,47.8428804597701,8.58489425287356,5.92481047764631,5.73731159643187,7.17542345769152,12.8627423234753,2.00294629064587,0.179439326611875
"GT_spanishjapanese_177from75gen_215from20gen_105from50gen_sim_1193.txt",497,48.2996338028169,8.6885814889336,5.95436364331775,5.78823390151515,7.24716062736614,13.7001146788991,1.9527053690456,0.17988917937566
"GT_spanishjapanese_178from20gen_sim_093.txt",178,21.2284438202247,4.15425280898876,5.54201810829541,5.7114251091753,6.78814009089488,10.5448888888889,1.88301086573593,0.195692762228333
"GT_spanishjapanese_178from20gen_sim_349.txt",178,21.0919550561798,4.00030337078652,5.8076113584627,5.84746586596212,6.99379872321957,13.7001146788991,2.0750490556351,0.189660150523337
"GT_spanishjapanese_178from75gen_061from20gen_066from50gen_sim_1394.txt",305,62.2063147540984,10.8972065573771,6.06550463406345,5.91786342321219,7.22844790315607,13.3470899470899,1.81606229825168,0.175178462193971
"GT_spanishjapanese_178from75gen_183from50gen_sim_988.txt",361,66.1083822714681,11.6022825484765,6.32297077608362,6.0878909998081,7.58454709391039,13.3470899470899,1.9496077638429,0.175503955017878
"GT_spanishjapanese_179from20gen_159from75gen_sim_666.txt",338,48.3993195266272,8.67189644970414,5.87906183772484,5.7349667379425,7.00147150111383,13.7001146788991,1.89845752973632,0.179173933322208
"GT_spanishjapanese_179from20gen_181from75gen_sim_930.txt",360,50.6016,9.23839444444445,5.84761879767841,5.73405287736537,7.16785267024687,13.7001146788991,1.92424602164027,0.182571192303098
"GT_spanishjapanese_179from20gen_199from75gen_071from50gen_sim_1494.txt",449,51.4951559020045,9.32032071269488,5.97765208841016,5.74672825250192,7.22844790315607,13.6106315311222,2.06548473803146,0.180994125552926
"GT_spanishjapanese_179from75gen_sim_290.txt",179,77.7964525139665,14.2555251396648,5.90780694687191,5.60354156419085,7.14417165402534,12.8627423234753,1.85420020987053,0.183241326294481
"GT_spanishjapanese_180from50gen_081from75gen_096from20gen_sim_1423.txt",357,51.6548543417367,8.79199159663866,6.22819619584892,6.11245491194568,7.2680559150919,13.6106315311222,1.91694487379787,0.17020649285879
"GT_spanishjapanese_180from50gen_sim_248.txt",180,53.4360444444444,9.23636666666667,6.41083832209676,6.20459268241276,7.78545055598746,11.7236090716267,1.91971374359593,0.172848996640636
"GT_spanishjapanese_180from75gen_081from20gen_sim_520.txt",261,61.8339770114943,11.2399616858238,5.98952537286688,5.74800899465942,7.22844790315607,13.7001146788991,2.0043941403631,0.181776463832083
"GT_spanishjapanese_182from20gen_060from75gen_051from50gen_sim_1476.txt",293,39.8242081911263,7.16789419795222,5.98838528444633,6.0021023125438,7.18898847631242,13.7001146788991,2.00436034412638,0.179988366963926
"GT_spanishjapanese_182from50gen_078from20gen_sim_816.txt",260,44.9083269230769,7.41548846153846,6.37691447012786,6.23615362082258,7.4538065534959,13.6106315311222,1.95249150063872,0.165125021785835
"GT_spanishjapanese_182from50gen_sim_219.txt",182,53.3209725274725,9.09918131868132,6.50109833660213,6.26911299930503,7.54499601787023,13.6106315311222,1.9719125807206,0.170649200255925
"GT_spanishjapanese_182from50gen_sim_362.txt",182,54.9122307692308,8.78498901098901,6.71010889190344,6.47431721297726,7.80346364516367,13.6106315311222,1.99982877472726,0.159982373469911
"GT_spanishjapanese_182from75gen_032from20gen_128from50gen_sim_1449.txt",342,63.8003362573099,11.4564649122807,6.11593480194012,5.81489565149341,7.34580569374322,13.6106315311222,2.02128198463646,0.179567469144304
"GT_spanishjapanese_183from50gen_047from20gen_sim_977.txt",230,47.5825782608696,7.77034782608696,6.43167940970383,6.31138011084157,7.66119626142495,13.3470899470899,1.90742754196318,0.163302370533314
"GT_spanishjapanese_183from75gen_sim_407.txt",183,78.9513169398907,14.2553005464481,5.97862596455551,5.60354156419085,7.16672080490979,12.8627423234753,1.80409925303721,0.18055810971844
"GT_spanishjapanese_184from50gen_093from75gen_sim_864.txt",277,62.2838158844765,11.0676064981949,6.23999048194577,6.07713654350172,7.28444726005702,13.6106315311222,1.94747241435204,0.17769634600942
"GT_spanishjapanese_184from50gen_098from75gen_146from20gen_sim_1186.txt",428,48.301953271028,8.62384112149533,5.96179735207179,5.79086082169091,7.0369633888467,13.6106315311222,1.9232214459783,0.178540214991015
"GT_spanishjapanese_184from75gen_085from20gen_sim_896.txt",269,59.9002379182156,10.9927881040892,5.73037949347642,5.4954829742877,6.96371077762619,12.8627423234753,1.77878643129439,0.18351827114774
"GT_spanishjapanese_184from75gen_sim_032.txt",184,79.6800326086957,14.1759184782609,6.07240643437941,5.82443343007387,7.21823196905728,12.8627423234753,1.90723520670512,0.177910550663025
"GT_spanishjapanese_184from75gen_sim_466.txt",184,78.8586195652174,13.9162663043478,6.18469241540121,5.81489565149341,7.29784223938964,12.8627423234753,2.00139107643597,0.176471086877685
"GT_spanishjapanese_185from20gen_sim_359.txt",185,21.4201243243243,4.09131351351351,5.64713485779734,5.57446118943445,6.89670932358318,12.0425273390036,1.92758974604588,0.191003257103764
"GT_spanishjapanese_185from50gen_071from20gen_032from75gen_sim_1073.txt",288,48.8909583333333,8.44477083333333,6.15812324243392,6.05568000853819,7.43608508249476,11.8285859613428,2.01144903093394,0.172726637423586
"GT_spanishjapanese_185from50gen_201from20gen_sim_661.txt",386,37.0402849740933,6.40766062176166,6.18200637617397,6.16050182958704,7.38768298515192,13.6106315311222,2.03571592051266,0.172991666404384
"GT_spanishjapanese_185from75gen_118from50gen_064from20gen_sim_1030.txt",367,60.5237738419619,10.7941416893733,6.16594266655448,6.04474164133739,7.41622085344315,12.8627423234753,2.02041653005523,0.178345483174243
"GT_spanishjapanese_186from20gen_104from75gen_118from50gen_sim_1126.txt",408,45.5813137254902,8.34327205882353,5.9826579557126,5.90734064912347,7.08986560194151,13.7001146788991,2.09457548026862,0.183041500494484
"GT_spanishjapanese_186from20gen_sim_178.txt",186,21.2707688172043,4.21310752688172,5.484730263004,5.53058570937738,6.77584868639472,10.6051045728465,1.89851785511224,0.198070298402851
"GT_spanishjapanese_186from20gen_sim_360.txt",186,21.2374569892473,4.05130107526882,5.75085064893092,5.71159062479426,7.23261758960271,13.7001146788991,2.07457457104517,0.190762061452085
"GT_spanishjapanese_186from50gen_145from20gen_097from75gen_sim_1416.txt",428,49.0451962616822,8.50730607476635,6.1647964976794,6.01037479723271,7.28031022900185,13.7001146788991,1.93263040104948,0.173458497940866
"GT_spanishjapanese_186from75gen_030from20gen_sim_980.txt",216,70.1870416666667,12.8466296296296,5.92603036197781,5.70554345256599,7.08791451886491,12.8627423234753,1.97481273937147,0.183034208659784
"GT_spanishjapanese_186from75gen_174from20gen_040from50gen_sim_1132.txt",400,51.0041725,9.0573875,6.01567985910538,5.85050205528746,7.1722698019219,13.7001146788991,1.99211897374971,0.177581304745215
"GT_spanishjapanese_186from75gen_sim_258.txt",186,79.3286182795699,14.2688172043011,6.00967916716539,5.62137717325538,7.2339699041324,12.8627423234753,1.90211590739995,0.179869730669138
"GT_spanishjapanese_187from20gen_sim_406.txt",187,21.3963155080214,4.14064705882353,5.64107588484748,5.68875502008032,6.94353111594994,10.6051045728465,1.94985298964124,0.193521499403541
"GT_spanishjapanese_187from50gen_sim_303.txt",187,53.4636417112299,9.14173262032086,6.50409826803711,6.29348468724134,7.65601412042028,13.6106315311222,2.05407356348003,0.170989710534452
"GT_spanishjapanese_188from20gen_072from50gen_sim_581.txt",260,30.3600961538462,5.47173846153846,5.79096266820244,5.76088299038405,7.05631059737689,13.6106315311222,2.06502293016229,0.180227968772269
"GT_spanishjapanese_188from50gen_sim_432.txt",188,55.5178882978723,8.95040425531915,6.5902339956237,6.26911299930503,7.7500050367361,13.6106315311222,1.93270657923922,0.161216583154193
"GT_spanishjapanese_188from75gen_126from50gen_044from20gen_sim_1325.txt",358,62.8300363128492,11.2209581005587,6.15893941458603,5.93420274085726,7.26268168241691,13.3470899470899,1.95899419506902,0.178592258719798
"GT_spanishjapanese_188from75gen_149from20gen_sim_735.txt",337,52.9989258160237,9.91293471810089,5.67828214055942,5.55520933205497,6.93901339068896,12.0425273390036,1.93279025984472,0.187040294977145
"GT_spanishjapanese_188from75gen_sim_009.txt",188,77.9283882978723,14.3512606382979,5.8823441575569,5.60154938677531,7.02827611308506,12.8627423234753,1.83759743683311,0.184159597699388
"GT_spanishjapanese_190from20gen_sim_316.txt",190,21.1739368421053,4.03112105263158,5.74402915219791,5.82397573758516,7.03041725284767,10.6051045728465,1.99948881837386,0.190381273104373
"GT_spanishjapanese_190from50gen_200from20gen_066from75gen_sim_1002.txt",456,43.3184714912281,7.57893640350877,6.0109562920912,6.05317719481222,7.27039519452568,11.8262169086251,1.92609320299584,0.174958537146065
"GT_spanishjapanese_190from75gen_021from50gen_102from20gen_sim_1105.txt",313,58.0390607028754,10.8007731629393,5.79931045060789,5.6550345721694,6.9678517397882,13.7001146788991,1.95278054355274,0.186094899402881
"GT_spanishjapanese_190from75gen_sim_242.txt",190,79.2505210526316,13.9718947368421,6.07790380886622,5.68246286763459,7.22504259178981,12.0015192240271,1.79369262364138,0.176300351736024
"GT_spanishjapanese_190from75gen_sim_272.txt",190,79.7848947368421,14.3547684210526,6.01319296673164,5.64705391100215,7.18405293432421,12.8627423234753,1.83757227905833,0.179918372624286
"GT_spanishjapanese_191from50gen_055from75gen_sim_807.txt",246,58.8241382113821,10.1457764227642,6.42071569239042,6.16050182958704,7.55966832504855,13.6106315311222,2.03340301537914,0.172476414126218
"GT_spanishjapanese_191from50gen_061from20gen_sim_577.txt",252,46.0337301587302,7.94915079365079,6.31449684302857,6.15539547231531,7.59684162094712,13.6106315311222,1.96583280677568,0.172681005129089
"GT_spanishjapanese_191from75gen_169from20gen_146from50gen_sim_1267.txt",506,52.2546462450593,9.38337351778656,6.01703646821405,5.97143601694811,7.03663011527648,13.7001146788991,1.96746529398786,0.179570128056771
"GT_spanishjapanese_191from75gen_sim_198.txt",191,78.9872460732984,14.4862513089005,5.97029098118018,5.61026023312551,7.17924989729896,12.8627423234753,1.9707026958347,0.183399878196255
"GT_spanishjapanese_192from20gen_172from75gen_057from50gen_sim_1262.txt",421,49.0893610451306,8.87890736342043,5.90584788945423,5.82938758151403,7.16418755052547,12.8627423234753,1.96657292112819,0.180872335153386
"GT_spanishjapanese_192from20gen_213from75gen_230from50gen_sim_1312.txt",635,52.6979496062992,9.2717937007874,6.09525468624544,6.03123814341722,7.25426518627742,13.6106315311222,1.95171433275682,0.175942209707512
"GT_spanishjapanese_192from20gen_sim_192.txt",192,21.51290625,4.01809375,5.76185002614029,5.82397573758516,6.90124627840167,13.7001146788991,1.92123974599914,0.186775961523097
"GT_spanishjapanese_192from50gen_020from75gen_058from20gen_sim_1230.txt",270,48.9064333333333,8.11175555555556,6.40391157630078,6.20044955673921,7.5586481980356,13.7001146788991,2.0362284426064,0.165862750617449
"GT_spanishjapanese_192from50gen_053from75gen_sim_674.txt",245,59.1601918367347,9.78050612244898,6.42272851719964,6.15562021769587,7.64329311568488,11.8262169086251,1.7803611630457,0.165322420681806
"GT_spanishjapanese_192from50gen_060from75gen_sim_947.txt",252,60.3779444444444,10.2054126984127,6.44200672921548,6.23424405449483,7.6779967595568,13.6106315311222,1.97881061198084,0.169025507448386
"GT_spanishjapanese_192from75gen_sim_056.txt",192,78.7705364583333,13.991921875,6.07896003574965,5.77916050950627,7.28747444277425,12.8627423234753,1.88974455962942,0.177628876279155
"GT_spanishjapanese_193from50gen_075from75gen_082from20gen_sim_1081.txt",350,52.1143,8.80409142857143,6.28313887763795,6.11131248893649,7.55966832504855,13.6106315311222,2.01186817550391,0.168938111584947
"GT_spanishjapanese_193from50gen_sim_483.txt",193,53.781378238342,8.93755958549223,6.66951966767501,6.33281853281853,7.84880668257756,13.6106315311222,2.07101641182598,0.166183163731576
"GT_spanishjapanese_193from75gen_053from50gen_040from20gen_sim_1117.txt",286,66.4902517482518,11.8918356643357,6.05515032114337,5.7586896894689,7.21873427950748,12.8627423234753,1.94840691492018,0.178850814242079
"GT_spanishjapanese_194from20gen_100from50gen_sim_932.txt",294,32.0109387755102,5.75345578231293,5.99664173327441,6.03219365734397,7.34634648198334,13.6106315311222,2.11711381796147,0.179734053495319
"GT_spanishjapanese_194from20gen_sim_367.txt",194,21.0398350515464,4.16586597938144,5.53796418042005,5.58331877182547,6.92876278231952,12.0425273390036,2.00724176013662,0.197998984743716
"GT_spanishjapanese_194from50gen_sim_147.txt",194,54.5317886597938,8.78846907216495,6.65947282479859,6.4263126964503,7.87836361180728,13.6106315311222,2.03630901776052,0.161162310794413
"GT_spanishjapanese_194from75gen_031from50gen_196from20gen_sim_1500.txt",421,50.783486935867,9.18381947743468,5.93294898729461,5.73367952522255,7.23581057112451,13.7001146788991,2.04469291418543,0.180842632744629
"GT_spanishjapanese_195from50gen_089from20gen_132from75gen_sim_1017.txt",416,55.8787932692308,9.50827884615385,6.28204930297333,6.15431601488661,7.43439242943291,13.6106315311222,1.95890973820549,0.170158986797403
"GT_spanishjapanese_195from50gen_296from75gen_039from20gen_sim_1050.txt",530,65.4329811320755,11.6487660377358,6.15073441235435,5.98290314670747,7.29249899357275,12.8627423234753,1.90979299721597,0.178025910423109
"GT_spanishjapanese_195from75gen_059from50gen_140from20gen_sim_1007.txt",394,54.6311218274112,9.69882741116751,6.04272558859004,5.89920085639908,7.22780429988297,12.8627423234753,2.03263361754941,0.177533008416114
"GT_spanishjapanese_196from20gen_sim_469.txt",196,21.1546581632653,4.01601020408163,5.71918406234461,5.69726159212557,6.95002841116169,13.7001146788991,2.00166959589243,0.189840467904859
"GT_spanishjapanese_196from50gen_087from20gen_230from75gen_sim_1177.txt",513,59.9025419103314,10.5637641325536,6.10261100186613,6.0021023125438,7.21154617132166,13.7001146788991,1.93013158788535,0.176349179778825
"GT_spanishjapanese_197from75gen_127from20gen_sim_783.txt",324,56.2499969135802,10.2306265432099,5.89922902898972,5.75145184625552,7.16464318744606,12.8627423234753,1.95596350554988,0.181877815192198
"GT_spanishjapanese_198from20gen_096from75gen_sim_531.txt",294,39.9791768707483,7.13809183673469,5.82741667665349,5.77458156519619,7.10374207355871,12.8627423234753,1.91872131316209,0.17854524268501
"GT_spanishjapanese_198from50gen_182from75gen_sim_726.txt",380,65.0592131578947,11.4727078947368,6.2362566917018,6.06140651058702,7.29552617628999,13.3470899470899,1.88200987619966,0.176342555310241
"GT_spanishjapanese_198from75gen_112from20gen_110from50gen_sim_1218.txt",420,56.9427785714286,10.3822976190476,6.03805510170791,5.81334217296689,7.23028857014818,13.7001146788991,2.08612223500468,0.182328609167256
"GT_spanishjapanese_198from75gen_117from20gen_166from50gen_sim_1149.txt",481,56.3495987525988,9.92567775467776,6.11954812833423,6.02865618510828,7.22844790315607,12.8627423234753,1.92466033010234,0.176144603943963
"GT_spanishjapanese_198from75gen_127from50gen_sim_942.txt",325,69.4746523076923,12.4174030769231,6.11224564471131,5.8485161085542,7.22587349006364,13.3470899470899,1.91639040466788,0.178732856724901
"GT_spanishjapanese_198from75gen_153from20gen_sim_811.txt",351,53.6194558404558,9.96662108262108,5.7485133001906,5.59517426273458,6.97543219215809,12.8627423234753,1.90781884156453,0.185876953176785
"GT_spanishjapanese_198from75gen_sim_215.txt",198,78.2359494949495,14.4422171717172,5.8960115216542,5.53341208453629,7.16869498751714,12.8627423234753,1.91176016767799,0.184598221980414
"GT_spanishjapanese_199from20gen_072from50gen_083from75gen_sim_1283.txt",354,41.1753615819209,7.36220621468927,5.89360185935703,5.99656776519792,7.12150024435703,13.7001146788991,1.87839436262332,0.178801252298458
"GT_spanishjapanese_199from50gen_049from20gen_sim_715.txt",248,48.1131653225806,8.03464919354839,6.32475129764356,6.13751294201111,7.4345233850089,13.3470899470899,1.91698877964794,0.166994816069138
"GT_spanishjapanese_199from50gen_056from75gen_021from20gen_sim_1076.txt",276,56.2447826086957,9.74140217391304,6.42662454283775,6.21350714677969,7.63650996758521,13.6106315311222,2.05378097048687,0.17319654769911
"GT_spanishjapanese_199from50gen_115from20gen_158from75gen_sim_1446.txt",472,53.9852351694915,9.63695550847458,6.12302610978441,6.05568000853819,7.21512800100716,13.6106315311222,1.97078630124884,0.178510948006774
"GT_spanishjapanese_199from50gen_sim_388.txt",199,53.5548944723618,8.94324120603015,6.63533674918094,6.30504106941537,7.78615778877006,13.6106315311222,2.06276722164027,0.1669920423547
"GT_spanishjapanese_199from75gen_sim_077.txt",199,78.2072412060301,14.3194572864322,5.93012600391275,5.59095174262735,7.05916208105337,12.8627423234753,1.9200737595378,0.183096310080914
"GT_spanishjapanese_200from20gen_094from75gen_sim_996.txt",294,40.2259455782313,7.58008503401361,5.71781746030652,5.57512028296663,6.90618497046598,13.7001146788991,1.99579930610724,0.188437709171358
"GT_spanishjapanese_200from20gen_sim_400.txt",200,21.01565,4.12084,5.56982231471903,5.53090054434443,6.88196275972246,12.0425273390036,2.0332573315855,0.196084346665461
"GT_spanishjapanese_200from75gen_033from20gen_sim_638.txt",233,70.057008583691,12.5076480686695,6.01411163649396,5.63249411338526,7.28444726005702,12.8627423234753,1.83910205808198,0.178535286069598
"GT_spanishjapanese_200from75gen_051from50gen_sim_800.txt",251,73.3920876494024,13.4092509960159,5.9619554198936,5.63466225626741,7.12391746781166,12.0015192240271,1.89169992731749,0.182707038667064
"GT_spanishjapanese_201from50gen_161from75gen_077from20gen_sim_1238.txt",439,57.7627425968109,10.0146173120729,6.21826754490446,6.0878909998081,7.35918564675172,13.7001146788991,1.95949479612879,0.173375031410399
"GT_spanishjapanese_201from75gen_145from50gen_sim_854.txt",346,68.6618988439306,12.0356734104046,6.23773936040365,6.07659335636165,7.29621271938064,13.6106315311222,1.943017492613,0.175288968307764
"GT_spanishjapanese_202from20gen_185from50gen_sim_610.txt",387,36.527976744186,6.40389147286822,6.08059685014539,6.08247863247863,7.2622443700075,13.7001146788991,1.98866852313598,0.175314705156438
"GT_spanishjapanese_203from20gen_137from50gen_sim_619.txt",340,34.2304970588235,6.14246176470588,6.01387010666786,6.07412737105166,7.2666925043265,13.7001146788991,2.06977082303483,0.179444130015125
"GT_spanishjapanese_203from50gen_072from20gen_173from75gen_sim_1124.txt",448,58.6179888392857,10.0480267857143,6.27313196741704,6.12945644218701,7.41083346602452,13.3470899470899,1.95271290427039,0.171415413334347
"GT_spanishjapanese_203from50gen_sim_247.txt",203,54.3651921182266,8.88286699507389,6.72891876814791,6.49507192328183,7.80034756344599,13.3470899470899,1.97860830428173,0.163392543077132
"GT_spanishjapanese_206from50gen_277from20gen_sim_697.txt",483,35.7066418219462,6.10443685300207,6.10057292825585,6.11245491194568,7.3454804523912,13.7001146788991,2.0740236252165,0.17096082245545
"GT_spanishjapanese_206from75gen_sim_167.txt",206,79.356854368932,14.0139563106796,6.05553335022845,5.73791572714518,7.16869498751714,12.8627423234753,1.76371862010783,0.176594150840813
"GT_spanishjapanese_206from75gen_sim_249.txt",206,79.1939514563107,14.2109368932039,6.04863971694109,5.74508046186362,7.2339699041324,12.0015192240271,1.89166477922961,0.17944472566246
"GT_spanishjapanese_207from50gen_sim_467.txt",207,54.7357342995169,8.69084057971014,6.65768156069065,6.35092377475384,7.72446035806272,13.3470899470899,1.83139047240917,0.158778185602725
"GT_spanishjapanese_209from20gen_sim_199.txt",209,21.1131913875598,4.01307177033493,5.67929814582084,5.70576816417083,6.94542483660131,13.7001146788991,2.02409522231922,0.190074143537556
"GT_spanishjapanese_209from75gen_198from50gen_sim_904.txt",407,67.3991621621622,11.7097592137592,6.27167001006316,6.04474164133739,7.34494944937136,13.6106315311222,1.88978334416202,0.173737459607963
"GT_spanishjapanese_210from50gen_210from75gen_sim_830.txt",420,66.4579333333333,11.7113642857143,6.276522165321,6.02994716426275,7.42647313853318,13.6106315311222,2.02667506869693,0.176222216044149
"GT_spanishjapanese_210from75gen_144from50gen_057from20gen_sim_1266.txt",411,61.8123844282238,11.1452822384428,6.04042605830745,5.91786342321219,7.1713895617875,13.3470899470899,1.90850360345635,0.180308239870356
"GT_spanishjapanese_211from20gen_206from75gen_076from50gen_sim_1004.txt",493,50.863845841785,9.13528803245436,6.02117875527747,5.85248800202071,7.21482665769101,13.7001146788991,1.99114015131838,0.179602778383495
"GT_spanishjapanese_211from20gen_sim_048.txt",211,21.0322796208531,3.92118009478673,5.82468355908442,5.76031781063783,7.28211689904893,13.7001146788991,2.05671789103918,0.18643628581749
"GT_spanishjapanese_211from75gen_061from20gen_159from50gen_sim_1212.txt",431,60.7336241299304,10.620494199536,6.23555293640433,5.97477307556289,7.39560167279909,13.6106315311222,1.96714048782443,0.174870088055589
"GT_spanishjapanese_211from75gen_097from50gen_097from20gen_sim_1277.txt",405,59.4609654320988,10.4747407407407,6.04088377835212,5.89546471425666,7.16743151161174,12.8627423234753,1.97828290290595,0.176161632503299
"GT_spanishjapanese_211from75gen_sim_036.txt",211,78.9718199052133,14.103682464455,6.0303696706883,5.59408225500701,7.18318121696443,12.8627423234753,1.89492827405891,0.178591331457007
"GT_spanishjapanese_212from20gen_159from75gen_sim_710.txt",371,45.8160377358491,8.42722371967655,5.78066039107644,5.59517426273458,7.15627559344455,13.7001146788991,1.95783962221021,0.183936109190922
"GT_spanishjapanese_212from20gen_289from75gen_sim_969.txt",501,54.4900978043912,10.0031017964072,5.83332445938047,5.64059225204516,7.01970705725699,13.7001146788991,1.95841049711854,0.183576506548334
"GT_spanishjapanese_213from20gen_047from50gen_041from75gen_sim_1437.txt",301,34.0454451827243,6.31388372093023,5.80507794618849,5.82965144820815,7.01970705725699,10.5448888888889,1.93100441271664,0.185454579519909
"GT_spanishjapanese_213from75gen_184from50gen_154from20gen_sim_1295.txt",551,54.6082050816697,9.66455353901996,6.03851308681481,5.85246063966729,7.23084203059408,13.6106315311222,1.9750044974353,0.176979879206176
"GT_spanishjapanese_213from75gen_sim_047.txt",213,78.6296431924883,14.2779577464789,5.92560204905134,5.60216158059468,7.01970705725699,12.8627423234753,1.82048151402163,0.181584923532286
"GT_spanishjapanese_214from50gen_061from75gen_088from20gen_sim_1480.txt",363,50.9959035812672,8.80182093663912,6.19530196150255,6.08440133933726,7.40439601782143,13.6106315311222,1.96598865663511,0.17259858770053
"GT_spanishjapanese_214from75gen_sim_183.txt",214,78.1333177570094,14.1820560747664,5.98051427676699,5.63357818482633,7.18762774872897,12.8627423234753,1.8855155118935,0.181510992773554
"GT_spanishjapanese_214from75gen_sim_243.txt",214,78.3112803738318,14.0284158878505,6.07411444442028,5.74508046186362,7.20851834540869,12.8627423234753,1.93673759795716,0.179136592083331
"GT_spanishjapanese_215from50gen_046from20gen_sim_601.txt",261,48.0276781609195,8.12232950191571,6.42272132418652,6.26078697421981,7.46839666357739,13.7001146788991,1.86680626479214,0.169117679907435
"GT_spanishjapanese_215from75gen_020from50gen_046from20gen_sim_1012.txt",281,67.0128754448399,12.3260498220641,5.85674476757339,5.60354156419085,7.01970705725699,12.8627423234753,1.93314028045267,0.183935545822235
"GT_spanishjapanese_215from75gen_sim_214.txt",215,79.4960279069767,14.0809581395349,6.08068116025987,5.89374612149211,7.18566208889624,12.0015192240271,1.83368601142593,0.177127820222815
"GT_spanishjapanese_217from20gen_139from50gen_sim_934.txt",356,33.7675561797753,6.05913483146067,6.02635915192202,6.06748480511918,7.25071290682178,13.7001146788991,2.08690232886066,0.179436581054383
"GT_spanishjapanese_217from50gen_099from20gen_142from75gen_sim_1103.txt",458,54.5661026200873,9.5490807860262,6.17786898454801,6.05804030601655,7.31194387578027,12.8627423234753,1.91055298689423,0.175000235082044
"GT_spanishjapanese_217from75gen_035from20gen_124from50gen_sim_1268.txt",376,65.3342712765957,11.5726994680851,6.12487653650656,5.8087585458266,7.1836964290635,13.6106315311222,1.90227381202092,0.177130612188074
"GT_spanishjapanese_219from75gen_039from50gen_162from20gen_sim_1015.txt",420,54.0291428571429,9.64735238095238,5.97260356886799,5.77458156519619,7.11777418572673,13.7001146788991,1.98599538808381,0.178558308919701
"GT_spanishjapanese_220from50gen_037from20gen_082from75gen_sim_1016.txt",339,56.1577817109145,9.72188790560472,6.30031864781616,6.0878909998081,7.38472401478254,13.6106315311222,1.91799658823514,0.173117377670836
"GT_spanishjapanese_220from75gen_029from50gen_sim_898.txt",249,76.5604457831325,13.757718875502,6.00764125393535,5.76937038427838,7.11564699512723,12.0015192240271,1.78576284552038,0.179697476089318
"GT_spanishjapanese_221from50gen_081from75gen_sim_542.txt",302,61.1360794701987,10.4037052980132,6.39268685963074,6.15431601488661,7.33066794015348,13.6106315311222,1.92795963637308,0.17017292224446
"GT_spanishjapanese_221from75gen_088from50gen_sim_945.txt",309,72.3061326860841,12.9268996763754,6.04704320483741,5.78823390151515,7.1895934085617,12.8627423234753,1.79509730551158,0.178780128270687
"GT_spanishjapanese_221from75gen_128from50gen_247from20gen_sim_1154.txt",596,49.6200218120805,9.0426744966443,5.95225035161139,5.82443343007387,7.16785267024687,13.7001146788991,2.01133948284228,0.182238422443473
"GT_spanishjapanese_223from50gen_113from20gen_035from75gen_sim_1371.txt",371,46.4118194070081,8.10974123989218,6.20099138587202,6.08247863247863,7.39202896990718,13.3470899470899,2.00516796383918,0.174734396184167
"GT_spanishjapanese_224from75gen_070from20gen_050from50gen_sim_1478.txt",344,63.4438139534884,11.4376715116279,5.96067482039932,5.73973176274984,7.0078567788248,12.8627423234753,1.87672951874942,0.180280326778794
"GT_spanishjapanese_225from20gen_069from75gen_068from50gen_sim_1441.txt",362,38.1231519337017,6.97495027624309,5.92485943274033,5.92157522884709,7.20836711234637,13.7001146788991,2.05116626500157,0.182958384143392
"GT_spanishjapanese_225from50gen_084from75gen_175from20gen_sim_1048.txt",484,46.5124214876033,8.13024173553719,6.09338367075913,6.06140651058702,7.26180705759809,13.7001146788991,2.00275780204075,0.174797214926858
"GT_spanishjapanese_225from50gen_107from75gen_022from20gen_sim_1228.txt",354,59.3511920903955,10.1422033898305,6.41671451012594,6.20459268241276,7.60675649717113,13.6106315311222,2.01294057425841,0.170884577590006
"GT_spanishjapanese_226from50gen_033from75gen_048from20gen_sim_1359.txt",307,51.1794560260586,8.72785342019544,6.45140634089042,6.20148423005566,7.55954575430949,13.7001146788991,2.02398443425347,0.170534313919858
"GT_spanishjapanese_227from20gen_030from50gen_106from75gen_sim_1385.txt",363,40.7459008264463,7.51838842975207,5.76437197995922,5.73550724637681,6.88375706615242,13.7001146788991,1.88984833984076,0.184518890913125
"GT_spanishjapanese_227from75gen_sim_326.txt",227,79.050013215859,14.5606431718062,5.8769421786117,5.60354156419085,7.10141305881801,11.8467201261996,1.80149115726247,0.184195328747712
"GT_spanishjapanese_228from75gen_sim_415.txt",228,80.6294078947368,14.2735657894737,6.11691769460769,5.71059894029116,7.23223180828251,12.8627423234753,1.91364588908098,0.177026796576605
"GT_spanishjapanese_229from50gen_091from75gen_sim_790.txt",320,61.74858125,10.53196875,6.39970923946866,6.16050182958704,7.35764494957613,13.6106315311222,1.94107793751809,0.170562117166052
"GT_spanishjapanese_230from20gen_029from50gen_sim_983.txt",259,25.0877065637066,4.5777722007722,5.84768690532133,5.8887299771167,7.0392838030614,12.0425273390036,2.04149047587861,0.182470732792877
"GT_spanishjapanese_230from20gen_076from75gen_sim_861.txt",306,35.293954248366,6.4902908496732,5.88525339067944,5.87641223265284,7.29621271938064,13.7001146788991,2.08574027672021,0.183892425427895
"GT_spanishjapanese_231from50gen_030from75gen_sim_789.txt",261,56.0591302681992,9.71268965517241,6.3909327118405,6.16100365917407,7.57230462065031,13.6106315311222,1.99025103637652,0.173257944044168
"GT_spanishjapanese_231from75gen_253from50gen_082from20gen_sim_1253.txt",566,59.1514787985866,10.4256607773852,6.18996601424079,6.04790829542817,7.25573637519734,13.6106315311222,2.01778957763783,0.176253594823639
"GT_spanishjapanese_232from20gen_217from50gen_157from75gen_sim_1153.txt",606,47.9813762376238,8.40355610561056,6.06713701579896,6.0246277180223,7.18410187258123,13.6106315311222,1.96510925975536,0.175142039777947
"GT_spanishjapanese_232from50gen_034from20gen_sim_931.txt",266,49.1129248120301,8.39607142857143,6.40837785539416,6.2001890176827,7.56503744513867,13.6106315311222,2.07787431604415,0.17095441700338
"GT_spanishjapanese_232from50gen_168from20gen_060from75gen_sim_1036.txt",460,45.2539217391304,7.78004565217391,6.2332227436167,6.12078704344359,7.48151676777535,13.6106315311222,2.05523473317002,0.171919810553051
"GT_spanishjapanese_232from50gen_sim_369.txt",232,54.4294698275862,8.73923706896552,6.62881007204043,6.34798537993761,7.6361171804642,13.6106315311222,1.94428907913437,0.160560760496996
"GT_spanishjapanese_233from50gen_027from20gen_047from75gen_sim_1051.txt",307,54.2985211726384,9.24452768729642,6.44815169773365,6.27743902439024,7.6385091588711,13.6106315311222,2.02246805515944,0.17025376543689
"GT_spanishjapanese_233from50gen_285from20gen_sim_929.txt",518,36.0270907335907,6.25387451737452,6.13397976196751,6.12078704344359,7.40026290723424,13.7001146788991,1.9976758474554,0.173588108005167
"GT_spanishjapanese_234from20gen_173from75gen_sim_986.txt",407,45.8918476658477,8.4245257985258,5.80760694296259,5.68751835535977,6.97113024317384,13.7001146788991,1.94681937838992,0.183573471695176
"GT_spanishjapanese_234from20gen_sim_127.txt",234,21.313,4.02808974358974,5.78724581063188,5.9194865213007,6.97577894857567,13.7001146788991,2.05286028296772,0.188996844348038
"GT_spanishjapanese_236from50gen_185from75gen_083from20gen_sim_1214.txt",504,57.3768650793651,10.0677103174603,6.22398230814668,6.06140651058702,7.30701124988093,13.7001146788991,1.97246249378295,0.175466371394366
"GT_spanishjapanese_236from50gen_201from20gen_182from75gen_sim_1133.txt",619,50.463394184168,8.9199450726979,6.12610187761434,6.05107494951895,7.28981508240084,13.7001146788991,2.01087714472814,0.176760703811246
"GT_spanishjapanese_238from20gen_037from75gen_029from50gen_sim_1167.txt",304,30.6104901315789,5.69919078947368,5.79979557365857,5.71972384469669,6.96484228607919,13.7001146788991,2.09992354893252,0.186184238310976
"GT_spanishjapanese_239from50gen_053from75gen_sim_849.txt",292,58.1639212328767,10.02225,6.45830043596512,6.20459268241276,7.64368590280589,13.6106315311222,2.06168733418349,0.172310425218288
"GT_spanishjapanese_241from20gen_086from75gen_068from50gen_sim_1005.txt",395,39.1538075949367,7.09132405063291,5.94111894329962,5.89546471425666,7.0790740083932,13.7001146788991,2.07382833290332,0.181114545078113
"GT_spanishjapanese_241from50gen_163from20gen_064from75gen_sim_1225.txt",468,45.7015512820513,7.90974786324786,6.228490623447,6.11177925777404,7.5540540634803,13.7001146788991,2.10606614234686,0.173073946974625
"GT_spanishjapanese_242from75gen_024from50gen_sim_594.txt",266,76.7770864661654,13.9010676691729,5.98872355596987,5.71059894029116,7.18049033326487,12.8627423234753,1.88848887756641,0.181057504380541
"GT_spanishjapanese_243from50gen_049from20gen_238from75gen_sim_1417.txt",530,62.0496924528302,10.9595886792453,6.21746219788654,6.05694396781539,7.3607263439273,13.6106315311222,1.95774731084825,0.176625995166321
"GT_spanishjapanese_243from50gen_197from20gen_056from75gen_sim_1053.txt",496,43.5019939516129,7.63660887096774,6.16595643648418,6.07831803412046,7.39751898667137,13.7001146788991,2.04303509036751,0.175546180238587
"GT_spanishjapanese_243from75gen_197from50gen_152from20gen_sim_1320.txt",592,55.6757263513514,10.0110337837838,6.0006503109261,5.84226300976944,7.13461934269588,13.6106315311222,1.94763275502374,0.179809666435376
"GT_spanishjapanese_244from20gen_059from50gen_078from75gen_sim_1426.txt",381,38.3300918635171,7.00335433070866,5.8239208561975,5.74672825250192,7.04250102165917,13.3470899470899,2.01679752164201,0.18271165004367
"GT_spanishjapanese_244from50gen_123from20gen_sim_712.txt",367,43.1776130790191,7.38226702997275,6.30421616531358,6.15346130283847,7.42806876695815,13.7001146788991,2.03940999169225,0.17097441251471
"GT_spanishjapanese_244from50gen_sim_151.txt",244,54.1982213114754,9.13178278688525,6.55067653163622,6.26911299930503,7.6779967595568,13.6106315311222,2.03146550490338,0.168488606561555
"GT_spanishjapanese_245from50gen_202from75gen_sim_900.txt",447,65.2082371364653,11.3748031319911,6.32447810601794,6.12156458118375,7.35918564675172,13.6106315311222,1.98241666391831,0.174438132841811
"GT_spanishjapanese_245from75gen_116from50gen_sim_663.txt",361,70.0878975069252,12.7270083102493,6.05548814347926,5.73367952522255,7.22844790315607,12.8627423234753,1.91660962700871,0.181586390275037
"GT_spanishjapanese_245from75gen_149from20gen_sim_591.txt",394,57.1177208121827,10.3043350253807,5.85132736086797,5.68797117210108,7.10640283637313,12.8627423234753,1.94774655658559,0.180405220636585
"GT_spanishjapanese_246from50gen_096from75gen_sim_850.txt",342,60.1761637426901,10.4522748538012,6.37154641573431,6.16167788674997,7.5718607494797,13.3470899470899,2.0104028539793,0.173694602708383
"GT_spanishjapanese_246from50gen_268from20gen_084from75gen_sim_1326.txt",598,42.6715133779264,7.59281939799331,6.10229399633809,6.09710154822748,7.38614228797634,13.7001146788991,2.04713784443925,0.177936491981112
"GT_spanishjapanese_246from75gen_068from20gen_sim_851.txt",314,67.1116751592357,12.181347133758,5.94801127330418,5.63654318271521,7.03586123902564,12.8627423234753,1.82617050609573,0.18150861388656
"GT_spanishjapanese_247from20gen_sim_028.txt",247,21.0863360323887,4.05224696356275,5.67521970013839,5.70576816417083,6.93751769538611,12.0425273390036,2.00739224381258,0.192174067478508
"GT_spanishjapanese_249from50gen_117from75gen_sim_733.txt",366,61.8248087431694,10.4687704918033,6.46426684182919,6.23424405449483,7.55966832504855,13.6106315311222,1.93796373370767,0.169329605778358
"GT_spanishjapanese_249from75gen_sim_319.txt",249,79.2498192771084,14.1771726907631,6.02004708101225,5.67740737990942,7.16743151161174,12.8627423234753,1.82539093116423,0.178892176917029
"GT_spanishjapanese_249from75gen_sim_451.txt",249,79.474453815261,14.4198032128514,5.95690988580768,5.61026023312551,7.16601009820785,12.8627423234753,1.87291832410677,0.181439475461767
"GT_spanishjapanese_250from20gen_sim_484.txt",250,21.454956,4.068712,5.75300529035425,5.77005527837591,6.9549817071583,13.7001146788991,2.03945130957816,0.189639727063528
"GT_spanishjapanese_250from75gen_073from20gen_sim_558.txt",323,65.8430557275542,11.8681083591331,5.94450222030892,5.74800899465942,7.13200531574543,12.8627423234753,1.85307935571155,0.180248444243552
"GT_spanishjapanese_251from50gen_165from20gen_049from75gen_sim_1290.txt",465,45.0022107526882,7.78802365591398,6.20689444831127,6.11106853164719,7.4252607184241,13.7001146788991,2.04273399087589,0.173058690354424
"GT_spanishjapanese_251from50gen_sim_023.txt",251,53.6156533864542,8.92905577689243,6.61405180301926,6.27933227344992,7.78615778877006,13.6106315311222,2.02004353877705,0.166538225553889
"GT_spanishjapanese_252from50gen_154from20gen_sim_935.txt",406,41.8466157635468,7.13408374384236,6.33235401458638,6.20459268241276,7.56636905865052,13.6106315311222,2.01219181904921,0.170481737021539
"GT_spanishjapanese_252from75gen_182from20gen_035from50gen_sim_1178.txt",469,54.7001556503198,9.82448187633262,5.97918120323244,5.74672825250192,7.16911614615227,13.7001146788991,2.01130848375246,0.179606104581079
"GT_spanishjapanese_253from75gen_152from20gen_sim_516.txt",405,57.5821135802469,10.4970987654321,5.86999729647728,5.7344262295082,7.00390668601406,12.8627423234753,1.86871498904224,0.182297906637332
"GT_spanishjapanese_253from75gen_sim_345.txt",253,78.7126403162055,14.2799723320158,5.97028314913304,5.63249411338526,7.17676902536716,12.8627423234753,1.88379421844596,0.181419048765867
"GT_spanishjapanese_254from20gen_121from50gen_036from75gen_sim_1271.txt",411,35.1328807785888,6.50515085158151,5.89433004773262,5.89546471425666,6.98117447934148,13.7001146788991,2.08470867843039,0.185158481383228
"GT_spanishjapanese_255from50gen_sim_189.txt",255,54.7636235294118,8.8563568627451,6.60289124038073,6.27933227344992,7.74903368127377,13.6106315311222,1.95952501561039,0.161719701728441
"GT_spanishjapanese_256from50gen_041from20gen_157from75gen_sim_1355.txt",454,59.4149052863436,10.4390462555066,6.19424812535632,6.07300705847289,7.34938165950334,13.6106315311222,1.91659888224164,0.175697431565308
"GT_spanishjapanese_257from20gen_145from50gen_sim_752.txt",402,33.2292935323383,5.76360696517413,6.00960598506769,6.06302226234755,7.2668216850255,13.7001146788991,2.05385022806097,0.173449578744883
"GT_spanishjapanese_257from20gen_154from75gen_sim_844.txt",411,42.7468613138686,7.95124574209246,5.78955115390896,5.61026023312551,6.99343150002601,13.7001146788991,2.04435174699814,0.186007709050507
"GT_spanishjapanese_257from20gen_163from50gen_236from75gen_sim_1404.txt",656,50.5342225609756,8.79905335365854,6.07712375289934,5.94692048043702,7.26180705759809,13.7001146788991,1.9770191230489,0.174120683127982
"GT_spanishjapanese_258from50gen_sim_340.txt",258,53.9069496124031,9.04646124031008,6.54687997650539,6.28640848034563,7.64447147704791,13.6106315311222,2.00814979483111,0.167816233442165
"GT_spanishjapanese_258from75gen_033from20gen_096from50gen_sim_1088.txt",387,67.2554832041344,12.2734315245478,5.99569747980758,5.76937038427838,7.12391746781166,13.7001146788991,1.86182610799543,0.182489678756681
"GT_spanishjapanese_258from75gen_083from50gen_028from20gen_sim_1162.txt",369,69.0564552845528,12.3801165311653,6.02555579864165,5.75489469785162,7.1895934085617,12.8627423234753,1.84332942655392,0.179275297003763
"GT_spanishjapanese_259from50gen_066from20gen_179from75gen_sim_1396.txt",504,58.4136031746032,10.279876984127,6.25878287544987,6.07300705847289,7.42647313853318,13.6106315311222,1.98974146421593,0.175984298612766
"GT_spanishjapanese_260from20gen_sim_162.txt",260,21.3186730769231,4.10209615384615,5.67519385465075,5.7420199244669,6.91949235601127,13.7001146788991,2.00085407658922,0.192417986759531
"GT_spanishjapanese_261from75gen_063from50gen_sim_587.txt",324,74.6707222222222,13.0823024691358,6.21968225765446,5.90006015278136,7.26304128766449,13.3470899470899,1.92436281356466,0.17519989200322
"GT_spanishjapanese_261from75gen_sim_378.txt",261,79.5502337164751,14.4052260536398,5.95630425761902,5.61026023312551,7.14836363636364,12.8627423234753,1.84186289867281,0.181083390716129
"GT_spanishjapanese_263from75gen_089from20gen_163from50gen_sim_1468.txt",515,60.7182699029126,10.9065533980583,6.06182481054267,5.84244372990354,7.21318641450634,13.3470899470899,1.9873194451664,0.179625562709504
"GT_spanishjapanese_264from75gen_052from50gen_sim_926.txt",316,74.8595316455696,13.3036012658228,6.09887688276364,5.82443343007387,7.18293461566956,12.8627423234753,1.85018445287646,0.177714193147909
"GT_spanishjapanese_265from20gen_033from50gen_sim_506.txt",298,24.7163422818792,4.61372818791946,5.69229998633978,5.73640942140434,6.87969102270425,12.0425273390036,1.94264222127979,0.186667110177626
"GT_spanishjapanese_265from20gen_123from75gen_sim_705.txt",388,39.4290618556701,7.42688402061856,5.76636625782168,5.7349667379425,6.96484228607919,13.7001146788991,1.96969290882757,0.188360657623674
"GT_spanishjapanese_265from20gen_180from50gen_sim_539.txt",445,34.6106741573034,6.14169887640449,6.03857630662077,6.09645258520751,7.2680559150919,13.7001146788991,1.97334336880734,0.177451003944357
"GT_spanishjapanese_265from50gen_sim_071.txt",265,53.9376981132075,9.01774339622641,6.58471917270626,6.35092377475384,7.78474332320486,13.6106315311222,2.04027455174161,0.167188139495672
"GT_spanishjapanese_265from75gen_031from20gen_sim_639.txt",296,73.0613344594595,13.1754662162162,6.00534338280037,5.68246286763459,7.16785267024687,12.8627423234753,1.86832937186898,0.180334322028118
"GT_spanishjapanese_266from20gen_078from50gen_028from75gen_sim_1272.txt",372,32.7872284946237,5.84494892473118,5.88549044112488,5.84745218478542,7.03767519376251,13.7001146788991,1.98200632620973,0.178269075890011
"GT_spanishjapanese_267from50gen_163from75gen_sim_914.txt",430,63.2719697674419,11.0720488372093,6.30514471764464,6.09217179250781,7.34305179179316,13.6106315311222,2.01118394831384,0.174991372607886
"GT_spanishjapanese_268from50gen_029from20gen_sim_753.txt",297,50.6105084175084,8.62708754208754,6.34321504702495,6.15562021769587,7.54856237265112,13.6106315311222,2.02755046614264,0.170460400652744
"GT_spanishjapanese_268from75gen_sim_307.txt",268,79.3659402985075,14.2017611940299,6.03105889844174,5.68246286763459,7.1836964290635,12.8627423234753,1.87704013101681,0.178940249943677
"GT_spanishjapanese_270from20gen_sim_163.txt",270,21.3186259259259,4.11091481481481,5.66883817706142,5.74111774943937,6.96242118380146,12.0425273390036,2.01914433041661,0.19283207224981
"GT_spanishjapanese_270from75gen_020from20gen_sim_625.txt",290,74.8226310344828,13.4970448275862,6.00620935962256,5.71972384469669,7.18049033326487,12.8627423234753,1.88900666598668,0.180387198912665
"GT_spanishjapanese_271from20gen_185from75gen_sim_607.txt",456,44.0931578947368,8.20864035087719,5.78919267581195,5.68858950446136,7.02090118047144,13.7001146788991,1.99004015275471,0.186165852998635
"GT_spanishjapanese_272from20gen_sim_190.txt",272,21.2493897058824,4.11112867647059,5.66643613879101,5.69726159212557,6.9486104601203,13.7001146788991,2.07166748188553,0.19347043531008
"GT_spanishjapanese_272from75gen_120from50gen_025from20gen_sim_1107.txt",417,67.8319808153477,12.1135707434053,6.1465020562067,6.03123814341722,7.22844790315607,13.6106315311222,1.90817531008936,0.178581999195643
"GT_spanishjapanese_273from20gen_sim_110.txt",273,21.1135457875458,4.10759340659341,5.6136392330093,5.70576816417083,6.88734567901235,13.7001146788991,2.00474300559455,0.194547777428098
"GT_spanishjapanese_275from75gen_sim_465.txt",275,79.0732109090909,14.2428363636364,5.99717917053214,5.64059225204516,7.16672080490979,12.8627423234753,1.87382061188765,0.180122145033558
"GT_spanishjapanese_276from50gen_061from75gen_sim_964.txt",337,59.0587329376855,9.89973887240356,6.48704726691259,6.29348468724134,7.6182404560114,13.6106315311222,1.90592680081181,0.167625317712946
"GT_spanishjapanese_276from50gen_157from75gen_sim_867.txt",433,62.9389930715935,10.8729792147806,6.33712904617588,6.14551288100406,7.38402235713597,13.6106315311222,1.94140622333725,0.1727542606602
"GT_spanishjapanese_276from75gen_059from20gen_183from50gen_sim_1161.txt",518,63.6529768339768,11.2309034749035,6.14808616256122,5.92180271287645,7.33320320392553,13.6106315311222,1.99165049426159,0.176439563921677
"GT_spanishjapanese_276from75gen_sim_018.txt",276,78.5742173913043,14.3130289855072,5.91123450461611,5.60285157239277,7.11777418572673,12.8627423234753,1.79189501229212,0.182159357874702
"GT_spanishjapanese_277from20gen_049from50gen_sim_870.txt",326,26.5261533742331,4.8194754601227,5.86143345079165,5.81111823800876,7.03041725284767,13.7001146788991,2.08696315529977,0.181687687322363
"GT_spanishjapanese_278from20gen_058from75gen_sim_746.txt",336,32.0013839285714,5.86235416666667,5.77925962174116,5.7420199244669,6.96484228607919,13.7001146788991,1.96074474912549,0.18319064512184
"GT_spanishjapanese_278from75gen_sim_144.txt",278,79.3081438848921,14.3522050359712,5.96069197178183,5.60690089865818,7.16555446128725,12.8627423234753,1.85272422782513,0.180967607271228
"GT_spanishjapanese_279from75gen_sim_431.txt",279,79.112605734767,14.3420286738351,5.96966685174285,5.61026023312551,7.16672080490979,12.8627423234753,1.87979428388684,0.181286263303199
"GT_spanishjapanese_280from20gen_041from75gen_024from50gen_sim_1435.txt",345,30.6304057971014,5.53539130434783,5.85622649280072,5.84244372990354,7.18898847631242,13.7001146788991,2.05656586101757,0.180715572004326
"GT_spanishjapanese_283from20gen_026from50gen_105from75gen_sim_1011.txt",414,38.0936231884058,6.99324879227053,5.82198667349047,5.7420199244669,7.01332177954603,13.7001146788991,2.01540255541664,0.183580563016621
"GT_spanishjapanese_283from50gen_030from75gen_054from20gen_sim_1040.txt",367,51.2195449591281,8.64979836512262,6.45281133976809,6.20148423005566,7.65928858322142,13.7001146788991,2.0433840777647,0.168876907673134
"GT_spanishjapanese_285from50gen_127from75gen_180from20gen_sim_1255.txt",592,48.7649206081081,8.58180912162162,6.1557792412965,6.05317719481222,7.33955898256504,13.7001146788991,2.02590337358237,0.175983248093194
"GT_spanishjapanese_286from50gen_sim_174.txt",286,53.8746678321678,8.96047202797203,6.56341124734808,6.34798537993761,7.69966232532711,13.6106315311222,1.94860523111051,0.166320691867391
"GT_spanishjapanese_286from75gen_083from50gen_sim_754.txt",369,73.316837398374,13.042891598916,6.0921959296768,5.8194792786337,7.17676902536716,13.3470899470899,1.85916415922375,0.177897629817912
"GT_spanishjapanese_287from50gen_sim_196.txt",287,54.0613066202091,9.01002090592334,6.5635886335429,6.30504106941537,7.68882954244196,13.6106315311222,1.99634438588426,0.166663025169193
"GT_spanishjapanese_288from75gen_sim_365.txt",288,79.2044305555556,14.2366145833333,6.01072999002811,5.66546147493428,7.16785267024687,12.8627423234753,1.85991940686615,0.17974517944861
"GT_spanishjapanese_289from20gen_078from75gen_132from50gen_sim_1419.txt",499,38.8413366733467,7.02745090180361,5.91948437239868,5.82965144820815,7.15718686728574,13.7001146788991,2.02191150991085,0.180927112805207
"GT_spanishjapanese_289from20gen_sim_120.txt",289,21.2482214532872,4.0998339100346,5.67660399081563,5.73550724637681,6.95816733067729,13.7001146788991,2.05127503553122,0.192949509635327
"GT_spanishjapanese_290from20gen_149from75gen_080from50gen_sim_1372.txt",519,42.995506743738,7.76938535645472,5.903159153841,5.78445438433623,7.0829761745464,13.7001146788991,2.00318519793222,0.180702262744846
"GT_spanishjapanese_290from50gen_101from75gen_137from20gen_sim_1352.txt",528,50.1434090909091,8.80291287878788,6.12471307838573,6.05317719481222,7.26435322489271,13.6106315311222,2.00387845398871,0.175554734677659
"GT_spanishjapanese_291from20gen_137from50gen_111from75gen_sim_1484.txt",539,42.1154860853432,7.45566233766234,5.99768242662234,5.86409448818898,7.16509882436666,13.7001146788991,2.00802546480369,0.177028998847457
"GT_spanishjapanese_291from75gen_170from50gen_119from20gen_sim_1409.txt",580,59.7545810344828,10.5606,6.07753576381178,6.0246277180223,7.24446963521463,12.8627423234753,1.94108860581713,0.176732893397843
"GT_spanishjapanese_293from20gen_sim_119.txt",293,21.212433447099,4.07208873720136,5.69586457659635,5.73731159643187,6.95816733067729,13.7001146788991,2.04941694320092,0.191967071923012
"GT_spanishjapanese_294from50gen_028from75gen_sim_755.txt",322,56.3570807453416,9.53592546583851,6.52946238531199,6.28640848034563,7.69966232532711,13.6106315311222,2.04132039135224,0.169205454571504
"GT_spanishjapanese_294from50gen_180from75gen_sim_586.txt",474,63.5439156118143,11.1052341772152,6.33657360820363,6.12163169612575,7.42947279122518,13.6106315311222,2.01749177863667,0.174764713038088
"GT_spanishjapanese_295from20gen_091from75gen_162from50gen_sim_1288.txt",548,40.1104635036496,7.23730291970803,5.94673712491485,6.03401799442364,7.17800946133306,13.7001146788991,1.99313881354152,0.180434287902196
"GT_spanishjapanese_295from50gen_027from20gen_sim_580.txt",322,51.1047919254658,8.52689751552795,6.53185242829151,6.28640848034563,7.69966232532711,13.6106315311222,1.97861771001824,0.166851232423841
"GT_spanishjapanese_295from50gen_052from75gen_sim_727.txt",347,57.6023141210375,9.90759654178674,6.4131658173981,6.16,7.57141687830908,13.6106315311222,1.9935303970243,0.171999974184515
"GT_spanishjapanese_296from75gen_sim_223.txt",296,78.9074966216216,14.3057972972973,5.96393394635677,5.63357818482633,7.16464318744606,12.8627423234753,1.85886668504981,0.181298329180264
"GT_spanishjapanese_297from50gen_sim_195.txt",297,54.0182053872054,8.98189898989899,6.57335594580885,6.30504106941537,7.73842560791318,13.6106315311222,1.98356074859005,0.166275405217857
"GT_spanishjapanese_298from20gen_028from75gen_034from50gen_sim_1215.txt",360,28.9668138888889,5.26930277777778,5.84865449300352,5.89669278421138,7.12967940466613,13.7001146788991,2.04910071176371,0.181908262261421
"GT_spanishjapanese_298from75gen_sim_482.txt",298,78.8793422818792,14.3002919463087,5.96444131747141,5.62137717325538,7.16555446128725,12.8627423234753,1.86061638419047,0.181293245260666
"GT_spanishjapanese_300from20gen_sim_278.txt",300,21.2315833333333,4.08255666666667,5.68448002600615,5.7349667379425,6.9486104601203,13.7001146788991,2.03346025921051,0.19228696242626
"GT_spanishjapanese_300from50gen_072from75gen_sim_998.txt",372,58.7908817204301,9.97302956989247,6.4493593005782,6.17321319338861,7.57097300713847,13.6106315311222,1.95383245556547,0.169635652299237
"GT_spanishjapanese_300from50gen_148from20gen_042from75gen_sim_1353.txt",490,46.7043428571429,7.91822653061224,6.27953908599936,6.15539547231531,7.45014818601658,13.6106315311222,2.01413818594777,0.169539405678657
